Planet Name,Mass,Radius,Mass Earth,Radius Earth,Number of Planets,Number of Stars
Kepler-1032 b,N/A,0.167+0.009−0.007,N/A,1.87+0.10−0.08,1,1
HD 154857 b,2.24±0.05,N/A,712±16,N/A,2,1
HD 154857 c,2.58±0.16,N/A,820±51,N/A,2,1
Kepler-994 b,N/A,0.143+0.006−0.024,N/A,1.60+0.07−0.27,1,1
Kepler-1350 b,N/A,0.225+0.014−0.022,N/A,2.52+0.16−0.25,2,1
Kepler-1350 c,N/A,0.154+0.011−0.016,N/A,1.73+0.12−0.18,2,1
Kepler-1268 b,N/A,0.18+0.06−0.02,N/A,2.0+0.7−0.2,1,1
KMT-2019-BLG-1339L b,1.2+1.0−0.7,N/A,397+331−232,N/A,1,1
KMT-2019-BLG-1715 b,2.6+1.1−1.2,N/A,814+359−369,N/A,1,1
TOI-1685 b,0.0119±0.0020,0.152±0.006,3.8±0.6,1.70±0.07,1,1
Kepler-1519 b,N/A,0.63+0.07−0.05,N/A,7.1+0.8−0.5,1,1
Kepler-791 b,N/A,0.27+0.12−0.06,N/A,3.0+1.3−0.7,1,1
Kepler-175 b,N/A,0.23+0.12−0.03,N/A,2.6+1.3−0.3,2,1
Kepler-175 c,N/A,0.28+0.14−0.05,N/A,3.2+1.6−0.6,2,1
OGLE-2017-BLG-0373L b,0.4+0.6−0.3,N/A,127+202−82,N/A,1,1
WASP-71 b,2.24±0.08,1.46±0.13,713±25,16.4±1.5,1,1
HD 1666 b,6.4+0.3−0.2,N/A,2044+99−70,N/A,1,1
Kepler-1205 b,N/A,0.126+0.009−0.008,N/A,1.41+0.10−0.09,1,1
KMT-2016-BLG-2605 b,0.8+1.2−0.4,N/A,245+376−127,N/A,1,1
LTT 3780 b,0.0082+0.0015−0.0014,0.119+0.006−0.007,2.6±0.5,1.33+0.07−0.08,2,1
LTT 3780 c,0.027+0.005−0.004,0.205+0.014−0.013,8.6+1.6−1.3,2.30+0.16−0.15,2,1
WASP-177 b,0.51±0.04,1.6+0.7−0.4,161±12,18+7−4,1,1
Kepler-1061 b,N/A,0.177+0.010−0.033,N/A,1.98+0.11−0.37,1,1
NGTS-18 b,0.41+0.08−0.06,1.21±0.18,130+26−20,14±2,1,1
WASP-170 b,1.6±0.2,1.10±0.09,509±64,12.3±1.0,1,1
HD 132563 B b,1.490,N/A,474,N/A,1,3
WASP-192 b,2.30±0.16,1.23±0.08,731±51,13.8±0.9,1,1
HAT-P-31 b,2.17,1.070,690,11.99,1,1
Kepler-1332 b,N/A,0.122+0.008−0.004,N/A,1.37+0.09−0.04,1,1
Kepler-626 b,N/A,0.204+0.025−0.018,N/A,2.3+0.3−0.2,1,1
HD 164595 b,0.051±0.008,N/A,16±3,N/A,1,1
HD 106906 b,12.3+0.8−0.7,N/A,3909+254−222,N/A,1,2
WISEA J083011.95+283716.0,8±4,N/A,2702±1430,N/A,1,1
WASP-67 b,0.420,1.400,133.5,15.69,1,1
Kepler-585 b,N/A,0.25+0.05−0.02,N/A,2.8+0.5−0.3,1,1
HIP 116454 b,0.037±0.004,0.231±0.016,11.8±1.3,2.58±0.18,1,1
Kepler-215 d,N/A,0.22±0.05,N/A,2.4±0.6,4,1
Kepler-215 b,N/A,0.15±0.04,N/A,1.7±0.4,4,1
Kepler-215 c,N/A,0.16±0.04,N/A,1.8±0.4,4,1
Kepler-215 e,N/A,0.16±0.04,N/A,1.8±0.4,4,1
Kepler-1437 b,N/A,0.122+0.015−0.012,N/A,1.37+0.17−0.13,1,1
K2-36 b,0.012±0.003,0.128±0.007,3.9±1.1,1.43±0.08,2,1
K2-36 c,0.025±0.007,0.28±0.03,8±2,3.2±0.3,2,1
Kepler-843 b,N/A,0.23+0.05−0.02,N/A,2.6+0.6−0.2,1,1
Kepler-192 b,N/A,0.25±0.04,N/A,2.8±0.5,3,1
Kepler-192 c,N/A,0.25±0.05,N/A,2.8±0.5,3,1
Kepler-192 d,N/A,0.091+0.009−0.006,N/A,1.02+0.10−0.07,3,1
Kepler-739 b,N/A,0.30+0.04−0.03,N/A,3.3+0.5−0.3,1,1
K2-367 b,0.0202,0.215+0.020−0.017,6.42,2.41+0.22−0.19,1,1
Kepler-1580 b,N/A,0.19±0.03,N/A,2.1±0.3,1,1
Kepler-1766 b,0.0183,0.203,5.82,2.28,1,1
HATS-10 b,0.53±0.08,0.97+0.06−0.04,167±26,10.9+0.7−0.5,1,1
K2-243 b,N/A,0.194+0.012−0.011,N/A,2.17+0.13−0.12,2,1
K2-243 c,N/A,0.179+0.013−0.012,N/A,2.01+0.15−0.13,2,1
HD 89839 b,5.0±0.8,1.150,1592+251−242,12.89,1,1
Kepler-1491 b,N/A,0.135+0.031−0.012,N/A,1.51+0.35−0.13,1,1
2M 1252+2735 b,6.9+0.2−0.6,N/A,2187+67−203,N/A,1,1
OGLE-2019-BLG-1470LAB b,2.2+1.8−1.3,N/A,699+572−413,N/A,1,1
HAT-P-49 b,1.7±0.2,1.41+0.13−0.08,550±65,15.8+1.4−0.9,1,1
WASP-131 b,0.27±0.02,1.22±0.05,86±6,13.7±0.6,1,1
OGLE-2018-BLG-1428L b,0.8+0.8−0.3,N/A,245+245−105,N/A,1,1
LP 714-47 b,0.097±0.005,0.42±0.03,30.8±1.5,4.7±0.3,1,1
TOI-2338 b,6.0±0.2,1.00±0.02,1901+67−64,11.2±0.2,1,1
Kepler-444 b,N/A,0.0367+0.0015−0.0013,N/A,0.412+0.016−0.014,5,3
Kepler-444 c,N/A,0.0453+0.0019−0.0015,N/A,0.508+0.021−0.017,5,3
Kepler-444 d,N/A,0.0483+0.0020−0.0017,N/A,0.541+0.022−0.019,5,3
Kepler-444 e,N/A,0.0498+0.0015−0.0014,N/A,0.558+0.017−0.015,5,3
Kepler-444 f,N/A,0.068±0.004,N/A,0.76±0.04,5,3
K2-247 b,N/A,0.189+0.017−0.014,N/A,2.12+0.19−0.16,2,1
K2-247 c,N/A,0.20±0.02,N/A,2.2±0.2,2,1
Kepler-1360 b,N/A,0.30+0.10−0.07,N/A,3.4+1.2−0.8,1,1
KOI-830 b,1.27±0.19,1.08±0.03,404±60,12.1±0.3,1,1
K2-353 b,0.0829,0.495+0.020−0.018,26.3,5.5±0.2,1,1
Kepler-686 b,N/A,1.08+0.18−0.09,N/A,12.2+2.0−1.0,1,1
Kepler-1446 b,N/A,0.073+0.004−0.002,N/A,0.82+0.04−0.02,1,1
K2-341 b,0.0327,0.286+0.022−0.017,10.39,3.21+0.25−0.19,1,1
Kepler-347 b,N/A,0.18±0.09,N/A,2.0±1.0,2,1
Kepler-347 c,N/A,0.16±0.08,N/A,1.8±0.9,2,1
WASP-118 b,0.51±0.02,1.44±0.04,163±6,16.1±0.4,1,1
Kepler-513 b,N/A,0.196+0.028−0.018,N/A,2.2+0.3−0.2,1,1
OGLE--2018-BLG-0516 b,0.06+0.05−0.03,N/A,20+16−11,N/A,1,1
Kepler-514 b,N/A,0.153+0.025−0.017,N/A,1.71+0.28−0.19,1,1
HD 9174 b,1.11±0.14,N/A,353±44,N/A,1,1
HD 28254 b,1.160,N/A,369,N/A,1,1
Kepler-617 b,N/A,0.118±0.006,N/A,1.32±0.07,1,1
KMT-2021-BLG-0909 b,1.3+1.0−0.7,N/A,400+318−210,N/A,1,1
NGTS-12 b,0.21±0.02,1.05±0.03,66±7,11.7±0.4,1,1
KELT-10 b,0.68±0.04,1.40+0.07−0.05,216±12,15.7+0.8−0.5,1,1
HAT-P-55 b,0.58±0.06,1.18±0.06,185±18,13.2±0.6,1,1
WASP-23 b,0.884,0.962,281,10.78,1,1
HD 30177 b,8.62+0.12−0.13,N/A,2740±40,N/A,2,1
HD 30177 c,8±3,N/A,2415±985,N/A,2,1
HIP 114933 b,1.94±0.17,N/A,617±54,N/A,1,1
MOA-2013-BLG-220L b,0.8±0.4,N/A,254±127,N/A,1,1
Kepler-742 b,N/A,0.289+0.010−0.015,N/A,3.24+0.11−0.17,1,1
WASP-80 b,0.55+0.03−0.04,0.95±0.03,176+10−12,10.7±0.3,1,1
Kepler-877 b,N/A,0.189+0.012−0.024,N/A,2.12+0.13−0.27,1,1
K2-166 c,N/A,0.109+0.019−0.015,N/A,1.22+0.21−0.17,2,1
K2-166 b,N/A,0.195+0.018−0.017,N/A,2.19+0.20−0.19,2,1
Kepler-1634 b,N/A,0.28±0.05,N/A,3.2+0.5−0.6,1,1
Kepler-904 b,N/A,0.16+0.05−0.02,N/A,1.8+0.6−0.2,1,1
TOI-178 b,0.0047+0.0012−0.0014,0.103±0.007,1.5±0.4,1.15±0.07,6,1
TOI-178 c,0.0150+0.0017−0.0021,0.149+0.010−0.009,4.8+0.5−0.7,1.67+0.11−0.10,6,1
TOI-178 d,0.009+0.002−0.003,0.229±0.007,3.0+0.7−0.9,2.57+0.07−0.08,6,1
TOI-178 e,0.012±0.003,0.197±0.008,3.9+1.1−1.0,2.21±0.09,6,1
TOI-178 f,0.024±0.005,0.204+9.640−0.010,7.7+1.7−1.5,2.29+108.05−0.11,6,1
TOI-178 g,0.012+0.004−0.005,0.256+0.013−0.012,3.9+1.3−1.6,2.87+0.14−0.13,6,1
alf Tau b,6.5±0.5,N/A,2056±168,N/A,1,2
WASP-150 b,8.5+0.3−0.2,1.07+0.02−0.03,2689+89−64,12.0±0.3,1,1
HAT-P-57 b,< 1.8500,1.41±0.05,< 587.9826,15.8±0.6,1,3
Kepler-523 b,N/A,0.175+0.007−0.005,N/A,1.96+0.08−0.06,1,1
HD 141937 b,9.70,N/A,3083,N/A,1,1
Kepler-275 c,N/A,0.31±0.06,N/A,3.5±0.7,3,1
Kepler-275 b,N/A,0.21±0.04,N/A,2.4±0.5,3,1
Kepler-275 d,N/A,0.30±0.07,N/A,3.4±0.8,3,1
Kepler-557 b,N/A,0.24+0.07−0.03,N/A,2.7+0.8−0.4,1,1
HD 220197 b,0.20+0.07−0.04,N/A,64+22−13,N/A,1,1
Kepler-356 c,N/A,0.16±0.03,N/A,1.8±0.3,2,1
Kepler-356 b,N/A,0.14±0.03,N/A,1.6±0.3,2,1
Kepler-342 b,N/A,0.21±0.04,N/A,2.3±0.4,4,1
Kepler-342 d,N/A,0.23±0.04,N/A,2.5±0.5,4,1
Kepler-342 c,N/A,0.18±0.03,N/A,2.0±0.4,4,1
Kepler-342 e,N/A,0.079+0.007−0.005,N/A,0.89+0.08−0.06,4,1
WASP-163 b,1.9±0.2,1.20±0.10,594±67,13.5±1.1,1,1
Kepler-1953 b,0.0069,0.1150,2.20,1.289,1,1
HIP 65407 b,0.43±0.03,N/A,136±10,N/A,2,1
HIP 65407 c,0.78±0.05,N/A,249±17,N/A,2,1
Kepler-1571 b,N/A,0.14+0.06−0.03,N/A,1.5+0.7−0.3,1,1
Kepler-131 b,0.051±0.011,0.220±0.018,16±3,2.5±0.2,2,1
Kepler-131 c,0.026±0.019,0.077±0.006,8±6,0.86±0.07,2,1
Kepler-1649 c,N/A,0.095+0.013−0.009,N/A,1.06+0.15−0.10,2,1
Kepler-1649 b,N/A,0.091±0.005,N/A,1.02±0.06,2,1
Kepler-1247 b,N/A,0.208+0.019−0.014,N/A,2.33+0.21−0.16,1,1
Kepler-1158 b,N/A,0.21±0.04,N/A,2.3±0.5,1,1
Qatar-7 b,1.9±0.2,1.70±0.03,598±79,19.1±0.3,1,1
Kepler-1019 b,N/A,0.130+0.004−0.014,N/A,1.46+0.04−0.16,1,1
HD 86264 b,7.00,N/A,2225,N/A,1,1
Kepler-1868 b,0.0317,0.281,10.08,3.15,1,1
K2-261 b,0.22±0.03,0.85+0.03−0.02,71±10,9.5+0.3−0.2,1,1
Kepler-1439 b,N/A,0.130+0.012−0.019,N/A,1.46+0.13−0.21,1,1
HATS-65 b,0.82±0.08,1.50±0.05,261±26,16.8±0.6,1,1
KMT-2021-BLG-1554L b,0.12+0.20−0.07,0.616,38+64−22,6.90,1,1
HR 8799 b,5.00,0.700,1589,7.85,4,1
HR 8799 c,7.00,1.000,2225,11.21,4,1
HR 8799 d,7.00,1.100,2225,12.33,4,1
HR 8799 e,7.00,1.000,2225,11.21,4,1
Kepler-627 b,N/A,0.33+0.14−0.07,N/A,3.7+1.6−0.8,1,1
Kepler-1027 b,N/A,0.079+0.004−0.002,N/A,0.89+0.04−0.02,1,1
TOI-1260 b,0.027+0.004−0.005,0.208±0.009,8.6+1.4−1.5,2.34±0.10,2,1
TOI-1260 c,0.037+0.011−0.010,0.252±0.013,12±3,2.82±0.15,2,1
Kepler-1204 b,N/A,0.27+0.08−0.03,N/A,3.0+0.9−0.3,1,1
OGLE-2014-BLG-0676L b,3.1+1.0−1.1,N/A,982+324−356,N/A,1,1
HD 189567 b,0.0316,N/A,10.04,N/A,1,1
Wolf 1069 b,0.0040±0.0007,N/A,1.3±0.2,N/A,1,1
HD 136925 b,0.84±0.08,N/A,267±25,N/A,1,1
2MASS J0219-3925 B,13.9±1.1,1.44±0.03,4418±350,16.1±0.3,1,1
GJ 1148 c,0.214+0.015−0.007,0.866,68+5−2,9.71,2,1
GJ 1148 b,0.304+0.004−0.003,1.070,96.7+1.4−1.0,11.99,2,1
Kepler-1466 b,N/A,0.138+0.024−0.015,N/A,1.55+0.27−0.17,1,1
K2-334 b,0.0854,0.50±0.03,27.1,5.6+0.4−0.3,1,1
DS Tuc A b,N/A,0.509±0.015,N/A,5.71±0.17,1,1
Kepler-1986 b,0.0133,0.263,4.23,2.95,1,1
Kepler-1339 b,N/A,0.063+0.005−0.004,N/A,0.71+0.06−0.04,1,1
Kepler-197 c,N/A,0.112±0.004,N/A,1.26±0.04,4,1
Kepler-197 d,N/A,0.111±0.009,N/A,1.25±0.10,4,1
Kepler-197 b,N/A,0.093±0.004,N/A,1.04±0.04,4,1
Kepler-197 e,N/A,0.083±0.004,N/A,0.93±0.04,4,1
Kepler-863 b,N/A,0.26+0.06−0.03,N/A,2.9+0.7−0.3,1,1
Kepler-1639 b,N/A,0.23+0.07−0.03,N/A,2.6+0.8−0.3,1,1
KELT-17 b,1.3±0.3,1.52+0.07−0.06,416+89−92,17.1±0.7,1,1
WASP-102 b,0.62±0.04,1.259±0.016,198±14,14.11±0.18,1,1
2MASS J22362452+4751425 b,12.5±1.5,N/A,3973±477,N/A,1,1
Kepler-1950 b,0.0093,0.1360,2.95,1.524,1,1
NGTS-4 b,0.065±0.009,0.28±0.02,21±3,3.2±0.3,1,1
Kepler-12 b,0.43±0.05,1.75+0.03−0.04,137±16,19.6+0.3−0.4,1,1
TOI-1518 b,< 2.3000,1.88±0.05,< 731.0053,21.0±0.6,1,1
HD 13931 b,1.92+0.08−0.07,N/A,610+25−22,N/A,1,1
Kepler-906 b,N/A,0.188±0.009,N/A,2.11±0.10,1,1
OGLE-2007-BLG-368L b,0.06+0.02−0.03,N/A,20+7−8,N/A,1,1
HATS-21 b,0.33+0.04−0.03,1.12+0.15−0.05,106+13−10,12.6+1.6−0.6,1,1
Kepler-1773 b,0.0380,0.313,12.08,3.51,1,1
GJ 433 b,0.0190±0.0019,N/A,6.0±0.6,N/A,3,1
GJ 433 c,0.102±0.020,N/A,32±6,N/A,3,1
GJ 433 d,0.016±0.003,N/A,5.2±0.9,N/A,3,1
HATS-16 b,3.27±0.19,1.30±0.15,1039±60,14.6±1.7,1,1
TOI-1468 c,0.021±0.002,0.184±0.004,6.6±0.7,2.06±0.04,2,1
TOI-1468 b,0.0101±0.0008,0.114±0.003,3.2±0.2,1.28±0.03,2,1
KOI-4427.01,N/A,0.208+0.017−0.020,N/A,2.33+0.19−0.22,1,1
WASP-88 b,0.56±0.08,1.70+0.13−0.07,178±25,19.1+1.5−0.8,1,1
GJ 3138 b,0.0132±0.0019,N/A,4.2±0.6,N/A,3,1
GJ 3138 c,0.0056+0.0011−0.0010,N/A,1.8±0.3,N/A,3,1
GJ 3138 d,0.033±0.007,N/A,10±2,N/A,3,1
K2-237 b,1.24±0.04,1.64±0.05,393±14,18.4±0.6,1,1
Kepler-881 b,N/A,0.16+0.04−0.03,N/A,1.8+0.4−0.3,1,1
Kepler-1844 b,0.0298,0.271,9.47,3.04,1,1
HD 27969 b,4.8±0.2,N/A,1526±76,N/A,1,1
EPIC 249893012 b,0.028±0.003,0.174+0.008−0.007,8.7±1.1,1.95+0.09−0.08,3,1
EPIC 249893012 c,0.046±0.006,0.327+0.015−0.012,14.7+1.8−1.9,3.67+0.17−0.13,3,1
EPIC 249893012 d,0.032±0.008,0.352+0.012−0.011,10±2,3.95+0.13−0.12,3,1
TOI-2498 b,0.109±0.013,0.54+0.03−0.02,35±4,6.1±0.3,1,1
Kepler-1714 b,0.0337,0.291,10.71,3.26,1,1
Kepler-1471 b,N/A,0.126+0.018−0.012,N/A,1.41+0.20−0.13,1,1
HAT-P-37 b,1.169,1.178,372,13.20,1,1
Kepler-1116 b,N/A,0.23+0.05−0.02,N/A,2.5+0.5−0.2,1,1
HIP 63242 b,9.18,N/A,2918,N/A,1,1
Kepler-1652 b,N/A,0.143±0.016,N/A,1.60±0.18,1,1
OGLE-2018-BLG-1185 b,0.026+0.025−0.015,N/A,8+8−5,N/A,1,1
K2-202 b,N/A,0.205+0.016−0.012,N/A,2.30+0.18−0.13,1,1
CoRoT-25 b,0.27±0.04,1.08+0.30−0.10,86±13,12.1+3.4−1.1,1,1
HD 149806 b,12+3−2,1.100,3878+982−759,12.33,1,1
WASP-87 b,2.18±0.15,1.39±0.06,693±48,15.5±0.7,1,1
WASP-73 b,1.88+0.07−0.06,1.16+0.12−0.08,598+22−19,13.0+1.3−0.9,1,1
Kepler-630 b,N/A,0.28±0.03,N/A,3.2±0.3,1,1
CI Tau b,12±2,N/A,3912±760,N/A,1,1
K2-203 b,N/A,0.122+0.025−0.011,N/A,1.37+0.28−0.12,1,1
WASP-54 b,0.636,1.653,202,18.53,1,1
Kepler-358 c,N/A,0.26+0.13−0.04,N/A,2.9+1.5−0.4,2,1
Kepler-358 b,N/A,0.25+0.12−0.03,N/A,2.8+1.4−0.4,2,1
TOI-858 B b,1.10+0.08−0.07,1.25±0.04,350+25−22,14.1±0.4,1,1
WASP-69 b,0.260±0.017,1.06±0.05,83±5,11.8±0.5,1,1
Kepler-915 b,N/A,0.134+0.029−0.017,N/A,1.50+0.33−0.19,1,1
Kepler-1046 b,N/A,0.153+0.011−0.010,N/A,1.71+0.12−0.11,1,1
HATS-74A b,1.46±0.14,1.03±0.02,464±44,11.6±0.2,1,1
HD 285507 b,0.92±0.03,N/A,291±10,N/A,1,1
WASP-175 b,0.99±0.13,1.21±0.08,315±41,13.5±0.9,1,1
Kepler-1069 b,N/A,0.143+0.028−0.012,N/A,1.60+0.31−0.13,1,1
KIC 9663113 b,N/A,0.41+0.05−0.06,N/A,4.6+0.6−0.7,2,1
KOI-179.01,N/A,0.29+0.11−0.04,N/A,3.3+1.2−0.4,2,1
Kepler-498 b,N/A,0.27+0.04−0.03,N/A,3.0+0.5−0.3,1,1
HD 74156 b,1.78±0.02,N/A,565±6,N/A,2,1
HD 74156 c,7.77±0.16,N/A,2470±51,N/A,2,1
HD 18143 b,0.033±0.006,0.288,10.5±1.9,3.23,2,1
HD 18143 c,9.8+2.2−1.7,1.110,3115+685−532,12.44,2,1
HIP 5763 b,0.510,N/A,162.1,N/A,1,1
Kepler-1818 b,0.0113,0.1530,3.59,1.715,1,1
Kepler-1096 b,N/A,0.111+0.033−0.007,N/A,1.24+0.37−0.08,1,1
WASP-104 b,1.27±0.05,1.14±0.04,404±15,12.7±0.4,1,1
TOI-172 b,5.4±0.2,0.96±0.03,1723+70−64,10.8+0.4−0.3,1,1
HD 215497 b,0.0200,N/A,6.36,N/A,2,1
HD 215497 c,0.330,N/A,104.9,N/A,2,1
K2-285 b,0.030±0.004,0.231±0.005,9.7+1.2−1.4,2.59±0.06,4,1
K2-285 c,0.049±0.007,0.315±0.007,16±2,3.53±0.08,4,1
K2-285 d,0.0204,0.221±0.005,6.50,2.48±0.06,4,1
K2-285 e,0.0337,0.174±0.004,10.70,1.95±0.04,4,1
TOI-4603 b,12.9±0.6,1.04±0.04,4097+184−181,11.7±0.4,1,1
Kepler-996 b,N/A,0.18+0.06−0.02,N/A,2.0+0.6−0.2,1,1
Kepler-294 c,N/A,0.25+0.12−0.02,N/A,2.8+1.3−0.3,2,1
Kepler-294 b,N/A,0.16±0.08,N/A,1.8±0.8,2,1
WASP-77 A b,1.760,1.210,559,13.56,1,2
KIC 7821010 b,2.60,N/A,826,N/A,1,1
Kepler-533 b,N/A,0.302+0.007−0.029,N/A,3.39+0.08−0.33,1,1
HATS-19 b,0.43±0.07,1.7+0.3−0.2,136±23,19+3−2,1,1
2MASS J2117-2940,7±2,1.38±0.05,2225±636,15.5±0.6,1,1
K2-283 b,N/A,0.314±0.014,N/A,3.52±0.16,1,1
EPIC 220674823 b,N/A,0.130±0.012,N/A,1.46±0.13,2,1
EPIC 220674823 c,N/A,0.226±0.012,N/A,2.53±0.13,2,1
CoRoT-24 b,< 0.0180,0.33±0.04,< 5.7209,3.7±0.4,2,1
CoRoT-24 c,0.09±0.04,0.44±0.04,28±11,4.9±0.4,2,1
WASP-65 b,1.55±0.16,1.11±0.06,493±51,12.5±0.7,1,1
Kepler-1577 b,N/A,0.101+0.004−0.010,N/A,1.13+0.04−0.11,1,1
MOA-2015-BLG-337L b,0.11+0.41−0.07,N/A,34+129−23,N/A,1,1
HAT-P-58 b,0.37±0.03,1.33±0.04,118±10,14.9±0.5,1,1
Kepler-984 b,N/A,0.189+0.012−0.010,N/A,2.12+0.13−0.11,1,1
KIC 10001893 b,N/A,N/A,N/A,N/A,3,1
KIC 10001893 c,N/A,N/A,N/A,N/A,3,1
KIC 10001893 d,N/A,N/A,N/A,N/A,3,1
Kepler-1992 b,0.0022,0.0920,0.693,1.031,1,1
Kepler-1128 b,N/A,0.33+0.05−0.03,N/A,3.7+0.5−0.3,1,1
HD 70642 b,2.00,N/A,636,N/A,1,1
Kepler-1296 b,N/A,0.081+0.008−0.005,N/A,0.91+0.09−0.06,1,1
Kepler-781 b,N/A,0.26+0.04−0.02,N/A,2.9+0.5−0.2,1,1
Kepler-1260 b,N/A,0.16+0.04−0.03,N/A,1.8+0.5−0.3,1,1
TYC 4282-00605-1 b,10.78±0.12,N/A,3426±38,N/A,1,1
TYC 3667-1280-1 b,5.4±0.4,N/A,1716±127,N/A,1,1
K2-355 b,0.0179,0.201+0.020−0.014,5.69,2.25+0.22−0.16,1,1
TOI-2641 b,0.39+0.02−0.04,1.6+0.5−0.6,123+7−11,18+5−7,1,1
TrES-5 b,1.778,1.209,565,13.55,1,1
HD 97048 b,2.5±0.5,N/A,795±159,N/A,1,1
KIC 3558849 b,N/A,0.62+0.09−0.08,N/A,6.9+1.0−0.9,2,1
KOI-4307.01,N/A,0.21+0.08−0.02,N/A,2.4+0.9−0.3,2,1
TOI-1478 b,0.85±0.05,1.06±0.04,269+17−15,11.9±0.4,1,1
Kepler-1014 b,N/A,0.213+0.019−0.022,N/A,2.4±0.2,1,1
HD 20782 b,1.43±0.03,N/A,454±10,N/A,3,2
HD 20781 b,0.038±0.004,N/A,12.0±1.1,N/A,3,2
HD 20781 c,0.050±0.004,N/A,15.8±1.2,N/A,3,2
Kepler-1563 b,N/A,0.067+0.011−0.007,N/A,0.75+0.12−0.08,1,1
HIP 67522 b,N/A,0.90±0.04,N/A,10.1±0.5,1,1
OGLE-2019-BLG-0954L b,14+10−8,N/A,4513+3147−2384,N/A,1,1
HAT-P-68 b,0.72±0.04,1.072±0.012,230±14,12.02±0.13,1,1
TOI-2587 A b,0.22±0.05,1.08±0.04,69+17−15,12.1+0.5−0.4,1,1
G 264-012 b,0.0079±0.0009,N/A,2.5±0.3,N/A,2,1
G 264-012 c,0.0118±0.0015,N/A,3.8±0.5,N/A,2,1
Kepler-1615 b,N/A,0.18+0.04−0.05,N/A,2.1+0.5−0.6,1,1
HAT-P-8 b,1.275,1.321,405,14.81,1,3
Kepler-1573 b,N/A,0.107+0.021−0.010,N/A,1.20+0.24−0.11,1,1
CoRoT-8 b,0.220,0.570,69.9,6.39,1,1
Kepler-738 b,N/A,0.223+0.018−0.015,N/A,2.50+0.20−0.17,1,1
TOI-1098 b,N/A,0.285±0.009,N/A,3.19±0.10,1,1
Kepler-527 b,N/A,0.25+0.12−0.04,N/A,2.8+1.3−0.5,1,1
OGLE-2016-BLG-1928,9.00 ·10-4,N/A,0.286,N/A,1,1
WASP-79 b,0.90±0.09,1.70±0.11,286±29,19.1±1.2,1,1
K2-378 b,0.0272,0.26±0.02,8.64,2.9+0.3−0.2,1,1
HD 116029 b,2.1±0.2,N/A,667±64,N/A,2,1
HD 116029 c,1.27±0.15,N/A,404±48,N/A,2,1
GJ 3942 b,0.0225±0.0019,N/A,7.1±0.6,N/A,1,1
Kepler-862 b,N/A,0.197+0.039−0.015,N/A,2.21+0.44−0.17,1,1
KOI-206 b,2.8±0.5,1.45±0.16,896±165,16.3±1.8,1,1
Kepler-836 b,N/A,0.24+0.06−0.03,N/A,2.7+0.6−0.3,1,1
11 UMi b,11.2±0.2,N/A,3560±78,N/A,1,1
HD 99109 b,0.502,N/A,159.5,N/A,1,1
MOA-2012-BLG-006L b,8+5−4,N/A,2670+1462−1240,N/A,1,1
K2-60 b,0.43±0.04,0.68±0.04,135±12,7.7±0.4,1,1
Kepler-233 b,N/A,0.22±0.06,N/A,2.5±0.7,2,1
Kepler-233 c,N/A,0.25±0.07,N/A,2.8±0.8,2,1
Kepler-381 c,N/A,0.10±0.02,N/A,1.1±0.3,2,1
Kepler-381 b,N/A,0.09±0.02,N/A,1.0±0.2,2,1
OGLE2-TR-L9 b,4.34,1.614,1379,18.09,1,1
Kepler-167 b,> 0.0076,0.144±0.004,> 2.3996,1.61+0.05−0.04,4,1
Kepler-167 c,> 0.0069,0.125±0.007,> 2.1994,1.40±0.08,4,1
Kepler-167 d,> 0.0038,0.107±0.004,> 1.2014,1.19±0.05,4,1
Kepler-167 e,> 0.3000,0.91±0.02,> 95.3485,10.1±0.2,4,1
Kepler-528 b,N/A,0.186+0.026−0.017,N/A,2.08+0.29−0.19,1,1
Kepler-1319 b,N/A,0.120+0.064−0.007,N/A,1.35+0.72−0.08,1,1
CoRoT-35 b,1.1±0.4,1.68±0.11,350±118,18.8±1.2,1,1
Kepler-560 b,N/A,0.153±0.008,N/A,1.71±0.09,1,1
Kepler-1231 b,N/A,0.127+0.027−0.011,N/A,1.42+0.30−0.12,1,1
Kepler-1336 b,N/A,0.18+0.03−0.04,N/A,2.0+0.3−0.4,2,1
Kepler-1336 c,N/A,0.15+0.02−0.03,N/A,1.7±0.3,2,1
TOI-837 b,1.200,0.77±0.09,381,8.6±1.0,1,1
Kepler-320 c,N/A,0.12±0.06,N/A,1.4±0.7,2,1
Kepler-320 b,N/A,0.10±0.05,N/A,1.2±0.6,2,1
Kepler-1059 b,N/A,0.154+0.011−0.013,N/A,1.73+0.12−0.15,1,1
2MASS J0718-6415,3.0±1.0,1.29±0.02,953±318,14.5±0.2,1,1
HD 155918 b,0.024+0.004−0.003,0.236,7.5+1.2−1.0,2.65,2,1
HD 155918 c,5.8±0.7,1.140,1850+236−215,12.78,2,1
TOI-2084 b,0.0210,0.220±0.012,6.67,2.47±0.13,1,1
Kepler-1629 b,N/A,0.069+0.013−0.007,N/A,0.77+0.15−0.08,1,1
K2-412 b,0.0161,0.189±0.009,5.12,2.12±0.10,1,1
K2-292 b,0.077±0.014,0.235+0.010−0.009,25±4,2.63+0.11−0.10,1,1
Kepler-494 b,N/A,0.64+0.12−0.09,N/A,7.1+1.3−1.0,1,1
ROXs 42 B b,10±4,N/A,3178±1271,N/A,1,2
Kepler-1547 b,N/A,0.080+0.025−0.011,N/A,0.90+0.28−0.12,1,1
HD 330075 b,0.620,N/A,197.1,N/A,1,1
BD+14 4559 b,1.470,N/A,467,N/A,1,1
Kepler-946 b,N/A,0.172+0.029−0.018,N/A,1.9+0.3−0.2,1,1
Kepler-1495 b,N/A,0.26+0.06−0.03,N/A,2.9+0.7−0.3,1,1
Kepler-1403 b,N/A,0.19+0.05−0.02,N/A,2.1+0.5−0.3,1,1
TOI-1422 b,0.028±0.006,0.3533±0.0009,8.9±1.9,3.960±0.010,2,1
TOI-1422 c,0.035±0.008,N/A,11±3,N/A,2,1
YBP401 b,0.42±0.05,N/A,133±16,N/A,1,1
Kepler-690 b,N/A,0.53+0.16−0.07,N/A,6.0+1.8−0.8,1,1
HD 106315 b,0.040±0.010,0.218±0.015,13±3,2.44±0.17,2,1
HD 106315 c,0.048±0.012,0.39±0.02,15±4,4.3±0.2,2,1
USco1621 A b,16±2,N/A,5085±636,N/A,1,1
Kepler-1605 b,N/A,0.096+0.008−0.007,N/A,1.08+0.09−0.08,1,1
Kepler-813 b,N/A,0.191+0.037−0.017,N/A,2.14+0.41−0.19,1,1
OGLE-2019-BLG-1053L b,0.008+0.004−0.003,0.1230,2.5+1.2−1.0,1.379,1,1
HAT-P-24 b,0.685,1.242,218,13.92,1,2
HD 120084 b,4.50,N/A,1430,N/A,1,1
TOI-1853 b,0.230±0.009,0.309±0.007,73±3,3.46±0.08,1,1
LHS 1140 b,0.0201±0.0014,0.146±0.004,6.4+0.5−0.4,1.64±0.04,2,1
LHS 1140 c,0.0055±0.0005,0.104±0.003,1.76+0.17−0.16,1.17±0.03,2,1
HD 75289 A b,0.420,N/A,133.5,N/A,1,2
Kepler-961 b,N/A,0.227+0.010−0.007,N/A,2.54+0.11−0.08,1,1
HIP 11915 b,0.99±0.06,N/A,315±19,N/A,1,1
Kepler-1147 b,N/A,0.23+0.07−0.04,N/A,2.6+0.8−0.5,1,1
Kepler-1009 b,N/A,0.19±0.02,N/A,2.2+0.3−0.2,1,1
HD 99283 b,0.97+0.06−0.25,N/A,308+19−79,N/A,1,1
Kepler-323 c,N/A,0.15±0.03,N/A,1.7±0.3,2,1
Kepler-323 b,N/A,0.13±0.03,N/A,1.5±0.3,2,1
Kepler-486 b,N/A,0.98+0.04−0.05,N/A,11.0+0.4−0.6,1,1
K2-52 b,N/A,1.61±0.20,N/A,18±2,1,1
TOI-2459 b,0.0284,0.263+0.008−0.006,9.03,2.95+0.09−0.07,1,1
Kepler-238 e,N/A,0.75+0.14−0.05,N/A,8.4+1.6−0.5,5,1
Kepler-238 d,N/A,0.28±0.05,N/A,3.1±0.6,5,1
Kepler-238 c,N/A,0.22±0.04,N/A,2.4±0.5,5,1
Kepler-238 b,N/A,0.16±0.04,N/A,1.8±0.4,5,1
Kepler-238 f,N/A,0.25±0.05,N/A,2.8±0.5,5,1
Kepler-909 b,N/A,0.131+0.014−0.010,N/A,1.47+0.16−0.11,1,1
HATS-54 b,0.76±0.10,1.07±0.05,242±32,12.0±0.6,1,1
HD 100655 b,1.700,N/A,540,N/A,1,1
Gliese 221 b,0.027±0.004,N/A,8.6±1.3,N/A,4,1
Gliese 221 c,0.17±0.03,N/A,54±10,N/A,4,1
Gliese 221 d,0.06+0.04−0.03,N/A,18+12−9,N/A,4,1
Gliese 221 e,0.010+0.005−0.004,N/A,3.3+1.5−1.4,N/A,4,1
WISE J1355-8258 b,9.00,N/A,2860,N/A,1,1
HD 217107 b,1.413±0.004,N/A,449.3±1.3,N/A,2,1
HD 217107 c,4.48+0.20−0.18,N/A,1424+64−57,N/A,2,1
MOA-2016-BLG-231 b,9+5−2,N/A,2860+1589−636,N/A,1,1
HATS-22 b,2.74±0.11,0.95+0.05−0.03,871±35,10.7+0.5−0.3,1,1
K2-344 b,0.0099,0.142+0.009−0.004,3.16,1.59+0.10−0.04,1,1
K2-167 b,N/A,0.25+0.05−0.04,N/A,2.8+0.5−0.4,1,1
TOI-3976 A b,0.17±0.04,1.09±0.04,56+12−11,12.3±0.4,1,1
Kepler-1656 b,0.153+0.013−0.012,0.45±0.05,49±4,5.0±0.5,1,1
KMT-2016-BLG-1820L b,5+5−2,N/A,1452+1599−680,N/A,1,1
K2-409 b,0.0211,0.221+0.016−0.014,6.71,2.48+0.18−0.16,1,1
WASP-160 B b,0.28±0.04,1.09+0.05−0.04,88±14,12.2±0.5,1,1
Kepler-156 c,N/A,0.232±0.017,N/A,2.60±0.19,2,1
Kepler-156 b,N/A,0.210±0.015,N/A,2.35±0.17,2,1
Kepler-565 b,N/A,0.33+0.04−0.02,N/A,3.6+0.5−0.3,1,1
Kepler-373 b,N/A,0.12±0.06,N/A,1.4±0.7,2,1
Kepler-373 c,N/A,0.11±0.06,N/A,1.3±0.6,2,1
TOI-3082 b,0.0409,0.327±0.013,13.00,3.67±0.15,1,1
HD 98649 b,6.80,N/A,2161,N/A,1,1
HD 95089 b,1.20±0.10,N/A,381±32,N/A,2,1
HD 95089 c,4.0+0.3−0.6,N/A,1262+105−188,N/A,2,1
GJ 338 B b,0.032+0.005−0.004,N/A,10.3+1.5−1.4,N/A,1,1
DMPP-3 A b,0.0081+0.0011−0.0018,N/A,2.6+0.3−0.6,N/A,1,1
HD 136352 b,0.0166,N/A,5.28,N/A,3,1
HD 136352 c,0.0358,N/A,11.38,N/A,3,1
HD 136352 d,0.0300,N/A,9.53,N/A,3,1
Kepler-1379 b,N/A,0.116+0.011−0.008,N/A,1.30+0.12−0.09,1,1
16 Cygni B b,1.77±0.05,N/A,563±16,N/A,1,3
HD 47366 b,2.30+0.13−0.18,N/A,731+41−57,N/A,2,1
HD 47366 c,1.88+0.12−0.14,N/A,598+38−44,N/A,2,1
Kepler-1515 b,N/A,0.85+0.07−0.06,N/A,9.6+0.8−0.6,1,1
TOI-444 b,0.0255,0.247±0.018,8.10,2.8±0.2,1,1
Kepler-224 c,N/A,0.28±0.02,N/A,3.2±0.3,4,1
Kepler-224 d,N/A,0.210±0.013,N/A,2.35±0.14,4,1
Kepler-224 b,N/A,0.127±0.008,N/A,1.42±0.09,4,1
Kepler-224 e,N/A,0.180±0.014,N/A,2.01±0.15,4,1
HIP 13044 b,1.250,N/A,397,N/A,1,1
Kepler-775 b,N/A,0.106±0.004,N/A,1.19±0.04,1,1
K2-242 b,N/A,0.227+0.019−0.017,N/A,2.54+0.21−0.19,1,1
Kepler-1658 b,5.9±0.5,1.07±0.05,1869+149−146,12.0±0.6,1,1
Kepler-1661 b,0.05±0.04,0.345±0.005,17±12,3.87±0.06,1,1
Kepler-376 c,N/A,0.16±0.03,N/A,1.8±0.4,2,1
Kepler-376 b,N/A,0.10±0.02,N/A,1.1±0.2,2,1
TOI-1696 b,< 0.1535,0.276±0.010,< 48.7867,3.09±0.11,1,1
AF Lep b,3.2+0.7−0.6,1.170,1017+222−191,13.11,1,1
Kepler-1115 b,N/A,0.152+0.026−0.018,N/A,1.7+0.3−0.2,1,1
Kepler-1581 b,N/A,0.071+0.012−0.008,N/A,0.80+0.13−0.09,1,1
Kepler-727 b,N/A,0.23±0.03,N/A,2.5±0.3,1,1
HD 27631 b,1.450,N/A,461,N/A,1,1
Gliese 3021 A b,3.37±0.09,N/A,1071±29,N/A,1,2
Kepler-299 c,N/A,0.24±0.06,N/A,2.7±0.6,4,1
Kepler-299 d,N/A,0.17±0.03,N/A,1.9±0.4,4,1
Kepler-299 b,N/A,0.12±0.02,N/A,1.3±0.3,4,1
Kepler-299 e,N/A,0.17±0.04,N/A,1.9±0.4,4,1
HATS-41 b,9.7±1.6,1.3+0.3−0.2,3083±509,15+3−2,1,1
HD 217850 b,22±3,N/A,6865±826,N/A,1,1
KELT-6 b,0.442±0.019,1.18±0.11,140±6,13.2±1.2,2,1
KELT-6 c,3.7±0.2,N/A,1179±67,N/A,2,1
Kepler-1067 b,0.0014,0.071+0.011−0.005,0.435,0.80+0.12−0.06,2,1
Kepler-1067 c,0.0116,0.1560,3.69,1.749,2,1
HAT-P-28 b,0.626,1.212,199.0,13.59,1,1
Kepler-1220 b,N/A,0.136+0.029−0.017,N/A,1.52+0.33−0.19,1,1
OGLE-2006-BLG-109L b,0.73±0.06,N/A,231±19,N/A,2,1
OGLE-2006-BLG-109L c,0.27±0.02,N/A,86±7,N/A,2,1
Kepler-59 b,0.0038,0.1002,1.217,1.124,2,1
Kepler-59 c,0.0128,0.1804,4.08,2.02,2,1
WASP-11 b,0.460,1.045,146.2,11.71,1,2
Kepler-649 b,N/A,0.202+0.012−0.011,N/A,2.26+0.13−0.12,1,1
Kepler-82 b,0.038±0.003,0.363+0.021−0.009,12.2+1.0−0.9,4.07+0.24−0.10,5,1
Kepler-82 c,0.044±0.004,0.476+0.029−0.012,13.9+1.3−1.2,5.34+0.33−0.13,5,1
Kepler-82 d,N/A,0.16±0.02,N/A,1.8±0.3,5,1
Kepler-82 e,N/A,0.22±0.03,N/A,2.5±0.4,5,1
Kepler-82 f,0.066±0.003,N/A,20.9±1.0,N/A,5,1
TOI-1298 b,0.36±0.03,0.84±0.02,113±10,9.4±0.2,1,1
TOI-2081 b,0.016+0.015−0.008,0.18+0.04−0.05,5+5−2,2.0±0.5,1,1
Kepler-1054 b,N/A,0.23+0.10−0.05,N/A,2.6+1.2−0.5,1,1
Kepler-641 b,N/A,0.17+0.03−0.02,N/A,1.8+0.3−0.2,1,1
HD 76920 b,3.93+0.14−0.15,N/A,1249+44−48,N/A,1,1
Kepler-280 b,N/A,0.13±0.06,N/A,1.5±0.7,2,1
Kepler-280 c,N/A,0.18±0.09,N/A,2.1±1.0,2,1
Kepler-1887 b,0.0279,0.261,8.87,2.93,1,1
OGLE-2018-BLG-0506 b,0.05+0.04−0.03,N/A,16+12−8,N/A,1,1
Kepler-1984 b,0.1170,0.0720,37.2,0.807,1,1
KIC 5479689 b,0.50+0.40−0.10,N/A,159+127−32,N/A,1,1
WASP-64 b,1.271,1.271,404,14.25,1,1
HD 136118 b,13.1±1.3,1.100,4175+419−413,12.33,1,1
Kepler-1999 b,0.0341,0.317,10.84,3.55,1,1
Kepler-1480 b,N/A,0.149+0.010−0.007,N/A,1.67+0.11−0.08,1,1
Kepler-298 b,N/A,0.179±0.009,N/A,2.00±0.10,3,1
Kepler-298 c,N/A,0.18±0.02,N/A,2.0±0.2,3,1
Kepler-298 d,N/A,0.228±0.018,N/A,2.6±0.2,3,1
HATS-46 b,0.17±0.06,0.90+0.06−0.04,55±20,10.1+0.7−0.5,1,1
Kepler-1774 b,0.0322,0.284,10.23,3.18,1,1
Kepler-468 b,N/A,1.19±0.03,N/A,13.3±0.3,1,1
Kepler-1552 b,N/A,0.220+0.010−0.009,N/A,2.47+0.11−0.10,1,1
TOI-3785 b,0.047+0.013−0.012,0.459±0.014,15±4,5.14±0.16,1,1
mu Leo b,2.4±0.4,N/A,763±127,N/A,1,1
Kepler-1286 b,N/A,0.192+0.040−0.016,N/A,2.15+0.45−0.18,1,1
TOI-1601 b,0.99±0.11,1.24+0.05−0.04,315±35,13.9+0.5−0.4,1,1
KOI-341 b,N/A,0.15+0.31−0.14,N/A,1.7+3.5−1.6,2,1
KOI-341 c,N/A,0.27+0.05−0.02,N/A,3.0+0.5−0.2,2,1
K2-332 b,0.0172,0.196+0.017−0.013,5.47,2.20+0.19−0.15,1,1
EPIC 206032309 b,N/A,0.090+0.021−0.012,N/A,1.01+0.24−0.13,1,1
Kepler-1610 b,N/A,0.144+0.017−0.012,N/A,1.61+0.19−0.13,1,1
Kepler-728 b,N/A,0.30+0.04−0.02,N/A,3.3+0.4−0.3,1,1
Kepler-831 b,N/A,0.113+0.009−0.006,N/A,1.27+0.10−0.07,1,1
TOI-733 b,0.018±0.002,0.178±0.008,5.7±0.7,2.00±0.09,1,1
Kepler-1238 b,N/A,0.17+0.08−0.04,N/A,1.9+0.9−0.4,1,1
Kepler-665 b,N/A,0.232±0.013,N/A,2.60±0.15,1,1
Kepler-219 b,N/A,0.27±0.04,N/A,3.0±0.5,3,1
Kepler-219 c,N/A,0.33±0.05,N/A,3.7±0.6,3,1
Kepler-219 d,N/A,0.26±0.04,N/A,2.9±0.5,3,1
GJ 514 b,0.016±0.003,0.1900,5.2±0.9,2.13,1,1
Kepler-1485 b,N/A,0.131+0.021−0.012,N/A,1.47+0.24−0.13,1,1
K2-401 b,0.0181,0.202+0.019−0.017,5.75,2.26+0.21−0.19,1,1
HD 114783 b,1.10±0.06,N/A,350±19,N/A,2,1
HD 114783 c,0.61+0.06−0.05,N/A,194+18−17,N/A,2,1
HD 190228 b,5.030+1.190−0.003,1.150,1598.7+378.2−1.0,12.89,1,1
HN Lib b,0.017±0.002,0.1960,5.5±0.8,2.20,1,1
HIP 38594 b,0.025±0.005,N/A,8.1±1.7,N/A,2,1
HIP 38594 c,0.15±0.02,N/A,48±7,N/A,2,1
Kepler-526 b,N/A,0.178+0.014−0.015,N/A,2.00+0.16−0.17,1,1
Kepler-283 b,N/A,0.19±0.02,N/A,2.2±0.3,2,1
Kepler-283 c,N/A,0.166±0.011,N/A,1.86±0.12,2,1
Kepler-834 b,N/A,0.180±0.009,N/A,2.02±0.10,1,1
Kepler-993 b,N/A,0.265+0.016−0.011,N/A,2.97+0.18−0.12,1,1
WASP-6 b,0.503,1.224,159.9,13.72,1,1
Kepler-318 b,N/A,0.43±0.08,N/A,4.8±0.8,2,1
Kepler-318 c,N/A,0.34±0.06,N/A,3.8±0.7,2,1
Kepler-441 b,N/A,0.15±0.02,N/A,1.6±0.2,1,1
Kepler-1611 b,N/A,0.072+0.014−0.006,N/A,0.81+0.16−0.07,1,1
Kepler-657 b,N/A,0.31+0.06−0.03,N/A,3.5+0.7−0.3,1,1
Kepler-620 b,N/A,0.30+0.11−0.06,N/A,3.3+1.2−0.7,1,1
Kepler-828 b,N/A,0.135+0.007−0.010,N/A,1.51+0.08−0.11,1,1
Kepler-1326 b,N/A,0.37+0.14−0.07,N/A,4.2+1.5−0.8,1,1
Kepler-653 b,N/A,0.17+0.03−0.02,N/A,2.0±0.3,2,1
Kepler-653 c,N/A,0.070+0.012−0.011,N/A,0.78+0.13−0.12,2,1
Kepler-225 c,N/A,0.168±0.009,N/A,1.88±0.10,2,1
Kepler-225 b,N/A,0.109±0.006,N/A,1.23±0.07,2,1
Kepler-499 b,N/A,0.194+0.022−0.014,N/A,2.17+0.25−0.16,1,1
K2-157 b,N/A,0.095+0.013−0.009,N/A,1.06+0.15−0.10,1,1
TOI-561 b,0.0050±0.0011,0.127±0.006,1.6±0.4,1.42±0.07,5,1
TOI-561 c,0.017±0.003,0.257±0.009,5.4±1.0,2.88±0.10,5,1
TOI-561 d,0.038±0.004,0.226±0.012,12.0±1.3,2.53±0.13,5,1
TOI-561 e,0.050±0.007,0.238±0.010,16±2,2.67±0.11,5,1
TOI-561 f,0.009+0.008−0.006,0.207±0.014,3.0+2.4−1.9,2.32±0.16,5,1
HD 188015 A b,1.260,N/A,400,N/A,1,2
Kepler-353 c,N/A,0.126±0.006,N/A,1.41±0.07,2,1
Kepler-353 b,N/A,0.081±0.005,N/A,0.91±0.06,2,1
Kepler-711 b,N/A,0.30+0.03−0.06,N/A,3.4+0.3−0.6,1,1
HAT-P-18 b,0.196±0.008,0.95±0.04,62±3,10.6±0.5,1,1
Kepler-529 b,N/A,0.166+0.022−0.015,N/A,1.86+0.25−0.17,2,1
Kepler-529 c,N/A,0.178+0.037−0.019,N/A,2.0+0.4−0.2,2,1
Gliese 504 b,> 19.0000,0.96±0.07,> 6038.7398,10.8±0.8,1,1
GJ 393 b,0.0054±0.0008,N/A,1.7±0.2,N/A,1,1
Kepler-329 c,N/A,0.18±0.03,N/A,2.0±0.3,2,1
Kepler-329 b,N/A,0.13±0.02,N/A,1.4±0.3,2,1
HD 34445 b,0.63±0.03,N/A,200±9,N/A,6,1
HD 34445 c,0.168±0.016,N/A,53±5,N/A,6,1
HD 34445 d,0.097±0.013,N/A,31±4,N/A,6,1
HD 34445 e,0.053±0.009,N/A,17±3,N/A,6,1
HD 34445 f,0.12±0.02,N/A,38±7,N/A,6,1
HD 34445 g,0.38±0.13,N/A,121±41,N/A,6,1
Kepler-437 b,N/A,0.191+0.020−0.015,N/A,2.14+0.22−0.17,1,1
Kepler-1209 b,N/A,0.135+0.029−0.016,N/A,1.51+0.33−0.18,1,1
K2-288 B b,N/A,0.17±0.03,N/A,1.9±0.3,1,2
MOA-bin-1L b,4±2,N/A,1176±667,N/A,1,1
Kepler-622 b,N/A,0.190+0.025−0.014,N/A,2.13+0.28−0.16,1,1
TOI-2000 b,0.035+0.008−0.007,0.241±0.014,11±2,2.70±0.16,2,1
TOI-2000 c,0.257+0.015−0.014,0.73±0.03,82+5−4,8.1±0.3,2,1
Kepler-34 (AB) b,0.220,0.764,69.9,8.56,1,2
HD 32963 b,0.70±0.03,N/A,222±10,N/A,1,1
Kepler-1952 b,0.0065,0.1110,2.07,1.244,1,1
Kepler-1459 b,N/A,0.121+0.009−0.007,N/A,1.36+0.10−0.08,1,1
Kepler-1883 b,0.0334,0.290,10.62,3.25,1,1
HIP 35173 b,0.040±0.009,N/A,13±3,N/A,1,1
HD 20003 b,0.0378,N/A,12.01,N/A,2,1
HD 20003 c,0.0422,N/A,13.41,N/A,2,1
Kepler-569 b,N/A,0.282+0.020−0.015,N/A,3.16+0.22−0.17,1,1
TrES-1 b,0.761,1.099,242,12.32,1,1
K2-240 c,N/A,0.161+0.027−0.009,N/A,1.80+0.30−0.10,2,1
K2-240 b,N/A,0.178+0.018−0.009,N/A,2.00+0.20−0.10,2,1
KOI-195 b,0.34±0.08,1.09±0.03,108±25,12.2±0.3,1,1
Kepler-1885 b,0.0091,0.1350,2.89,1.513,1,1
Kepler-178 b,N/A,0.26+0.11−0.02,N/A,3.0+1.3−0.3,3,1
Kepler-178 d,N/A,0.36+0.15−0.06,N/A,4.0+1.7−0.7,3,1
Kepler-178 c,N/A,0.26+0.11−0.02,N/A,2.9+1.3−0.2,3,1
Kepler-1217 b,N/A,0.178+0.043−0.017,N/A,2.00+0.48−0.19,1,1
Kepler-773 b,N/A,0.128+0.008−0.006,N/A,1.43+0.09−0.07,1,1
Kepler-19 b,0.026±0.005,N/A,8.4+1.6−1.5,N/A,3,1
Kepler-19 c,0.041±0.009,N/A,13±3,N/A,3,1
Kepler-19 d,0.071+0.004−0.018,N/A,22.5+1.2−5.6,N/A,3,1
HD 96700 b,0.0284,N/A,9.03,N/A,2,1
HD 96700 c,0.0400,N/A,12.71,N/A,2,1
Kepler-1799 b,0.0501,0.368,15.92,4.12,1,1
Kepler-945 b,N/A,0.23+0.04−0.02,N/A,2.6+0.5−0.2,1,1
Kepler-1377 b,N/A,0.112+0.008−0.007,N/A,1.26+0.09−0.08,1,1
Kepler-520 b,N/A,0.148+0.025−0.009,N/A,1.66+0.28−0.10,2,1
Kepler-520 c,N/A,0.095+0.006−0.004,N/A,1.06+0.07−0.04,2,1
HD 113996 b,6.3±1.0,N/A,2002±318,N/A,1,1
OGLE-TR-56 b,1.300,1.200,413,13.45,1,1
K2-320 b,N/A,0.234+0.021−0.013,N/A,2.62+0.24−0.15,1,1
NGTS-14 A b,0.092±0.012,0.44±0.03,29±4,4.9±0.3,1,2
K2-346 b,0.0180,0.202+0.017−0.009,5.72,2.26+0.19−0.10,1,1
WASP-172 b,0.47±0.10,1.57±0.10,149±32,17.6±1.1,1,1
Kepler-1693 b,N/A,0.1150,N/A,1.289,1,1
Kepler-644 b,N/A,0.28+0.10−0.05,N/A,3.1+1.2−0.6,1,1
Kepler-1592 b,N/A,0.14+0.06−0.03,N/A,1.5+0.7−0.3,1,1
Kepler-714 b,N/A,0.86+0.22−0.09,N/A,9.7+2.5−1.0,1,1
WTS-2 b,1.120±0.016,1.36±0.06,356±5,15.3±0.7,1,1
HD 142022 A b,5.10,N/A,1621,N/A,1,2
KMT-2021-BLG-1554 b,0.12+0.20−0.07,N/A,38+64−22,N/A,1,1
KMT-2019-BLG-1953L b,0.6+0.8−0.3,N/A,203+242−111,N/A,1,1
HIP 105854 b,8.2±0.2,N/A,2606±64,N/A,1,1
WASP-108 b,0.89±0.06,1.28±0.05,284±17,14.4±0.5,1,1
HD 31527 b,0.0363,N/A,11.54,N/A,3,1
HD 31527 c,0.0498,N/A,15.83,N/A,3,1
HD 31527 d,0.0519,N/A,16.50,N/A,3,1
WISE J033605.05-014350.4 b,8±4,1.120,2622±1351,12.55,1,1
K2-138 g,N/A,0.28+0.03−0.02,N/A,3.2±0.3,6,1
K2-138 b,N/A,0.133+0.013−0.012,N/A,1.49+0.15−0.13,6,1
K2-138 c,N/A,0.202+0.016−0.015,N/A,2.26+0.18−0.17,6,1
K2-138 d,N/A,0.219+0.017−0.016,N/A,2.45+0.19−0.18,6,1
K2-138 e,N/A,0.28±0.02,N/A,3.1±0.2,6,1
K2-138 f,N/A,0.244+0.021−0.019,N/A,2.7±0.2,6,1
Kepler-331 b,N/A,0.166±0.017,N/A,1.86±0.19,3,1
Kepler-331 c,N/A,0.168±0.017,N/A,1.88±0.19,3,1
Kepler-331 d,N/A,0.149±0.015,N/A,1.68±0.17,3,1
Kepler-815 b,N/A,0.367+0.017−0.029,N/A,4.11+0.19−0.33,1,1
Kepler-270 b,N/A,0.18±0.04,N/A,2.1±0.4,2,1
Kepler-270 c,N/A,0.16±0.03,N/A,1.8±0.4,2,1
K2-195 b,N/A,0.262+0.018−0.012,N/A,2.94+0.20−0.13,2,1
K2-195 c,N/A,0.230+0.024−0.013,N/A,2.58+0.27−0.15,2,1
EPIC 203311200 b,N/A,0.51±0.05,N/A,5.7±0.6,1,1
Kepler-636 b,N/A,0.397±0.012,N/A,4.45±0.13,1,1
HATS-17 b,1.34±0.07,0.78±0.06,425±21,8.7±0.6,1,1
TOI-564 b,1.46±0.10,1.0+0.7−0.3,465+32−31,11+8−3,1,1
HATS-8 b,0.138±0.019,0.87+0.12−0.07,44±6,9.8+1.4−0.8,1,1
HAT-P-30 b,0.71±0.03,1.34±0.07,226±9,15.0±0.7,1,2
HD 218566 b,0.21±0.02,N/A,67±6,N/A,1,1
HD 9446 b,0.700,N/A,222,N/A,2,1
HD 9446 c,1.820,N/A,578,N/A,2,1
Kepler-957 b,N/A,0.49±0.03,N/A,5.5±0.3,1,1
TOI-4010 d,0.120±0.010,0.551+0.012−0.013,38±3,6.18+0.13−0.15,4,1
TOI-4010 b,0.035±0.004,0.269±0.007,11.0±1.3,3.02±0.08,4,1
TOI-4010 e,2.18+0.21−0.20,1.190,692+66−63,13.34,4,1
TOI-4010 c,0.064±0.007,0.529+0.010−0.011,20±2,5.93+0.11−0.12,4,1
Kepler-42 b,N/A,0.0711,N/A,0.797,3,1
Kepler-42 c,N/A,0.0665,N/A,0.745,3,1
Kepler-42 d,N/A,0.0519,N/A,0.582,3,1
Kepler-1443 b,N/A,0.087+0.020−0.008,N/A,0.98+0.22−0.09,1,1
Kepler-903 b,N/A,0.18±0.03,N/A,2.0+0.3−0.4,2,1
Kepler-903 c,N/A,0.23±0.04,N/A,2.5±0.4,2,1
WASP-126 b,0.284,N/A,90.3,N/A,2,1
WASP-126 c,0.20±0.08,N/A,64±25,N/A,2,1
KMT-2019-BLG-1552L b,4.0+1.7−1.9,1.160,1287+550−588,13.00,1,1
Kepler-1869 b,0.0046,0.1000,1.456,1.121,1,1
Kepler-1327 b,N/A,0.161+0.052−0.018,N/A,1.8+0.6−0.2,1,1
Kepler-1475 b,N/A,0.26+0.09−0.04,N/A,2.9+1.0−0.5,1,1
KIC 7917485 b,11.8+0.8−0.6,N/A,3750+254−191,N/A,1,1
HD 221416 b,0.190±0.018,0.84±0.03,60±6,9.4±0.3,1,1
TOI-2406 b,0.029+0.022−0.013,0.262±0.015,9+7−4,2.94±0.17,1,1
Kepler-305 b,0.033+0.008−0.006,0.32+0.08−0.03,10.5+2.5−1.9,3.6+0.9−0.4,4,1
Kepler-305 c,0.019+0.008−0.007,0.29+0.07−0.03,6+3−2,3.3+0.8−0.3,4,1
Kepler-305 d,N/A,0.24±0.04,N/A,2.7±0.4,4,1
Kepler-305 e,N/A,0.1600,N/A,1.793,4,1
Kepler-930 b,N/A,0.19+0.08−0.04,N/A,2.1+0.9−0.4,1,1
K2-382 b,0.0156,0.185+0.014−0.012,4.96,2.07+0.16−0.13,1,1
HIP 4845 b,0.045±0.009,N/A,14±3,N/A,1,1
Kepler-1366 b,N/A,0.128±0.009,N/A,1.43±0.10,1,1
K2-230 b,N/A,0.172+0.027−0.018,N/A,1.93+0.30−0.20,1,1
Kepler-184 b,N/A,0.22+0.12−0.03,N/A,2.4+1.4−0.3,3,1
Kepler-184 c,N/A,0.180+0.101−0.010,N/A,2.01+1.13−0.11,3,1
Kepler-184 d,N/A,0.23+0.13−0.04,N/A,2.5+1.4−0.4,3,1
HD 209458 b,0.714±0.017,1.380±0.018,227±5,15.5±0.2,1,1
Kepler-1080 b,N/A,0.29+0.10−0.04,N/A,3.3+1.1−0.5,1,1
Kepler-1283 b,N/A,0.17+0.07−0.03,N/A,1.9+0.8−0.3,1,1
GJ 4276 b,0.052±0.003,N/A,16.6+0.9−1.0,N/A,1,1
HD 187085 b,0.750,N/A,238,N/A,1,1
Kepler-538 b,0.033±0.008,0.198+0.004−0.003,11+3−2,2.22+0.04−0.03,1,1
HD 156846 b,263,N/A,83589,N/A,1,2
TOI-2193 b,0.94±0.18,1.770,299±57,19.84,1,1
Kepler-702 b,N/A,0.82+0.07−0.05,N/A,9.2+0.8−0.6,1,1
HD 67087 b,3.1±0.2,N/A,973+70−64,N/A,2,1
HD 67087 c,5+10−4,N/A,1541+3178−1147,N/A,2,1
K2-146 c,0.0236±0.0003,0.195±0.006,7.49±0.10,2.19±0.07,2,1
K2-146 b,0.0182±0.0002,0.183±0.005,5.77±0.08,2.05±0.06,2,1
HAT-P-48 b,0.17±0.02,1.13±0.05,53±8,12.7±0.6,1,1
K2-279 b,N/A,0.108±0.012,N/A,1.21±0.13,1,1
MOA-2020-BLG-135L b,0.04+0.06−0.02,0.301,11+19−7,3.37,1,1
Kepler-1391 b,N/A,0.150+0.023−0.016,N/A,1.68+0.26−0.18,1,1
Kepler-1566 b,N/A,0.070+0.007−0.004,N/A,0.78+0.08−0.04,1,1
Wolf 1061 b,0.0043±0.0007,N/A,1.4±0.2,N/A,3,1
Wolf 1061 c,0.0134±0.0012,N/A,4.3±0.4,N/A,3,1
Wolf 1061 d,0.016±0.002,N/A,5.2±0.7,N/A,3,1
GJ 9827 b,0.0155±0.0015,0.141+0.002−0.003,4.9±0.5,1.58+0.02−0.03,3,1
GJ 9827 c,0.0026,0.111±0.002,0.839,1.24±0.02,3,1
GJ 9827 d,0.013±0.003,0.180±0.004,4.0±0.8,2.02±0.04,3,1
Kepler-203 b,N/A,0.23±0.05,N/A,2.6±0.5,3,1
Kepler-203 c,N/A,0.23±0.04,N/A,2.5±0.5,3,1
Kepler-203 d,N/A,0.13±0.03,N/A,1.5±0.3,3,1
Kepler-1091 b,N/A,0.130+0.032−0.017,N/A,1.46+0.36−0.19,1,1
EPIC 201170410 b,N/A,0.09+0.03−0.02,N/A,1.0±0.3,1,1
Kepler-824 b,N/A,0.17+0.06−0.02,N/A,1.9+0.7−0.2,1,1
2M 1938+4603 b,1.90±0.10,N/A,604±32,N/A,1,2
KMT-2022-BLG-0371L b,0.26+0.13−0.11,0.971,83+41−35,10.88,1,1
OGLE-2007-BLG-349L (AB) c,0.25±0.04,N/A,80±13,N/A,1,2
HD 41004 A b,2.54,N/A,807,N/A,1,3
Kepler-1289 b,N/A,0.14+0.04−0.02,N/A,1.5+0.5−0.2,1,1
Kepler-1304 b,N/A,0.204+0.017−0.047,N/A,2.29+0.19−0.53,1,1
Kepler-1092 b,N/A,0.18+0.03−0.02,N/A,2.1+0.4−0.2,1,1
K2-118 b,N/A,0.227+0.021−0.018,N/A,2.5±0.2,1,1
KOI-428 b,2.20,1.170,699,13.11,1,1
K2-85 b,N/A,0.114+0.010−0.007,N/A,1.28+0.11−0.08,1,1
K2-264 b,N/A,0.199±0.013,N/A,2.23±0.15,2,1
K2-264 c,N/A,0.238+0.018−0.017,N/A,2.67+0.20−0.19,2,1
Kepler-367 b,N/A,0.118±0.015,N/A,1.33±0.16,2,1
Kepler-367 c,N/A,0.109±0.015,N/A,1.23±0.16,2,1
Kepler-172 b,N/A,0.21±0.04,N/A,2.4±0.4,4,1
Kepler-172 c,N/A,0.26±0.05,N/A,2.9±0.5,4,1
Kepler-172 d,N/A,0.21±0.04,N/A,2.3±0.4,4,1
Kepler-172 e,N/A,0.25±0.05,N/A,2.8±0.6,4,1
KMT-2022-BLG-1013L b,0.31+0.46−0.16,1.080,99+146−51,12.11,1,1
Kepler-772 b,N/A,0.16+0.03−0.02,N/A,1.8+0.4−0.2,1,1
GJ 9714 b,9.6+2.8−1.9,1.110,3051+901−602,12.44,1,1
Kepler-102 e,0.028±0.006,0.202±0.006,8.9±2.0,2.27±0.07,5,1
Kepler-102 d,0.012±0.006,0.108±0.004,3.8±1.8,1.21±0.04,5,1
Kepler-102 f,< 0.0164,0.080±0.003,< 5.1990,0.90±0.03,5,1
Kepler-102 c,< 0.0094,0.0529±0.0018,< 2.9993,0.59±0.02,5,1
Kepler-102 b,< 0.0135,0.0428±0.0018,< 4.2993,0.48±0.02,5,1
K2-250 b,N/A,0.218+0.017−0.013,N/A,2.44+0.19−0.15,1,1
Kepler-1070 b,N/A,0.15+0.07−0.02,N/A,1.7+0.8−0.2,1,1
WASP-34 b,0.590±0.010,1.22+0.11−0.08,188±3,13.7+1.2−0.9,2,1
WASP-34 c,15+6−3,N/A,4755+1999−1077,N/A,2,1
Kepler-1149 b,N/A,0.128+0.023−0.015,N/A,1.43+0.26−0.17,1,1
GSC 06214-00210 b,17.0±1.0,N/A,5403±318,N/A,1,1
TRAPPIST-1 b,0.0032+0.0005−0.0000,0.100±0.003,1.017+0.154−0.014,1.12±0.03,7,1
TRAPPIST-1 c,0.0036±0.0004,0.098±0.003,1.16+0.14−0.13,1.10±0.03,7,1
TRAPPIST-1 d,( 9.3+1.2−1.1 )·10-4,0.070±0.002,0.30+0.04−0.03,0.78±0.02,7,1
TRAPPIST-1 e,0.0024±0.0002,0.081±0.002,0.77±0.08,0.91±0.03,7,1
TRAPPIST-1 f,0.0029+0.0003−0.0002,0.093±0.003,0.93±0.08,1.05±0.03,7,1
TRAPPIST-1 g,0.0036±0.0003,0.102±0.003,1.15±0.10,1.15±0.03,7,1
TRAPPIST-1 h,0.0010±0.0002,0.069±0.002,0.33+0.06−0.05,0.77±0.03,7,1
GJ 3998 b,0.0078±0.0008,N/A,2.5±0.3,N/A,2,1
GJ 3998 c,0.020±0.002,N/A,6.3±0.8,N/A,2,1
OGLE-2019-BLG-0468L b,3.4+1.8−1.2,1.170,1090+582−372,13.11,2,1
OGLE-2019-BLG-0468L c,10+5−4,1.110,3248+1735−1112,12.44,2,1
HD 102195 b,0.450,N/A,143.0,N/A,1,1
Kepler-1277 b,N/A,0.143+0.026−0.010,N/A,1.60+0.29−0.11,1,1
Kepler-1456 b,N/A,0.102+0.008−0.013,N/A,1.14+0.09−0.15,1,1
Kepler-1567 b,N/A,0.24+0.04−0.02,N/A,2.7+0.4−0.2,1,1
Kepler-313 b,N/A,0.23±0.03,N/A,2.6±0.3,2,1
Kepler-313 c,N/A,0.23±0.04,N/A,2.6±0.4,2,1
OGLE-2018-BLG-0740L b,4.8±0.6,N/A,1526±191,N/A,1,1
HD 5608 b,1.400,N/A,445,N/A,1,1
TOI-1807 b,N/A,0.165±0.004,N/A,1.85±0.04,1,1
Kepler-604 b,N/A,0.23+0.04−0.02,N/A,2.6+0.5−0.3,1,1
HD 33564 b,9.10,N/A,2892,N/A,1,1
TVLM 513-46546 b,0.4±0.2,N/A,121±76,N/A,1,1
91 Aquarii A b,3.20,N/A,1017,N/A,1,3
TrES-2,1.253,1.169,398,13.10,1,2
MOA-2012-BLG-505L b,0.021+0.033−0.011,N/A,7+11−4,N/A,1,1
Kepler-142 c,N/A,0.26±0.05,N/A,2.9±0.6,3,1
Kepler-142 b,N/A,0.18±0.04,N/A,2.0±0.4,3,1
Kepler-142 d,N/A,0.20±0.04,N/A,2.2±0.5,3,1
WASP-35 b,0.72±0.06,1.32±0.05,229±19,14.8±0.6,1,1
Kepler-1323 b,N/A,0.14+0.03−0.02,N/A,1.5+0.3−0.2,1,1
Kepler-521 b,N/A,0.28+0.03−0.02,N/A,3.2+0.3−0.2,1,1
NGTS-21 b,2.4±0.2,1.33±0.03,750±67,14.9±0.3,1,1
Kepler-807 b,N/A,0.93+0.18−0.10,N/A,10.4+2.0−1.1,1,1
Kepler-354 b,N/A,0.17±0.05,N/A,1.9±0.6,3,1
Kepler-354 d,N/A,0.11±0.04,N/A,1.3±0.4,3,1
Kepler-354 c,N/A,0.12±0.04,N/A,1.3±0.4,3,1
Kepler-1434 b,N/A,0.099+0.019−0.018,N/A,1.1±0.2,1,1
HAT-P-42 b,0.975,1.277,310,14.31,1,1
OGLE-2019-BLG-0679L b,3.3±1.9,1.170,1062±604,13.11,1,1
kappa CrB b,1.600,N/A,509,N/A,1,1
Kepler-817 b,N/A,0.81+0.18−0.10,N/A,9.0+2.1−1.1,1,1
Kepler-786 b,N/A,0.217+0.011−0.006,N/A,2.43+0.12−0.07,1,1
TOI-2589 b,3.50±0.10,1.08±0.03,1112±32,12.1±0.3,1,1
Kepler-1668 b,N/A,0.388,N/A,4.35,1,1
Psi-1 Draconis B b,1.53±0.10,N/A,486±32,N/A,1,3
Kepler-708 b,N/A,0.26+0.06−0.03,N/A,2.9+0.6−0.3,1,1
EPIC 201427007 b,0.0090,0.134±0.018,2.86,1.5±0.2,1,1
Kepler-1085 b,N/A,0.64+0.16−0.07,N/A,7.2+1.8−0.7,2,1
Kepler-1085 c,N/A,0.292,N/A,3.27,2,1
K2-377 b,0.0110,0.151+0.013−0.012,3.50,1.69+0.15−0.13,1,1
OGLE-2014-BLG-0319 b,0.6+0.4−0.3,N/A,181+114−99,N/A,1,1
KOI-680 b,0.84±0.15,1.99±0.18,267±48,22±2,1,1
Kepler-121 b,N/A,0.21+0.12−0.02,N/A,2.4+1.3−0.3,2,1
Kepler-121 c,N/A,0.21+0.11−0.02,N/A,2.3+1.3−0.3,2,1
Kepler-602 b,N/A,0.19+0.06−0.03,N/A,2.1+0.7−0.3,1,1
KELT-19 A b,4.07,1.91±0.11,1294,21.4±1.2,1,2
Kepler-988 b,N/A,0.185+0.042−0.014,N/A,2.07+0.47−0.16,1,1
Kepler-1226 b,N/A,0.129+0.023−0.013,N/A,1.45+0.26−0.15,1,1
Kepler-1951 b,0.0189,0.207,6.01,2.32,1,1
Kepler-1232 b,N/A,0.172+0.021−0.014,N/A,1.93+0.24−0.16,1,1
TOI-776 b,0.013±0.003,0.165±0.012,4.0±0.9,1.85±0.13,2,1
TOI-776 c,0.017±0.006,0.180±0.012,5.3±1.8,2.02±0.13,2,1
Kepler-421 b,N/A,0.379+0.017−0.015,N/A,4.25+0.19−0.16,1,1
Kepler-1488 b,0.0130,0.17+0.04−0.03,4.13,1.9±0.4,2,1
Kepler-1488 c,0.0106,0.1470,3.37,1.648,2,1
Kepler-595 b,0.055+0.022−0.012,0.3310±0.0010,17+7−4,3.710±0.011,2,1
Kepler-595 c,0.010+0.005−0.003,0.090±0.002,3.3+1.7−1.0,1.01±0.02,2,1
Kepler-1081 b,N/A,0.090+0.009−0.006,N/A,1.01+0.10−0.07,1,1
GJ 3323 b,0.0064±0.0008,N/A,2.0±0.3,N/A,2,1
GJ 3323 c,0.0073+0.0016−0.0015,N/A,2.3±0.5,N/A,2,1
CoRoT-2 b,3.31±0.16,1.47±0.03,1052±51,16.4±0.3,1,1
Kepler-1073 c,0.0105,0.146+0.030−0.016,3.34,1.64+0.34−0.18,3,1
Kepler-1073 b,0.0186,0.20+0.04−0.02,5.91,2.3+0.5−0.2,3,1
Kepler-1073 d,0.0089,0.1330,2.82,1.491,3,1
Kepler-1635 b,N/A,0.33+0.03−0.06,N/A,3.6+0.3−0.7,1,1
Kepler-1469 b,N/A,0.25+0.03−0.02,N/A,2.8+0.4−0.3,1,1
Kepler-106 c,0.033±0.010,0.23±0.03,10±3,2.6±0.3,4,1
Kepler-106 e,0.035±0.018,0.23±0.03,11±6,2.6±0.3,4,1
Kepler-106 b,< 0.0167,0.075±0.010,< 5.2988,0.84±0.11,4,1
Kepler-106 d,< 0.0255,0.087±0.012,< 8.0983,0.97±0.13,4,1
Kepler-1628 b,N/A,0.57+0.08−0.04,N/A,6.4+0.9−0.5,1,1
Kepler-1129 b,N/A,0.26+0.04−0.03,N/A,3.0+0.5−0.3,2,1
Kepler-1129 c,N/A,0.24+0.04−0.02,N/A,2.7+0.5−0.3,2,1
Kepler-707 b,N/A,0.119+0.008−0.009,N/A,1.33+0.09−0.10,1,1
Kepler-1494 b,N/A,0.27+0.04−0.05,N/A,3.1+0.5−0.6,1,1
TOI-674 b,0.074±0.010,0.469±0.015,23±3,5.26±0.17,1,1
K2-388 b,0.0409,0.33+0.03−0.02,13.00,3.7+0.3−0.2,1,1
Kepler-1540 b,N/A,0.222+0.017−0.012,N/A,2.49+0.19−0.13,1,1
omi CrB b,1.500,N/A,477,N/A,1,1
Kepler-125 b,N/A,0.216±0.009,N/A,2.42±0.10,2,1
Kepler-125 c,N/A,0.067±0.005,N/A,0.76±0.05,2,1
WASP-124 b,0.60±0.07,1.24±0.03,191±22,13.9±0.3,1,1
Kepler-1310 b,N/A,0.128+0.014−0.011,N/A,1.43+0.16−0.12,1,1
HATS-47 b,0.37+0.03−0.02,1.117±0.014,117+10−7,12.52±0.16,1,1
MASCARA-4 b,3.1±0.9,1.53+0.07−0.04,985±286,17.1+0.8−0.4,1,1
Kepler-1436 b,N/A,0.117+0.031−0.016,N/A,1.31+0.35−0.18,1,1
Kepler-404 b,N/A,0.12±0.05,N/A,1.3±0.6,2,1
Kepler-404 c,N/A,0.16±0.08,N/A,1.8±0.9,2,1
K2-291 b,0.020±0.004,0.142+0.008−0.006,6.5±1.2,1.59+0.09−0.07,1,1
HD 20367 b,1.070,N/A,340,N/A,1,1
GJ 273 b,0.0091±0.0008,N/A,2.9±0.3,N/A,2,1
GJ 273 c,0.0037±0.0005,N/A,1.18±0.16,N/A,2,1
K2-278 b,N/A,0.27±0.02,N/A,3.0±0.2,1,1
Kepler-147 c,N/A,0.22±0.04,N/A,2.5±0.5,2,1
Kepler-147 b,N/A,0.14±0.03,N/A,1.6±0.3,2,1
Kepler-68 b,0.026+0.008−0.007,0.206+0.005−0.008,8+3−2,2.31+0.06−0.09,3,2
Kepler-68 c,0.015+0.008−0.011,0.085+0.003−0.004,5±3,0.95±0.04,3,2
Kepler-68 d,0.95±0.04,N/A,301±11,N/A,3,2
HD 35759 b,3.76±0.17,N/A,1195±54,N/A,1,1
Kepler-116 b,N/A,0.31±0.06,N/A,3.5±0.7,2,1
Kepler-116 c,N/A,0.21±0.04,N/A,2.3±0.4,2,1
KMT-2021-BLG-1253L b,0.06+0.06−0.03,0.409,19+20−10,4.58,1,1
OGLE-2012-BLG-0838L b,0.17+0.12−0.83,N/A,53+38−264,N/A,1,1
KELT-12 b,0.95±0.14,1.79+0.18−0.17,302±44,20.1+2.0−1.9,1,1
KIC 8012732 b,N/A,0.9+0.4−0.3,N/A,10±4,1,1
Kepler-1820 b,0.0312,0.278,9.92,3.12,1,1
Kepler-210 c,N/A,0.436±0.004,N/A,4.89±0.05,2,1
Kepler-210 b,N/A,0.342±0.003,N/A,3.83±0.03,2,1
K2-379 b,0.0170,0.195+0.032−0.018,5.40,2.2+0.4−0.2,1,1
HD 126525 b,0.224,N/A,71.2,N/A,1,1
Kepler-45 b,0.51±0.09,0.96±0.11,161±29,10.8±1.2,1,1
Kepler-1066 b,N/A,0.21+0.04−0.03,N/A,2.4+0.5−0.3,1,1
Kepler-143 c,N/A,0.31±0.08,N/A,3.4±0.9,2,1
Kepler-143 b,N/A,0.22±0.05,N/A,2.5±0.6,2,1
WASP-16 b,0.855,1.008,272,11.30,1,1
Kepler-550 b,N/A,0.39+0.03−0.02,N/A,4.4±0.3,1,1
WASP-90 b,0.63±0.07,1.63±0.09,200±22,18.3±1.0,1,1
HD 155358 b,0.850,N/A,270,N/A,2,1
HD 155358 c,0.820,N/A,261,N/A,2,1
HD 102272 b,5.90,N/A,1875,N/A,2,1
HD 102272 c,2.60,N/A,826,N/A,2,1
HD 25171 b,0.950,N/A,302,N/A,1,1
OGLE-2016-BLG-1190L b,13.4+0.9−0.8,N/A,4253+280−261,N/A,1,1
HD 88133 b,0.220,N/A,69.9,N/A,1,1
HD 76700 b,0.1970,N/A,62.6,N/A,1,1
KMT-2018-BLG-1025L b,0.019+0.026−0.010,0.208,6+8−3,2.33,1,1
HD 60292 b,6.5±1.0,N/A,2066±318,N/A,1,1
Kepler-1345 b,N/A,0.21+0.10−0.04,N/A,2.4+1.1−0.5,1,1
KOI-4878 b,N/A,0.093+0.034−0.012,N/A,1.04+0.38−0.14,1,1
K2-108 b,0.187±0.014,0.47±0.05,59±4,5.3±0.5,1,1
38 Vir b,4.5±0.5,N/A,1433±159,N/A,1,1
TOI-913 b,0.0207,0.219+0.011−0.009,6.58,2.45+0.12−0.10,1,1
HD 215152 b,0.0057+0.0016−0.0020,N/A,1.8+0.5−0.6,N/A,4,1
HD 215152 c,0.0054+0.0019−0.0023,N/A,1.7+0.6−0.7,N/A,4,1
HD 215152 d,0.009±0.003,N/A,2.8+0.8−0.9,N/A,4,1
HD 215152 e,0.009+0.003−0.005,N/A,2.9+1.1−1.5,N/A,4,1
OGLE-2018-BLG-0298 b,0.14±0.07,N/A,44±22,N/A,1,1
GJ 180 b,0.020±0.002,N/A,6.5±0.7,N/A,3,1
GJ 180 c,0.020+0.012−0.013,N/A,6±4,N/A,3,1
GJ 180 d,0.024±0.003,N/A,7.6±1.1,N/A,3,1
Kepler-1033 b,N/A,0.224+0.037−0.016,N/A,2.51+0.41−0.18,1,1
Kepler-600 b,N/A,0.259+0.019−0.035,N/A,2.9+0.2−0.4,1,1
Kepler-190 b,N/A,0.142±0.010,N/A,1.59±0.11,2,1
Kepler-190 c,N/A,0.133±0.009,N/A,1.49±0.10,2,1
EPIC 201855371 b,N/A,0.205±0.018,N/A,2.3±0.2,1,1
Kepler-1679 b,N/A,0.1850,N/A,2.07,1,1
BD+20 1790 b,6.4±1.4,N/A,2025±429,N/A,1,1
K2-414 b,0.0062,0.109+0.009−0.007,1.977,1.22+0.10−0.08,2,1
K2-414 c,0.0138,0.172±0.006,4.39,1.93±0.07,2,1
Kepler-586 b,N/A,0.249+0.032−0.018,N/A,2.8+0.4−0.2,1,1
HAT-P-54 b,0.76±0.03,0.94±0.03,242±10,10.6±0.3,1,1
TOI-969 b,0.029±0.003,0.247+0.008−0.009,9.1±1.0,2.77+0.09−0.10,2,1
TOI-969 c,11.3+1.1−0.9,1.110,3591+350−286,12.44,2,1
Kepler-919 b,N/A,0.20+0.08−0.03,N/A,2.3+0.9−0.3,1,1
Kepler-1201 b,N/A,0.20+0.08−0.04,N/A,2.3+0.9−0.4,1,1
Kepler-1425 b,N/A,0.084+0.017−0.012,N/A,0.94+0.19−0.13,1,1
Kepler-1826 b,0.0087,0.1320,2.78,1.480,1,1
K2-191 b,N/A,0.141+0.024−0.012,N/A,1.58+0.27−0.13,1,1
Kepler-1574 b,N/A,0.115+0.025−0.013,N/A,1.29+0.28−0.15,1,1
Kepler-1685 b,N/A,0.230,N/A,2.58,1,1
Kepler-543 b,N/A,0.223+0.011−0.023,N/A,2.50+0.12−0.26,1,1
DMPP-1 b,0.076+0.004−0.005,N/A,24.3+1.2−1.6,N/A,4,1
DMPP-1 c,0.0302+0.0017−0.0050,N/A,9.6+0.5−1.6,N/A,4,1
DMPP-1 d,0.0105+0.0012−0.0011,N/A,3.3+0.4−0.3,N/A,4,1
DMPP-1 e,0.013+0.002−0.004,N/A,4.1+0.7−1.1,N/A,4,1
K2-147 b,N/A,0.123+0.015−0.013,N/A,1.38+0.17−0.15,1,1
Kepler-1236 b,N/A,0.191+0.016−0.020,N/A,2.14+0.18−0.22,1,1
Kepler-148 c,N/A,0.33+0.16−0.07,N/A,3.7+1.8−0.8,3,1
Kepler-148 b,N/A,0.16±0.08,N/A,1.8±0.9,3,1
Kepler-148 d,N/A,0.77+0.05−0.04,N/A,8.7+0.5−0.4,3,1
HD 145377 b,5.76±0.10,N/A,1831±32,N/A,1,1
K2-211 b,N/A,0.122+0.015−0.009,N/A,1.37+0.17−0.10,1,1
Kepler-1827 b,0.0129,0.1660,4.10,1.861,1,1
HD 39194 b,0.0117,N/A,3.72,N/A,3,1
HD 39194 c,0.0187,N/A,5.94,N/A,3,1
HD 39194 d,0.0162,N/A,5.15,N/A,3,1
WASP-61 b,2.06,1.240,655,13.90,1,1
K2-30 b,0.62±0.03,1.20±0.06,198±10,13.4±0.7,1,1
Kepler-413 b,0.21±0.07,0.396±0.009,67±22,4.44±0.10,1,2
Kepler-434 b,2.9±0.3,1.13+0.26−0.18,909±111,13+3−2,1,1
Kepler-509 b,N/A,0.222±0.005,N/A,2.49±0.06,1,1
CoRoTID 223977153 b,0.15±0.10,0.57+0.06−0.05,48±32,6.4+0.7−0.6,1,1
Kepler-37 b,N/A,0.027+0.005−0.006,N/A,0.30+0.05−0.07,4,1
Kepler-37 c,N/A,0.066+0.006−0.007,N/A,0.74+0.07−0.08,4,1
Kepler-37 d,N/A,0.1813,N/A,2.03,4,1
Kepler-37 e,N/A,N/A,N/A,N/A,4,1
WASP-136 b,1.51±0.08,1.38±0.16,480±25,15.5±1.8,1,1
HD 170469 b,0.670,N/A,213,N/A,1,1
HD 125390 b,22.2±1.0,N/A,7043±305,N/A,1,1
OGLE-2012-BLG-0724L b,0.5+0.5−0.3,N/A,149+172−83,N/A,1,1
K2-287 b,0.32±0.03,0.847±0.013,100±9,9.49±0.15,1,1
Kepler-1077 b,N/A,0.25+0.06−0.03,N/A,2.8+0.7−0.3,1,1
HATS-3 b,1.14±0.15,1.7±0.2,362±48,19±3,1,1
GJ 357 b,0.0058±0.0010,0.109±0.007,1.8±0.3,1.22±0.08,3,1
GJ 357 c,0.0107±0.0014,N/A,3.4±0.5,N/A,3,1
GJ 357 d,0.019±0.003,N/A,6.1±1.0,N/A,3,1
Kepler-1157 b,N/A,0.097+0.004−0.018,N/A,1.09+0.04−0.20,1,1
Kepler-678 b,N/A,0.46+0.06−0.03,N/A,5.1+0.7−0.3,1,1
Qatar-8 b,0.37±0.06,1.28±0.02,118±20,14.4±0.2,1,1
HD 222155 b,1.900,N/A,604,N/A,1,1
Kepler-1933 b,0.0055,0.1050,1.758,1.177,1,1
TOI-2842 b,0.37±0.05,1.15±0.05,118+17−15,12.8+0.6−0.5,1,1
alf Ari b,1.8±0.2,N/A,572±64,N/A,1,1
KMT-2019-BLG-1367L b,0.013+0.008−0.007,0.1650,4+3−2,1.849,1,1
Kepler-679 b,N/A,0.27+0.03−0.04,N/A,3.0+0.3−0.4,1,1
K2-154 b,N/A,0.178+0.019−0.010,N/A,2.00+0.21−0.11,2,1
K2-154 c,N/A,0.185+0.016−0.012,N/A,2.07+0.18−0.13,2,1
Kepler-351 c,N/A,0.29+0.14−0.05,N/A,3.3+1.6−0.6,3,1
Kepler-351 b,N/A,0.28+0.14−0.05,N/A,3.1+1.6−0.6,3,1
Kepler-351 d,N/A,0.243+0.017−0.027,N/A,2.72+0.19−0.30,3,1
Kepler-1038 b,N/A,0.32+0.05−0.04,N/A,3.5+0.5−0.4,1,1
Kepler-452 b,N/A,0.149+0.021−0.018,N/A,1.7±0.2,1,1
HD 45350 b,1.790,N/A,569,N/A,1,1
Kepler-931 b,N/A,0.119+0.012−0.008,N/A,1.33+0.13−0.09,1,1
HIP 75092 b,1.79±0.16,N/A,569±51,N/A,1,1
Kepler-646 b,N/A,0.178+0.033−0.017,N/A,2.00+0.37−0.19,1,1
Kepler-1008 b,N/A,0.114+0.006−0.004,N/A,1.28+0.07−0.04,1,1
Kepler-149 b,N/A,0.38±0.05,N/A,4.3±0.6,3,1
Kepler-149 d,N/A,0.36±0.06,N/A,4.0±0.7,3,1
Kepler-149 c,N/A,0.15±0.02,N/A,1.6±0.2,3,1
Kepler-191 c,N/A,0.17±0.08,N/A,1.9±0.9,3,1
Kepler-191 b,N/A,0.12±0.06,N/A,1.4±0.7,3,1
Kepler-191 d,N/A,0.203+0.014−0.012,N/A,2.28+0.16−0.13,3,1
Kepler-1517 b,N/A,0.87+0.25−0.17,N/A,9.8+2.8−1.9,1,1
Kepler-380 b,N/A,0.11±0.02,N/A,1.2±0.2,2,1
Kepler-380 c,N/A,0.12±0.03,N/A,1.3±0.3,2,1
Kepler-683 b,N/A,0.176+0.030−0.015,N/A,1.97+0.34−0.17,1,1
Kepler-991 b,N/A,0.227+0.012−0.011,N/A,2.54+0.13−0.12,1,1
Kepler-740 b,N/A,0.41+0.05−0.02,N/A,4.6+0.5−0.3,1,1
K2-281 b,N/A,0.730±0.019,N/A,8.2±0.2,1,1
Kepler-1189 b,N/A,0.16+0.05−0.04,N/A,1.8±0.5,1,1
Kepler-399 d,N/A,0.1722+0.0920−0.0009,N/A,1.931+1.032−0.010,3,1
Kepler-399 b,N/A,0.09±0.05,N/A,1.0±0.5,3,1
Kepler-399 c,N/A,0.13±0.07,N/A,1.5±0.8,3,1
2MASS J0642+4101,12.0±1.0,1.230,3814±318,13.79,1,1
TOI-4342 b,N/A,0.202±0.003,N/A,2.27±0.04,2,1
TOI-4342 c,N/A,0.215±0.004,N/A,2.41±0.04,2,1
Kepler-9 b,0.250±0.010,0.84±0.07,79±3,9.4±0.8,3,1
Kepler-9 c,0.170±0.010,0.82±0.07,54±3,9.2±0.8,3,1
Kepler-9 d,0.0220,0.1470,6.99,1.648,3,1
HD 43197 b,0.600,N/A,190.7,N/A,1,1
Kepler-14 b,8.40,1.136,2670,12.73,1,1
BD+60 1417 b,15±5,1.31±0.06,4767±1589,14.7±0.7,1,1
Kepler-319 c,N/A,0.24±0.03,N/A,2.7±0.4,3,1
Kepler-319 d,N/A,0.21±0.03,N/A,2.3±0.4,3,1
Kepler-319 b,N/A,0.15±0.02,N/A,1.7±0.2,3,1
Kepler-36 b,0.0135,0.1378,4.28,1.544,2,1
Kepler-36 c,0.0254,0.335,8.08,3.76,2,1
K2-318 b,N/A,0.148±0.012,N/A,1.66±0.13,1,1
Kepler-187 c,N/A,0.24±0.05,N/A,2.7±0.5,2,1
Kepler-187 b,N/A,0.13±0.03,N/A,1.4±0.3,2,1
HD 66141 b,6.00,N/A,1907,N/A,1,1
KOI-135 b,3.2±0.3,1.22+0.07−0.06,1027±83,13.7+0.8−0.7,1,1
Kepler-1028 b,N/A,0.119+0.013−0.010,N/A,1.33+0.15−0.11,1,1
TOI-2570 b,0.82+0.06−0.07,1.22+0.04−0.03,261+20−21,13.6±0.4,1,1
Kepler-913 b,N/A,0.184+0.007−0.005,N/A,2.06+0.08−0.06,1,1
HD 2952 b,1.600,N/A,509,N/A,1,1
TOI-1452 b,0.015±0.004,0.149±0.006,4.8±1.3,1.67±0.07,1,1
WASP-3 b,2.06,1.454,655,16.30,1,2
Kepler-1854 b,0.0227,0.231,7.21,2.59,1,1
K2-87 b,N/A,0.68±0.04,N/A,7.6±0.4,1,1
2M 2206-20 b,30.0,1.300,9535,14.57,1,1
Kepler-796 b,N/A,0.12+0.03−0.02,N/A,1.3+0.4−0.2,1,1
81 Cet b,5.30,N/A,1684,N/A,1,1
Kepler-1586 b,N/A,0.14+0.06−0.03,N/A,1.5+0.7−0.3,1,1
2M 2140+16 b,20.0,0.920,6357,10.31,1,1
Kepler-954 b,N/A,0.207+0.004−0.010,N/A,2.32+0.04−0.11,1,1
Kepler-154 b,N/A,0.21±0.04,N/A,2.3±0.4,5,1
Kepler-154 c,N/A,0.27±0.06,N/A,3.0±0.6,5,1
Kepler-154 d,N/A,0.34+0.03−0.02,N/A,3.8+0.3−0.2,5,1
Kepler-154 e,N/A,0.134+0.012−0.011,N/A,1.50+0.13−0.12,5,1
Kepler-154 f,N/A,0.134+0.030−0.019,N/A,1.5+0.3−0.2,5,1
Kepler-307 b,0.023±0.003,0.29+0.12−0.03,7.4±0.9,3.3+1.3−0.3,3,1
Kepler-307 c,0.0115+0.0021−0.0018,0.255+0.104−0.013,3.6+0.7−0.6,2.86+1.16−0.14,3,1
KOI-1576.03,N/A,0.15±0.06,N/A,1.7±0.7,3,1
KMT-2022-BLG-0440L b,0.05+0.03−0.02,0.361,15+10−7,4.05,1,1
KMT-2021-BLG-2478L b,0.9+0.4−0.2,1.240,286+133−76,13.90,1,1
TOI-1052 c,0.108+0.013−0.012,0.578,34±4,6.48,2,1
TOI-1052 b,0.053±0.005,0.26+0.03−0.02,16.9±1.7,2.9+0.3−0.2,2,1
TOI-1442 b,0.0050+0.0035−0.0016,0.104±0.005,1.6+1.1−0.5,1.17±0.06,1,1
Kepler-1063 b,N/A,0.133+0.036−0.017,N/A,1.49+0.40−0.19,1,1
Kepler-46 b,N/A,0.657+0.367−0.003,N/A,7.36+4.12−0.03,3,1
Kepler-46 c,0.376+0.021−0.019,N/A,120+7−6,N/A,3,1
Kepler-46 d,N/A,0.15±0.08,N/A,1.7±0.9,3,1
OGLE-2018-BLG-1011L b,1.8+3.4−1.1,N/A,572+1081−350,N/A,2,1
OGLE-2018-BLG-1011L c,2.8+5.1−1.7,N/A,890+1621−540,N/A,2,1
Kepler-1243 b,N/A,0.156+0.025−0.015,N/A,1.75+0.28−0.17,1,1
Kepler-1264 b,N/A,0.105+0.020−0.011,N/A,1.18+0.22−0.12,1,1
CoRoT-6 b,3.0±0.3,1.17±0.04,941±108,13.1±0.4,1,1
Kepler-588 b,N/A,0.23+0.04−0.02,N/A,2.6+0.5−0.2,1,1
Kepler-62 b,N/A,0.1194,N/A,1.338,5,1
Kepler-62 c,N/A,0.0492,N/A,0.552,5,1
Kepler-62 d,N/A,0.1777,N/A,1.992,5,1
Kepler-62 e,N/A,0.1467,N/A,1.645,5,1
Kepler-62 f,N/A,0.1285,N/A,1.440,5,1
TOI-1181 b,1.18±0.14,1.30±0.08,375±44,14.6±0.9,1,1
Kepler-485 b,N/A,1.29+0.30−0.14,N/A,14.4+3.4−1.6,1,1
Kepler-1987 d,0.0238,0.291,7.56,3.26,4,1
Kepler-1987 e,0.0137,0.219,4.35,2.45,4,1
Kepler-1987 b,0.0064,0.1350,2.04,1.513,4,1
Kepler-1987 c,0.0073,0.1510,2.33,1.693,4,1
Kepler-18 b,0.0217,0.1790,6.90,2.01,3,1
Kepler-18 c,0.0540,0.490,17.16,5.49,3,1
Kepler-18 d,0.0520,0.620,16.53,6.95,3,1
HATS-77 b,1.37+0.10−0.07,1.17±0.02,437+32−24,13.1±0.2,1,1
Kepler-916 b,N/A,0.157±0.012,N/A,1.76±0.13,1,1
Kepler-1692 b,N/A,0.0990,N/A,1.110,1,1
HD 185283 b,1.30+0.30−0.10,1.220,413+95−32,13.67,1,1
Kepler-522 b,N/A,0.62+0.13−0.11,N/A,6.9+1.5−1.2,1,1
Kepler-1419 b,N/A,0.26+0.06−0.03,N/A,2.9+0.7−0.3,1,1
WASP-132 b,0.41±0.03,0.87±0.03,130±10,9.8±0.3,1,1
Kepler-1478 b,N/A,0.154+0.042−0.017,N/A,1.73+0.47−0.19,1,1
K2-219 b,N/A,0.120+0.018−0.016,N/A,1.35+0.20−0.18,3,1
K2-219 c,N/A,0.129+0.019−0.017,N/A,1.44+0.21−0.19,3,1
K2-219 d,N/A,0.23±0.03,N/A,2.6+0.4−0.3,3,1
Kepler-737 b,N/A,0.175±0.010,N/A,1.96±0.11,1,1
Kepler-516 b,N/A,0.51+0.13−0.10,N/A,5.7+1.4−1.2,1,1
eps Tau b,7.6±0.2,N/A,2415±64,N/A,1,1
Kepler-1609 b,N/A,0.20+0.08−0.03,N/A,2.2+0.9−0.3,1,1
Kepler-1530 b,N/A,0.146+0.019−0.010,N/A,1.64+0.21−0.11,2,1
Kepler-1530 c,N/A,0.147+0.021−0.010,N/A,1.65+0.24−0.11,2,1
Kepler-1920 b,0.0284,0.264,9.03,2.96,1,1
HD 121504 b,1.220,N/A,388,N/A,1,1
2MASS J01033563-5515561 A b,13.0±1.0,N/A,4132±318,N/A,1,1
Kepler-1772 b,0.0242,0.240,7.69,2.69,1,1
HD 8574 b,2.11,N/A,671,N/A,1,1
HD 104985 b,8.30,N/A,2638,N/A,1,1
HD 9578 b,0.620,N/A,197.1,N/A,1,1
Kepler-625 b,N/A,0.178+0.005−0.004,N/A,2.00+0.06−0.04,2,1
Kepler-625 c,N/A,0.094+0.004−0.003,N/A,1.05+0.04−0.03,2,1
K2-149 b,N/A,0.146+0.018−0.016,N/A,1.64+0.20−0.18,1,1
HD 150706 b,2.71,N/A,861,N/A,1,1
Kepler-316 c,N/A,0.106±0.011,N/A,1.18±0.12,2,1
Kepler-316 b,N/A,0.097±0.010,N/A,1.08±0.11,2,1
EPIC 201445392 b,N/A,0.32±0.06,N/A,3.6±0.7,2,1
EPIC 201445392 c,N/A,0.21±0.03,N/A,2.4±0.3,2,1
PTFO 8-8695 b,< 3.0000,1.9±0.2,< 953.4852,21±2,2,1
CVSO 30 c,5+4−2,1.6+0.9−0.3,1494+1144−636,18+10−4,2,1
Kepler-96 b,< 0.0377,0.24±0.02,< 11.9974,2.7±0.2,1,1
Kepler-1614 b,N/A,0.133+0.011−0.013,N/A,1.49+0.12−0.15,1,1
K2-133 e,N/A,0.154±0.012,N/A,1.73±0.13,4,1
K2-133 b,N/A,0.120±0.007,N/A,1.35±0.08,4,1
K2-133 c,N/A,0.143±0.008,N/A,1.60±0.09,4,1
K2-133 d,N/A,0.179±0.010,N/A,2.01±0.11,4,1
OGLE-2018-BLG-1647L b,1.0+1.8−0.6,1.230,308+566−178,13.79,1,1
K2-251 b,N/A,0.210+0.023−0.019,N/A,2.4+0.3−0.2,1,1
K2-339 b,0.0137,0.171+0.017−0.011,4.35,1.92+0.19−0.12,1,1
Kepler-1596 b,N/A,0.170+0.022−0.015,N/A,1.91+0.25−0.17,1,1
K2-182 b,N/A,0.247+0.015−0.009,N/A,2.77+0.17−0.10,1,1
TOI-2497 b,5.2±0.5,1.00±0.04,1656±165,11.2±0.4,1,1
HAT-P-3 b,0.591,0.827,187.8,9.27,1,1
KIC 12557548 b,N/A,< 0.7200,N/A,< 8.0705,1,1
WASP-29 b,0.244,0.792,77.6,8.88,1,1
Kepler-587 b,N/A,0.199+0.057−0.015,N/A,2.23+0.64−0.17,1,1
KOI-3680.01,2.20,0.95+0.36−0.08,699,10.6+4.0−0.9,1,1
Gliese 581 b,0.0497±0.0009,N/A,15.8±0.3,N/A,6,1
Gliese 581 c,0.0173±0.0009,N/A,5.5±0.3,N/A,6,1
Gliese 581 d,0.0190,N/A,6.04,N/A,6,1
Gliese 581 e,0.0061,N/A,1.939,N/A,6,1
Gliese 581 f,0.0220,N/A,7.00,N/A,6,1
Gliese 581 g,0.0098,N/A,3.10,N/A,6,1
HD 139357 b,10±2,N/A,3102±683,N/A,1,1
Kepler-1440 b,N/A,0.112+0.021−0.012,N/A,1.26+0.24−0.13,1,1
HIP 107773 b,2.0±0.2,N/A,629±67,N/A,1,1
HAT-P-29 b,0.778,1.107,247,12.41,1,1
Kepler-204 b,N/A,0.23±0.05,N/A,2.6±0.6,2,1
Kepler-204 c,N/A,0.16±0.04,N/A,1.8±0.4,2,1
TOI-262 b,0.0155,0.185±0.013,4.93,2.07±0.15,1,1
Kepler-816 b,N/A,0.91+0.06−0.05,N/A,10.2+0.7−0.5,1,1
Kepler-675 b,N/A,0.218+0.021−0.014,N/A,2.44+0.24−0.16,1,1
Kepler-431 b,N/A,0.0682,N/A,0.764,3,1
Kepler-431 c,N/A,0.0596,N/A,0.668,3,1
Kepler-431 d,N/A,0.0990,N/A,1.110,3,1
Kepler-308 b,N/A,0.1932+0.0930−0.0018,N/A,2.17+1.04−0.02,2,1
Kepler-308 c,N/A,0.197+0.095−0.004,N/A,2.21+1.06−0.04,2,1
WASP-105 b,1.80±0.10,0.96±0.03,572±32,10.8±0.3,1,1
Kepler-1025 b,N/A,0.18+0.04−0.02,N/A,2.0+0.4−0.2,1,1
KIC 8435766 b,0.0059±0.0008,0.109±0.008,1.9±0.3,1.23±0.09,1,1
KMT-2018-BLG-1996L b,1.1±0.6,1.230,346+203−191,13.79,1,1
Kepler-1842 b,0.0193,0.210,6.13,2.35,1,1
TOI-3235 b,0.67±0.03,1.02±0.04,211±8,11.4±0.5,1,1
Kepler-1359 b,N/A,0.25+0.04−0.03,N/A,2.8+0.4−0.3,2,1
KIC 6436029.02,N/A,0.37+0.12−0.06,N/A,4.1+1.3−0.7,2,1
Kepler-352 c,N/A,0.113±0.009,N/A,1.27±0.10,2,1
Kepler-352 b,N/A,0.078±0.007,N/A,0.88±0.08,2,1
Kepler-406 b,0.020±0.004,0.130±0.003,6.3±1.4,1.46±0.03,2,1
Kepler-406 c,0.009±0.006,0.077±0.003,2.7±1.8,0.87±0.03,2,1
TOI-3364 b,1.67+0.12−0.13,1.09+0.04−0.03,531+38−41,12.2±0.4,1,1
Kepler-385 b,N/A,0.24±0.12,N/A,2.7±1.4,3,1
Kepler-385 c,N/A,0.27±0.14,N/A,3.0±1.6,3,1
Kepler-385 d,N/A,0.234,N/A,2.62,3,1
K2-119 b,N/A,0.226±0.018,N/A,2.5±0.2,1,1
Kepler-1343 b,N/A,0.172+0.022−0.017,N/A,1.93+0.25−0.19,1,1
HD 72659 b,2.99+0.19−0.17,N/A,950+60−54,N/A,1,1
GJ 367 b,0.0017±0.0002,0.064±0.005,0.55±0.08,0.72±0.05,1,1
Kepler-736 b,N/A,0.261+0.015−0.047,N/A,2.93+0.17−0.53,1,1
Kepler-1894 b,0.0059,0.1070,1.875,1.199,1,1
K2-398 b,0.0182,0.203±0.010,5.78,2.28±0.11,2,1
K2-398 c,0.0718,0.455+0.014−0.013,22.8,5.10+0.16−0.15,2,1
HATS-57 b,3.15±0.07,1.14±0.03,1000±23,12.8±0.3,1,1
EPIC 218916923 b,0.38±0.04,0.81±0.03,121±14,9.1±0.3,1,1
Kepler-1553 b,N/A,0.103+0.009−0.008,N/A,1.15+0.10−0.09,1,1
Kepler-1202 b,N/A,0.26+0.08−0.03,N/A,2.9+0.9−0.3,1,1
Kepler-897 b,N/A,0.21+0.06−0.02,N/A,2.4+0.7−0.2,1,1
HIP 89474 b,0.030±0.004,N/A,9.5±1.2,N/A,1,1
EPIC 212737443 b,N/A,0.231±0.011,N/A,2.59±0.12,2,1
EPIC 212737443 c,N/A,0.240±0.013,N/A,2.69±0.15,2,1
Kepler-1501 b,N/A,0.14+0.06−0.02,N/A,1.6+0.7−0.2,1,1
Kepler-1441 b,N/A,0.117+0.020−0.012,N/A,1.31+0.22−0.13,1,1
KMT-2018-BLG-0087 b,0.23+0.32−0.12,N/A,73+102−38,N/A,1,1
K2-216 b,N/A,0.150+0.009−0.007,N/A,1.68+0.10−0.08,1,1
GJ 536 b,0.017±0.002,N/A,5.4+0.7−0.6,N/A,1,1
42 Dra b,3.9±0.8,N/A,1233±270,N/A,1,1
TOI-540 b,N/A,0.081±0.005,N/A,0.90±0.05,1,1
Kepler-288 c,N/A,0.26+0.12−0.03,N/A,2.9+1.4−0.4,3,1
Kepler-288 b,N/A,0.15±0.07,N/A,1.7±0.8,3,1
Kepler-288 d,N/A,0.24+0.12−0.02,N/A,2.7+1.3−0.3,3,1
Kepler-303 b,N/A,0.081±0.005,N/A,0.91±0.05,2,1
Kepler-303 c,N/A,0.104±0.008,N/A,1.16±0.09,2,1
Kepler-553 b,N/A,0.413+0.012−0.016,N/A,4.63+0.13−0.18,2,1
Kepler-553 c,N/A,1.00±0.03,N/A,11.2±0.3,2,1
OGLE-2018-BLG-0677L b,0.012+0.018−0.008,N/A,4+6−3,N/A,1,1
Kepler-1558 b,N/A,0.061+0.005−0.004,N/A,0.68+0.06−0.04,1,1
HD 219666 b,0.052±0.004,0.420±0.015,16.6±1.3,4.71±0.17,1,1
HAT-P-19 b,0.292±0.018,1.11±0.07,93±6,12.4±0.7,1,1
BD+63 1405 b,4.0±0.3,1.160,1259±99,13.00,1,1
Kepler-676 b,N/A,0.271+0.012−0.030,N/A,3.04+0.13−0.34,1,1
TOI-2445 b,0.006+0.004−0.002,0.112±0.007,1.9+1.2−0.7,1.25±0.08,1,1
OGLE-2008-BLG-355L b,5+4−2,N/A,1462+1176−699,N/A,1,1
HAT-P-39 b,0.599,1.571,190.4,17.61,1,1
HATS-37 A b,0.10±0.04,0.606±0.016,31±13,6.79±0.18,1,1
Kepler-635 b,N/A,0.24+0.03−0.02,N/A,2.6+0.4−0.3,1,1
K2-183 c,N/A,0.224+0.023−0.013,N/A,2.51+0.26−0.14,3,1
K2-183 d,N/A,0.227+0.025−0.013,N/A,2.54+0.28−0.15,3,1
K2-183 b,N/A,0.27+2.32−0.09,N/A,3.0+26.0−1.0,3,1
K2-220 b,N/A,0.197+0.024−0.013,N/A,2.21+0.27−0.14,1,1
TOI-4860 b,0.67±0.14,0.76±0.02,213±44,8.5±0.3,1,1
K2-358 b,0.0241,0.239+0.015−0.012,7.66,2.68+0.17−0.13,1,1
K2-174 b,N/A,0.222+0.016−0.009,N/A,2.49+0.18−0.10,1,1
Kepler-844 b,N/A,0.150+0.006−0.021,N/A,1.68+0.07−0.24,1,1
Kepler-1683 b,N/A,0.1670,N/A,1.872,1,1
HD 28109 b,0.06±0.03,0.196±0.009,18+9−8,2.20±0.10,3,1
HD 28109 c,N/A,0.377±0.010,N/A,4.23±0.11,3,1
HD 28109 d,N/A,0.290±0.010,N/A,3.25±0.11,3,1
Kepler-1674 b,N/A,0.286,N/A,3.21,1,1
Kepler-1041 b,N/A,0.26+0.06−0.05,N/A,2.9+0.6−0.5,1,1
HIP 12961 b,0.350,N/A,111.2,N/A,1,1
Kepler-1095 b,N/A,0.108+0.018−0.011,N/A,1.21+0.20−0.12,1,1
Kepler-362 c,N/A,0.13±0.06,N/A,1.5±0.6,2,1
Kepler-362 b,N/A,0.08±0.03,N/A,0.9±0.4,2,1
KOI-1860 b,N/A,0.22+0.09−0.03,N/A,2.5+1.0−0.3,4,1
KOI-1860 c,N/A,0.23+0.09−0.03,N/A,2.5+1.0−0.3,4,1
KOI-1860.03,N/A,0.15+0.06−0.02,N/A,1.7+0.7−0.2,4,1
KOI-1860.04,N/A,0.131+0.053−0.018,N/A,1.5+0.6−0.2,4,1
TYC 0434-04538-1 b,6.1±0.7,N/A,1939±222,N/A,1,1
TOI-1288 c,0.26±0.02,0.980,84±7,10.98,2,1
TOI-1288 b,0.132±0.009,0.467±0.008,42±3,5.23±0.09,2,1
Kepler-825 b,N/A,0.14+0.04−0.02,N/A,1.5+0.4−0.2,2,1
Kepler-825 c,N/A,0.16+0.04−0.02,N/A,1.8+0.4−0.2,2,1
Kepler-835 b,N/A,0.25+0.05−0.03,N/A,2.8+0.5−0.3,1,1
Kepler-725 b,N/A,0.95+0.08−0.05,N/A,10.6+0.9−0.6,1,1
K2-275 b,N/A,0.200±0.011,N/A,2.24±0.12,2,1
K2-275 c,N/A,0.209±0.009,N/A,2.34±0.10,2,1
TOI-1749 b,0.1793,0.124+0.019−0.017,57.0,1.39+0.21−0.19,3,1
TOI-1749 c,0.0440,0.189±0.011,14.00,2.12±0.12,3,1
TOI-1749 d,0.0472,0.225±0.013,15.00,2.52±0.15,3,1
HD 12235 b,0.033+0.005−0.004,0.285,10.3+1.5−1.3,3.19,2,1
HD 12235 c,10.0+3.0−1.9,1.110,3172+964−607,12.44,2,1
Kepler-1932 b,0.0091,0.1350,2.90,1.513,1,1
WASP-167 b,8±8,1.51±0.03,2543±2542,16.9±0.3,1,1
Kepler-1983 b,0.0190,0.1470,6.04,1.648,1,1
LHS 1478 b,0.0073±0.0006,0.111±0.004,2.33±0.19,1.24±0.05,1,1
Kepler-146 b,N/A,0.34±0.06,N/A,3.8±0.7,2,1
Kepler-146 c,N/A,0.29±0.05,N/A,3.2±0.6,2,1
Kepler-35 (AB) b,0.1270,0.728,40.4,8.16,1,2
Kepler-25 b,N/A,0.241±0.003,N/A,2.70±0.04,3,1
Kepler-25 c,N/A,0.460±0.005,N/A,5.15±0.06,3,1
Kepler-25 d,0.23±0.03,N/A,72±10,N/A,3,1
Kepler-928 b,N/A,0.142+0.028−0.011,N/A,1.59+0.31−0.12,1,1
Kepler-317 b,N/A,0.19±0.09,N/A,2.1±1.0,2,1
Kepler-317 c,N/A,0.16±0.07,N/A,1.8±0.8,2,1
Kepler-745 b,N/A,0.19+0.05−0.02,N/A,2.2+0.6−0.2,1,1
2M 1253+2734 b,8.3+1.8−0.2,N/A,2638+572−64,N/A,1,1
WASP-164 b,2.13+0.12−0.13,1.13±0.04,677+38−41,12.6±0.5,1,1
HD 148427 b,0.960,N/A,305,N/A,1,1
OGLE-2015-BLG-0051L b,0.72+0.65−0.07,N/A,229+207−22,N/A,1,1
K2-33 b,4±4,0.45±0.03,1144±1144,5.1±0.4,1,1
HAT-P-63 b,0.61±0.02,1.12±0.03,195±8,12.5±0.4,1,1
WASP-26 b,1.028,1.281,327,14.36,1,1
KIC 5095269(AB) b,7.70±0.05,N/A,2447±17,N/A,1,1
Kepler-853 b,N/A,0.15+0.04−0.03,N/A,1.7+0.5−0.3,1,1
TOI-5153 b,3.26±0.17,1.06±0.04,1036±54,11.9±0.4,1,1
Kepler-1052 b,N/A,0.26+0.05−0.03,N/A,2.9+0.5−0.3,1,1
Kepler-1833 b,0.0070,0.1160,2.24,1.300,1,1
TOI-2364 b,0.23+0.04−0.05,0.768+0.023−0.018,72+14−16,8.6+0.3−0.2,1,1
Kepler-1183 b,N/A,0.25+0.05−0.03,N/A,2.8+0.5−0.3,1,1
OGLE-2012-BLG-0026L b,0.145±0.008,N/A,46±3,N/A,2,1
OGLE-2012-BLG-0026L c,0.86±0.06,N/A,273±19,N/A,2,1
HATS-61 b,3.40±0.14,1.20±0.07,1081±44,13.4±0.8,1,1
TOI-1470 b,0.023±0.004,0.194±0.004,7.3±1.2,2.17±0.04,2,1
TOI-1470 c,0.023±0.009,0.220±0.002,7±3,2.47±0.02,2,1
Kepler-613 b,N/A,0.204+0.036−0.015,N/A,2.29+0.40−0.17,1,1
Kepler-893 b,N/A,0.27+0.05−0.03,N/A,3.0+0.5−0.4,1,1
Kepler-867 b,N/A,0.41+0.04−0.03,N/A,4.6+0.4−0.3,1,1
Kepler-593 b,N/A,0.26+0.06−0.03,N/A,2.9+0.7−0.3,1,1
TrES-3 b,1.910,1.305,607,14.63,1,1
KMT-2021-BLG-1372 b,0.19±0.11,N/A,61±36,N/A,1,1
Kepler-1852 b,0.0133,0.1680,4.23,1.883,1,1
HIP 109384 b,1.56±0.08,N/A,496±25,N/A,1,1
Kepler-140 b,N/A,0.15±0.03,N/A,1.6±0.3,2,1
Kepler-140 c,N/A,0.16±0.03,N/A,1.8±0.4,2,1
TOI-220 b,0.043±0.004,0.269±0.015,13.6±1.2,3.02±0.17,1,1
MOA-2010-BLG-353L b,0.23+0.42−0.13,N/A,73+133−41,N/A,1,1
Kepler-1825 b,0.0082,0.1270,2.61,1.424,1,1
HAT-P-45 b,0.89+0.14−0.10,1.43+0.17−0.09,284+44−31,16.0+2.0−1.0,1,1
K2-160 b,N/A,0.284+0.019−0.013,N/A,3.18+0.21−0.15,1,1
MOA-bin-29 b,0.6+1.2−0.4,N/A,191+381−121,N/A,1,1
Kepler-186 c,N/A,0.098±0.011,N/A,1.09±0.12,5,1
Kepler-186 d,N/A,0.128±0.015,N/A,1.43±0.16,5,1
Kepler-186 b,N/A,0.098±0.011,N/A,1.09±0.12,5,1
Kepler-186 e,N/A,0.116±0.014,N/A,1.30±0.15,5,1
Kepler-186 f,N/A,0.0990,N/A,1.110,5,1
Kepler-1944 b,0.0253,0.246,8.04,2.76,1,1
Kepler-1980 b,0.0174,0.254,5.53,2.85,1,1
TOI-3884 b,0.052+0.011−0.006,0.535±0.016,16.5+3.5−1.8,6.00±0.18,1,1
K2-280 b,N/A,0.68±0.02,N/A,7.7±0.3,1,1
Kepler-541 b,N/A,0.30±0.05,N/A,3.4±0.6,1,1
Kepler-681 b,N/A,0.275±0.014,N/A,3.08±0.16,1,1
Kepler-927 b,N/A,0.153+0.036−0.013,N/A,1.71+0.40−0.15,1,1
Kepler-1334 b,N/A,0.204+0.028−0.016,N/A,2.29+0.31−0.18,1,1
TOI-2977 b,1.7+0.3−0.2,1.17±0.03,534+83−79,13.2±0.3,1,1
HD 149026 b,0.356,0.718,113.1,8.05,1,1
Kepler-914 b,N/A,0.123+0.015−0.011,N/A,1.38+0.17−0.12,1,1
HD 984 b,48±3,N/A,15256±953,N/A,1,1
Kepler-1048 b,N/A,0.144+0.008−0.007,N/A,1.61+0.09−0.08,1,1
Kepler-1613 b,N/A,0.19±0.04,N/A,2.1+0.4−0.5,1,1
EPIC 246851721 b,3.0+1.1−1.2,1.05±0.04,953+350−381,11.8±0.5,1,1
HD 203030 b,24+8−12,N/A,7656+2663−3662,N/A,1,1
HD 213885 b,0.028±0.002,0.156±0.005,8.8±0.7,1.75±0.06,2,1
HD 213885 c,0.063±0.004,N/A,20.0±1.4,N/A,2,1
MOA-2010-BLG-117L b,0.54±0.10,N/A,172±32,N/A,1,1
HD 222582 A b,7.75,N/A,2463,N/A,1,2
HD 14787 b,1.12±0.07,N/A,356±22,N/A,1,1
KOI-2700 b,N/A,< 0.8710,N/A,< 9.7630,1,1
Kepler-1890 b,0.0019,0.0770,0.588,0.863,1,1
Kepler-1633 b,N/A,0.14+0.06−0.02,N/A,1.6+0.7−0.2,1,1
TOI-2421 b,0.33±0.08,0.92±0.04,106±25,10.4±0.4,1,1
EPIC 203771098 b,0.066±0.017,0.52±0.05,21±5,5.8±0.6,2,1
EPIC 203771098 c,0.09±0.02,0.72±0.07,27±7,8.1±0.8,2,1
Kepler-1090 b,N/A,0.201+0.019−0.015,N/A,2.25+0.21−0.17,1,1
Kepler-181 c,N/A,0.18±0.09,N/A,2.0±1.0,2,1
Kepler-181 b,N/A,0.12±0.06,N/A,1.3±0.6,2,1
Kepler-666 b,N/A,0.21+0.05−0.03,N/A,2.4+0.6−0.3,1,1
BD+03 2562 b,6.4±1.3,N/A,2034±413,N/A,1,1
Kepler-566 b,N/A,0.192±0.012,N/A,2.15±0.13,1,1
Kepler-402 c,N/A,0.14±0.03,N/A,1.6±0.4,4,1
Kepler-402 e,N/A,0.13±0.03,N/A,1.5±0.3,4,1
Kepler-402 b,N/A,0.11±0.02,N/A,1.2±0.2,4,1
Kepler-402 d,N/A,0.13±0.02,N/A,1.4±0.3,4,1
OGLE-2018-BLG-0567L b,0.32+0.34−0.16,N/A,102+108−51,N/A,1,1
Kepler-706 b,N/A,1.18+0.11−0.08,N/A,13.2+1.2−0.9,1,1
CFBDSIR2149,5.50,N/A,1748,N/A,1,0
Kepler-1507 b,N/A,0.075±0.008,N/A,0.84±0.09,1,1
KMT-2018-BLG-0029L b,0.024±0.002,N/A,7.6+0.8−0.7,N/A,1,1
Kepler-726 b,N/A,0.29±0.03,N/A,3.3±0.3,1,1
Kepler-580 b,N/A,0.229+0.026−0.012,N/A,2.57+0.29−0.13,1,1
Kepler-826 b,N/A,0.112+0.018−0.012,N/A,1.26+0.20−0.13,1,1
HAT-P-5 b,1.060,1.252,337,14.03,1,1
Kepler-1004 b,0.18±0.07,0.56+0.07−0.04,57±22,6.3+0.8−0.4,1,1
HD 60532 b,3.15,N/A,1001,N/A,2,1
HD 60532 c,7.46,N/A,2371,N/A,2,1
HD 17156 b,3.19,1.095,1014,12.27,1,1
HD 125595 b,0.0420,N/A,13.35,N/A,1,1
Kepler-290 c,N/A,0.25+0.13−0.04,N/A,2.8+1.4−0.4,2,1
Kepler-290 b,N/A,0.21+0.11−0.02,N/A,2.3+1.2−0.2,2,1
Kepler-67 b,N/A,0.262±0.014,N/A,2.94±0.16,1,1
K2-171 b,N/A,0.24+0.04−0.03,N/A,2.7+0.4−0.3,1,1
HAT-P-67 b,0.34+0.25−0.19,2.08+0.10−0.07,108+79−60,23.4+1.1−0.8,1,1
K2-394 b,0.0110,0.151+0.012−0.011,3.50,1.69+0.13−0.12,1,1
Kepler-856 b,N/A,0.83+0.11−0.05,N/A,9.3+1.3−0.6,1,1
K2-375 b,0.0178,0.200+0.017−0.016,5.66,2.24+0.19−0.18,1,1
HD 180053 b,2.19±0.06,N/A,697±20,N/A,1,1
GJ 411 b,0.0085±0.0008,0.1290,2.7±0.3,1.446,2,1
GJ 411 c,0.057+0.009−0.008,0.396,18±3,4.44,2,1
KMT-2019-BLG-1042 b,0.19+0.21−0.11,N/A,60+67−35,N/A,1,1
K2-199 b,N/A,0.168+0.017−0.008,N/A,1.88+0.19−0.09,2,1
K2-199 c,N/A,0.253+0.015−0.010,N/A,2.84+0.17−0.11,2,1
HD 171238 b,2.60,N/A,826,N/A,1,1
KOI-3503 b,0.0290,0.106+0.021−0.017,9.20,1.19+0.24−0.19,2,1
KOI-3503 c,0.0326,0.108+0.025−0.008,10.36,1.21+0.28−0.09,2,1
BD-210397 b,0.70±0.10,1.250,222±32,14.01,2,1
BD-210397 c,4.8±0.6,1.150,1526±191,12.89,2,1
Kepler-230 b,N/A,0.388+0.198−0.015,N/A,4.35+2.22−0.17,2,1
Kepler-230 c,N/A,0.186+0.095−0.004,N/A,2.08+1.06−0.04,2,1
Kepler-810 b,N/A,0.172+0.037−0.017,N/A,1.93+0.41−0.19,1,1
Kepler-980 b,N/A,0.24+0.02−0.04,N/A,2.7+0.2−0.4,1,1
Kepler-1449 b,N/A,0.150+0.033−0.016,N/A,1.68+0.37−0.18,1,1
Kepler-821 b,N/A,0.117+0.009−0.007,N/A,1.31+0.10−0.08,1,1
CoRoT-31 b,0.8±0.3,1.5±0.3,267±108,16±3,1,1
HD 177565 b,0.048+0.020−0.019,N/A,15±6,N/A,1,1
Kepler-820 b,N/A,0.54+0.24−0.08,N/A,6.1+2.7−0.9,1,1
K2-89 b,N/A,0.055±0.007,N/A,0.62±0.08,1,1
Kepler-940 b,N/A,0.30+0.06−0.03,N/A,3.3+0.7−0.3,1,1
K2-91 b,N/A,0.098±0.016,N/A,1.10±0.18,1,1
Kepler-934 b,N/A,0.186+0.013−0.010,N/A,2.08+0.15−0.11,1,1
HAT-P-21 b,4.06,1.024,1291,11.48,1,1
LHS 1815 b,0.0274,0.097±0.006,8.70,1.09±0.07,1,1
Kepler-910 b,N/A,0.073+0.004−0.003,N/A,0.82+0.04−0.03,1,1
HD 93351 b,0.011+0.003−0.002,0.1520,3.5±0.8,1.704,2,1
HD 93351 c,13.3+1.8−1.6,1.100,4230+557−509,12.33,2,1
Kepler-1474 b,N/A,0.19+0.04−0.02,N/A,2.2+0.4−0.2,1,1
HAT-P-70 b,6.78,1.87+0.15−0.10,2155,21.0+1.7−1.1,1,1
nu Oph b,22.2,N/A,7058,N/A,2,1
nu Oph c,24.7,N/A,7838,N/A,2,1
TOI-2154 b,0.92±0.19,1.45±0.05,292±60,16.3+0.6−0.5,1,1
K2-356 b,0.0184,0.204+0.013−0.011,5.85,2.29+0.15−0.12,1,1
Kepler-1930 b,0.0093,0.1360,2.95,1.524,1,1
K2-99 b,0.97±0.09,1.29±0.05,308±29,14.5±0.6,1,1
Kepler-920 b,N/A,0.216+0.020−0.014,N/A,2.42+0.22−0.16,2,1
Kepler-920 c,N/A,0.34+0.05−0.03,N/A,3.8+0.6−0.3,2,1
K2-128 b,N/A,0.107+0.009−0.006,N/A,1.20+0.10−0.07,1,1
Kepler-1161 b,N/A,0.190+0.045−0.012,N/A,2.13+0.50−0.13,1,1
HD 217786 b,13.0±0.8,N/A,4132±254,N/A,1,2
HD 233832 b,1.78+0.08−0.06,N/A,566+25−19,N/A,1,1
Kepler-515 b,N/A,0.130+0.005−0.004,N/A,1.46+0.06−0.04,1,1
KMT-2019-BLG-0253 b,0.029+0.016−0.013,N/A,9+5−4,N/A,1,1
K2-214 b,N/A,0.20+0.03−0.02,N/A,2.2+0.4−0.3,1,1
Kepler-286 b,N/A,0.11±0.02,N/A,1.3±0.3,4,1
Kepler-286 c,N/A,0.12±0.02,N/A,1.4±0.3,4,1
Kepler-286 d,N/A,0.12±0.02,N/A,1.4±0.3,4,1
Kepler-286 e,N/A,0.16±0.04,N/A,1.8±0.4,4,1
Kepler-1748 b,0.0246,0.242,7.82,2.71,1,1
Kepler-240 c,N/A,0.20±0.08,N/A,2.2±0.9,2,1
Kepler-240 b,N/A,0.12±0.05,N/A,1.4±0.6,2,1
Kepler-1695 b,N/A,0.1000,N/A,1.121,1,1
Kepler-1931 b,0.0237,0.237,7.53,2.66,1,1
HD 152079 b,3.00,N/A,953,N/A,1,1
TOI-2018 b,0.029±0.007,0.202±0.006,9±2,2.26±0.07,1,1
TOI-615 b,0.43+0.09−0.08,1.69+0.05−0.06,138+27−26,19.0±0.6,1,1
Kepler-1342 b,N/A,0.148+0.020−0.012,N/A,1.66+0.22−0.13,1,1
HIP 63734 b,11±3,N/A,3496±953,N/A,1,1
Kepler-1968 b,0.0090,0.1340,2.86,1.502,1,1
HD 15906 b,0.0178,0.200±0.007,5.66,2.24±0.08,2,1
HD 15906 c,0.0280,0.261+0.006−0.005,8.90,2.93+0.07−0.06,2,1
Kepler-1413 b,N/A,0.162+0.014−0.013,N/A,1.82+0.16−0.15,1,1
TOI-4145 A b,0.43±0.13,1.19±0.03,137±41,13.3+0.4−0.3,1,1
Kepler-710 b,N/A,0.168+0.021−0.013,N/A,1.88+0.24−0.15,1,1
K2-97 b,1.10±0.11,1.31±0.11,350±35,14.7±1.2,1,1
GJ 1151 c,0.0079±0.0016,N/A,2.5±0.5,N/A,1,1
Kepler-1824 b,0.0197,0.212,6.26,2.38,1,1
Kepler-1568 b,N/A,0.116+0.019−0.013,N/A,1.30+0.21−0.15,1,1
Kepler-694 b,N/A,0.25+0.05−0.02,N/A,2.8+0.5−0.2,1,1
Kepler-1669 b,N/A,0.248,N/A,2.78,1,1
TOI-2158 b,0.82±0.08,0.960±0.012,261±25,10.76±0.13,1,1
Kepler-1448 b,N/A,0.144+0.019−0.014,N/A,1.61+0.21−0.16,1,1
Kepler-1664 b,N/A,0.271,N/A,3.04,1,1
HD 143361 b,3.12,N/A,992,N/A,1,1
TOI-1107 b,3.35±0.18,1.30±0.05,1065±57,14.6±0.6,1,1
HD 1690 b,6.10,N/A,1939,N/A,1,1
Kepler-875 b,N/A,0.26+0.09−0.04,N/A,2.9+1.0−0.4,1,1
TOI-2095 c,0.0233,0.119±0.007,7.40,1.33±0.08,2,1
TOI-2095 b,0.0129,0.112±0.006,4.10,1.26±0.07,2,1
18 Del b,10.30,N/A,3274,N/A,1,1
KMT-2019-BLG-1552 b,4.0+1.7−1.9,N/A,1287+550−588,N/A,1,1
Kepler-979 b,N/A,0.24+0.04−0.02,N/A,2.7+0.4−0.2,1,1
KIC 10905746 b,N/A,0.237,N/A,2.66,1,1
Kepler-1642 b,N/A,0.28+0.03−0.02,N/A,3.2+0.3−0.2,2,1
Kepler-1642 c,N/A,0.237+0.026−0.019,N/A,2.7+0.3−0.2,2,1
HD 221585 b,1.61±0.14,N/A,512±44,N/A,1,1
HD 11506 b,4.21±0.07,N/A,1338±22,N/A,2,1
HD 11506 c,0.36±0.02,N/A,114±6,N/A,2,1
HD 112640 b,5.0±1.0,N/A,1589±318,N/A,1,1
HD 7199 b,0.290,N/A,92.2,N/A,1,1
Kepler-1120 b,N/A,0.123+0.008−0.006,N/A,1.38+0.09−0.07,1,1
HIP 107772 b,0.041±0.009,N/A,13±3,N/A,1,1
Kepler-1123 b,N/A,0.149+0.022−0.010,N/A,1.67+0.25−0.11,1,1
GJ 486 b,0.0089±0.0004,0.116±0.006,2.82±0.12,1.31+0.06−0.07,1,1
Kepler-830 b,N/A,0.15+0.05−0.02,N/A,1.7+0.6−0.2,1,1
Kepler-1594 b,N/A,0.095+0.023−0.011,N/A,1.06+0.26−0.12,1,1
2MASS J2206+3301,8.0±1.0,1.30±0.02,2543±318,14.6±0.2,1,1
KELT-3 b,1.462,1.358,465,15.22,1,1
HD 73534 b,1.02±0.07,N/A,324±22,N/A,1,1
Kepler-1616 b,N/A,0.091+0.042−0.013,N/A,1.02+0.47−0.15,1,1
Kepler-1472 b,N/A,0.17+0.07−0.03,N/A,1.9+0.8−0.4,1,1
Kepler-20 b,0.0270,0.1700,8.58,1.906,5,1
Kepler-20 c,0.0510,0.270,16.21,3.03,5,1
Kepler-20 d,0.0600,0.250,19.07,2.80,5,1
Kepler-20 e,N/A,0.0791,N/A,0.887,5,1
Kepler-20 f,N/A,0.0930,N/A,1.042,5,1
HD 165155 b,2.9±0.2,N/A,919±73,N/A,1,1
Kepler-1621 b,N/A,0.19+0.07−0.03,N/A,2.2+0.8−0.4,1,1
Kepler-811 b,N/A,0.24+0.06−0.04,N/A,2.7+0.7−0.5,1,1
K2-90 b,N/A,0.232±0.009,N/A,2.60±0.10,2,1
K2-90 c,N/A,0.116+0.012−0.010,N/A,1.30+0.13−0.11,2,1
Kepler-383 b,N/A,0.12±0.05,N/A,1.3±0.5,2,1
Kepler-383 c,N/A,0.11±0.04,N/A,1.3±0.5,2,1
TrES-4 A b,0.49±0.04,1.84+0.08−0.09,157±11,20.6+0.9−1.0,1,2
HD 19994 A b,1.680,N/A,534,N/A,1,2
Kepler-925 b,N/A,0.209+0.059−0.019,N/A,2.3+0.7−0.2,1,1
8 Ursae Minoris b,1.5±0.2,N/A,477±64,N/A,1,1
HD 211403 b,5.5±0.4,N/A,1761±124,N/A,1,1
Kepler-1002 b,N/A,0.153+0.005−0.004,N/A,1.71+0.06−0.04,1,1
BD-10 3166 b,0.41±0.04,N/A,130±11,N/A,1,1
Kepler-860 b,N/A,0.29+0.07−0.03,N/A,3.2+0.8−0.3,1,1
TOI-1333 b,2.4±0.2,1.40±0.06,753±76,15.6±0.6,1,1
Kepler-1276 b,N/A,0.106+0.018−0.010,N/A,1.19+0.20−0.11,1,1
K2-209 b,N/A,0.078+0.009−0.005,N/A,0.87+0.10−0.06,1,1
K2-231 b,N/A,0.223±0.018,N/A,2.5±0.2,1,1
Kepler-1151 b,N/A,0.198+0.021−0.015,N/A,2.22+0.24−0.17,1,1
HD 221287 b,3.09,N/A,982,N/A,1,1
TOI-519 b,14.00,1.07+0.13−0.41,4450,12.0+1.5−4.6,1,1
KOI-1474 b,2.5±0.3,0.96±0.12,795±95,10.8+1.4−1.3,2,1
Kepler-419 c,7.3±0.4,N/A,2320±127,N/A,2,1
GJ 422 b,0.035±0.004,N/A,11.1±1.1,N/A,1,1
Kepler-1767 b,0.0294,0.269,9.34,3.02,1,1
Kepler-302 c,N/A,1.13+0.23−0.05,N/A,12.7+2.6−0.6,2,1
Kepler-302 b,N/A,0.37±0.08,N/A,4.1±0.9,2,1
WASP-85 A b,1.26±0.07,1.24±0.03,402±21,13.9±0.3,1,2
Kepler-704 b,N/A,0.23+0.05−0.04,N/A,2.6+0.6−0.4,1,1
HATS-70 b,12.9+1.8−1.6,1.38+0.08−0.07,4100+572−509,15.5+0.9−0.8,1,1
K2-178 b,N/A,0.318+0.018−0.013,N/A,3.56+0.20−0.14,1,1
HD 16417 b,0.0690,N/A,21.9,N/A,1,1
tau Ceti b,0.006±0.003,N/A,2.0±0.8,N/A,7,1
tau Ceti c,0.010+0.004−0.003,N/A,3.1+1.4−1.1,N/A,7,1
tau Ceti d,0.011±0.005,N/A,3.6±1.7,N/A,7,1
tau Ceti e,0.012+0.003−0.002,N/A,3.9+0.8−0.6,N/A,7,1
tau Ceti f,0.012+0.003−0.004,N/A,3.9+1.0−1.4,N/A,7,1
tau Ceti g,0.0055+0.0008−0.0013,N/A,1.8+0.3−0.4,N/A,7,1
tau Ceti h,0.0058+0.0021−0.0008,N/A,1.8+0.7−0.3,N/A,7,1
Wolf 503 b,N/A,0.181±0.007,N/A,2.03±0.08,1,1
Kepler-256 c,N/A,0.20±0.05,N/A,2.2±0.5,4,1
Kepler-256 d,N/A,0.23±0.06,N/A,2.5±0.6,4,1
Kepler-256 b,N/A,0.14±0.04,N/A,1.6±0.4,4,1
Kepler-256 e,N/A,0.21±0.05,N/A,2.4±0.6,4,1
Kepler-1881 b,0.0289,0.266,9.19,2.98,1,1
HATS-76 b,2.63±0.09,1.08±0.03,836±28,12.1±0.3,1,1
HD 151450 b,0.12±0.02,0.607,37±7,6.80,2,1
HD 151450 c,5.1+1.2−1.1,1.150,1634+377−334,12.89,2,1
HD 85512 b,0.0110,N/A,3.50,N/A,1,1
HD 216437 b,1.820,N/A,578,N/A,1,1
K2-241 b,N/A,0.227+0.016−0.009,N/A,2.54+0.18−0.10,1,1
HIP 79098 AB b,20±4,N/A,6515±1430,N/A,1,2
UScoCTIO 108 b,14+2−8,N/A,4450+636−2543,N/A,1,1
Kepler-391 b,N/A,0.29±0.07,N/A,3.3±0.8,2,1
Kepler-391 c,N/A,0.32±0.08,N/A,3.6±0.9,2,1
Kepler-664 b,N/A,0.24+0.06−0.02,N/A,2.7+0.7−0.2,1,1
WASP-38 b,2.71,1.090,861,12.22,1,1
HD 13808 b,0.0325,N/A,10.33,N/A,2,1
HD 13808 c,0.0360,N/A,11.44,N/A,2,1
HD 156279 b,9.7±0.7,N/A,3086±210,N/A,2,1
HD 156279 c,8.6+0.5−0.6,N/A,2733+159−175,N/A,2,1
Kepler-1133 b,N/A,0.176+0.021−0.013,N/A,1.97+0.24−0.15,1,1
Kepler-1145 b,N/A,0.125±0.010,N/A,1.40±0.11,1,1
HD 114386 b,1.240,N/A,394,N/A,2,1
HD 114386 c,1.190,N/A,378,N/A,2,1
DH Tau B,12+10−4,N/A,3814+3178−1271,N/A,1,1
Kepler-1853 b,0.0092,0.1350,2.92,1.513,1,1
YSES 2 b,6.3+1.6−0.9,N/A,2002+509−286,N/A,1,1
Kepler-964 b,N/A,0.189+0.008−0.006,N/A,2.12+0.09−0.07,1,1
Kepler-1153 b,N/A,0.154+0.019−0.010,N/A,1.73+0.21−0.11,1,1
Kepler-1007 b,N/A,0.128±0.006,N/A,1.43±0.07,1,1
Kepler-1624 b,N/A,0.51±0.04,N/A,5.7+0.4−0.5,1,1
Kepler-348 b,N/A,0.14±0.03,N/A,1.6±0.3,2,1
Kepler-348 c,N/A,0.12±0.02,N/A,1.4±0.3,2,1
Kepler-1846 b,0.0118,0.1570,3.75,1.760,1,1
Kepler-785 b,N/A,1.16+0.04−0.05,N/A,13.0+0.4−0.5,1,1
Kepler-1991 b,0.0087,0.1650,2.76,1.849,2,1
Kepler-1991 c,0.0224,0.259,7.12,2.90,2,1
Kepler-1060 b,N/A,0.21+0.04−0.03,N/A,2.4+0.4−0.3,1,1
HD 45364 b,0.1872,N/A,59.5,N/A,2,1
HD 45364 c,0.658,N/A,209,N/A,2,1
HD 89307 b,2.00,N/A,636,N/A,1,1
Kepler-1619 b,N/A,0.068+0.013−0.007,N/A,0.76+0.15−0.08,1,1
70 Vir b,7.40±0.02,N/A,2352±6,N/A,1,1
Kepler-548 b,N/A,1.07+0.20−0.10,N/A,12.0+2.2−1.1,1,1
HD 13189 b,14.00,N/A,4450,N/A,1,1
Kepler-1841 b,0.0089,0.1330,2.82,1.491,1,1
HD 222076 b,1.56±0.11,N/A,496±35,N/A,1,1
Kepler-1368 b,N/A,0.147+0.031−0.015,N/A,1.65+0.35−0.17,1,1
Kepler-1370 b,N/A,0.16+0.06−0.02,N/A,1.8+0.7−0.3,2,1
Kepler-1370 c,N/A,0.113+0.050−0.016,N/A,1.27+0.56−0.18,2,1
WASP-5 b,1.637,1.171,520,13.13,1,1
OGLE-2018-BLG-0799 b,0.41+0.45−0.19,N/A,130+143−60,N/A,1,1
HD 196067 b,6.90,N/A,2193,N/A,1,1
Gliese 328 b,2.30±0.13,N/A,731±41,N/A,1,1
HATS-31 b,0.88±0.12,1.6±0.2,280±38,18±2,1,1
EPIC 246193072 b,0.26±0.02,0.77+0.03−0.02,83+6−7,8.7±0.3,1,1
Kepler-1708 b,N/A,0.89±0.05,N/A,10.0±0.6,2,1
Kepler-1708 b-i,< 0.1160,0.23±0.04,< 36.8681,2.6±0.4,2,1
Kepler-1589 b,N/A,0.097+0.039−0.015,N/A,1.09+0.44−0.17,1,1
Kepler-1182 b,N/A,0.21+0.05−0.04,N/A,2.4+0.6−0.5,1,1
KMT-2021-BLG-0320 b,0.10+0.13−0.07,N/A,32+41−22,N/A,1,1
Kepler-1435 b,N/A,0.077+0.011−0.008,N/A,0.86+0.12−0.09,1,1
Kepler-1798 b,0.0187,0.206,5.94,2.31,1,1
CoRoT-17 b,2.45,1.020,779,11.43,1,1
47 UMa b,2.53+0.07−0.06,N/A,804+22−19,N/A,3,1
47 UMa c,0.54±0.07,N/A,172+21−23,N/A,3,1
47 UMa d,1.6+0.3−0.5,N/A,521+92−153,N/A,3,1
Kepler-660 b,N/A,0.229+0.010−0.015,N/A,2.57+0.11−0.17,1,1
K2-232 b,0.40±0.04,1.00±0.02,126±12,11.2±0.2,1,1
Kepler-1554 b,N/A,0.26±0.02,N/A,2.9+0.2−0.3,1,1
Kepler-1199 b,N/A,0.103+0.019−0.014,N/A,1.15+0.21−0.16,1,1
Kepler-1421 b,N/A,0.083+0.018−0.010,N/A,0.93+0.20−0.11,1,1
Kepler-1155 b,N/A,0.181+0.040−0.018,N/A,2.0+0.4−0.2,1,1
K2-152 b,N/A,0.20±0.02,N/A,2.3±0.2,1,1
K2-253 b,N/A,1.13+0.06−0.05,N/A,12.7+0.7−0.6,1,1
Kepler-1113 b,N/A,0.25+0.10−0.03,N/A,2.8+1.1−0.4,1,1
Kepler-324 b,0.0049,0.102±0.010,1.554,1.14±0.11,3,1
Kepler-324 d,0.0070+0.0016−0.0026,0.101±0.004,2.2+0.5−0.8,1.13±0.04,3,1
Kepler-324 c,0.0317,0.28±0.03,10.08,3.1±0.3,3,1
Kepler-1239 b,N/A,0.26±0.03,N/A,2.9+0.4−0.3,1,1
OGLE-2017-BLG-0406L b,0.41±0.05,N/A,130±16,N/A,1,1
K2-416 b,5.20,0.237+0.017−0.012,1653,2.66+0.19−0.13,1,1
KMT-2021-BLG-0240L b,0.21+0.12−0.11,0.856,67+38−35,9.59,1,1
Kepler-220 c,N/A,0.143±0.008,N/A,1.60±0.09,4,1
Kepler-220 d,N/A,0.089±0.005,N/A,1.00±0.06,4,1
Kepler-220 e,N/A,0.121±0.011,N/A,1.36±0.12,4,1
Kepler-220 b,N/A,0.074±0.005,N/A,0.83±0.05,4,1
K2-210 b,N/A,0.073+0.009−0.006,N/A,0.82+0.10−0.07,1,1
HD 44219 b,0.580,N/A,184.3,N/A,1,1
Kepler-1847 b,0.0251,0.245,7.98,2.75,1,1
Kepler-623 b,N/A,0.269+0.030−0.019,N/A,3.0+0.3−0.2,1,1
K2-170 c,N/A,0.161+0.022−0.014,N/A,1.80+0.25−0.16,2,1
K2-170 b,N/A,0.127+0.018−0.012,N/A,1.42+0.20−0.13,2,1
TOI-4087 b,0.73±0.14,1.16+0.03−0.02,232±44,13.0±0.3,1,1
TOI-3912 b,0.41±0.07,1.27±0.04,129+23−22,14.3+0.5−0.4,1,1
Kepler-571 b,N/A,0.236+0.029−0.015,N/A,2.65+0.33−0.17,1,1
Kepler-713 b,N/A,0.22+0.04−0.03,N/A,2.5+0.5−0.3,1,1
HATS-68 b,1.29±0.06,1.23+0.04−0.03,410±19,13.8+0.4−0.3,1,1
Kepler-840 b,N/A,1.52+0.35−0.17,N/A,17.1+3.9−1.9,1,1
Kepler-530 b,N/A,0.269+0.015−0.009,N/A,3.02+0.17−0.10,1,1
HD 179949 b,0.950,N/A,302,N/A,1,1
Kepler-1923 b,0.0142,0.1750,4.51,1.962,1,1
Kepler-570 b,N/A,0.219+0.030−0.013,N/A,2.45+0.34−0.15,1,1
SDSS J1110+0116,11.0±1.0,1.18±0.02,3496±318,13.2±0.2,1,0
TOI-1680 b,0.0086,0.131+0.006−0.004,2.75,1.47+0.07−0.04,1,1
WASP-49 b,0.38±0.03,1.11±0.05,120±9,12.5±0.5,1,1
WASP-53 b,2.13±0.09,1.07±0.04,678+29−30,12.0±0.4,2,1
WASP-53 c,16.4±0.8,N/A,5196+270−261,N/A,2,1
Kepler-310 c,N/A,0.31+0.14−0.05,N/A,3.5+1.6−0.6,3,1
Kepler-310 d,N/A,0.225+0.105−0.014,N/A,2.52+1.17−0.15,3,1
Kepler-310 b,N/A,0.11±0.05,N/A,1.2±0.6,3,1
TOI-1411 b,2.5+2.0−1.3,1.36±0.16,795+636−413,15.2±1.8,1,1
WASP-20 b,0.313±0.018,1.46±0.06,99±6,16.3±0.6,1,1
Kepler-1167 b,N/A,0.153±0.011,N/A,1.71±0.12,1,1
HD 82943 b,1.750,N/A,556,N/A,2,1
HD 82943 c,2.01,N/A,639,N/A,2,1
HD 141399 b,0.45±0.03,N/A,143±10,N/A,4,1
HD 141399 c,1.33±0.08,N/A,423±25,N/A,4,1
HD 141399 d,1.18±0.08,N/A,375±25,N/A,4,1
HD 141399 e,0.66±0.10,N/A,210±32,N/A,4,1
Kepler-1673 b,N/A,0.262,N/A,2.94,1,1
2MASS J0030-1450,10±2,1.36±0.04,3178±636,15.2±0.4,1,1
Kepler-321 c,N/A,0.21±0.04,N/A,2.4±0.5,2,1
Kepler-321 b,N/A,0.16±0.03,N/A,1.8±0.3,2,1
K2-173 b,N/A,0.144+0.014−0.010,N/A,1.61+0.16−0.11,1,1
TOI-3540 b,1.18±0.14,2.10,375±44,23.5,1,1
HD 148156 b,0.850,N/A,270,N/A,1,1
Kepler-366 b,N/A,0.13±0.06,N/A,1.5±0.7,2,1
Kepler-366 c,N/A,0.16±0.07,N/A,1.8±0.8,2,1
Kepler-1526 b,N/A,0.217+0.008−0.035,N/A,2.43+0.09−0.39,1,1
Kepler-770 b,N/A,0.205+0.029−0.015,N/A,2.30+0.33−0.17,3,1
Kepler-770 c,N/A,0.107+0.017−0.009,N/A,1.20+0.19−0.10,3,1
Kepler-770 d,N/A,0.125+0.017−0.010,N/A,1.40+0.19−0.11,3,1
Kepler-160 b,N/A,0.153+0.005−0.004,N/A,1.71+0.06−0.04,3,1
Kepler-160 c,N/A,0.335+0.021−0.008,N/A,3.76+0.24−0.09,3,1
Kepler-160 d,0.315,N/A,100.0,N/A,3,1
LP 791-18 b,N/A,0.100±0.012,N/A,1.12±0.13,2,1
LP 791-18 c,N/A,0.21±0.02,N/A,2.3±0.2,2,1
Kepler-545 b,N/A,0.240+0.027−0.019,N/A,2.7+0.3−0.2,1,1
EPIC 201577035 b,0.09±0.05,0.34±0.03,27+17−16,3.8±0.3,1,1
Kepler-1623 b,N/A,0.117+0.028−0.016,N/A,1.31+0.31−0.18,1,1
OGLE-TR-10 b,0.68±0.15,1.72±0.11,216±48,19.3±1.2,1,1
TOI-3984 A b,0.14±0.03,0.71±0.02,44±10,8.0±0.2,1,1
HD 110113 b,4.5±0.6,0.183±0.011,1446±197,2.05±0.12,2,1
HD 110113 c,0.033±0.004,N/A,10.5±1.2,N/A,2,1
HD 155233 b,2.0±0.5,N/A,636±159,N/A,1,1
Kepler-609 b,N/A,0.30+0.10−0.04,N/A,3.4+1.1−0.4,1,1
TOI-1899 b,0.66±0.07,1.15+0.04−0.05,210±22,12.9+0.4−0.6,1,1
RR Cae (AB) b,4.20,N/A,1335,N/A,1,2
Kepler-477 b,N/A,0.185+0.016−0.011,N/A,2.07+0.18−0.12,1,1
Kepler-1523 b,N/A,0.141+0.024−0.013,N/A,1.58+0.27−0.15,1,1
K2-168 c,N/A,0.117+0.013−0.006,N/A,1.31+0.15−0.07,2,1
K2-168 b,N/A,0.166+0.021−0.010,N/A,1.86+0.24−0.11,2,1
Kepler-895 b,N/A,0.137+0.008−0.006,N/A,1.54+0.09−0.07,1,1
Gliese 3341 b,0.020±0.003,N/A,6.4±1.0,N/A,1,1
WASP-130 b,1.23±0.04,0.89±0.03,391±13,10.0±0.3,1,1
HD 111232 b,6.80,N/A,2161,N/A,1,1
HATS-56 b,0.90±0.04,1.69+0.04−0.06,287±11,18.9+0.4−0.6,1,1
Kepler-217 b,N/A,0.20±0.03,N/A,2.3±0.3,3,1
Kepler-217 c,N/A,0.17±0.02,N/A,1.9±0.3,3,1
Kepler-217 d,N/A,0.12+0.03−0.02,N/A,1.3+0.4−0.3,3,1
Kepler-205 b,N/A,0.138±0.013,N/A,1.54±0.14,2,1
Kepler-205 c,N/A,0.149±0.011,N/A,1.68±0.12,2,1
Kepler-195 b,N/A,0.18±0.07,N/A,2.1±0.8,2,1
Kepler-195 c,N/A,0.14±0.05,N/A,1.6±0.6,2,1
Kepler-506 b,N/A,0.244±0.005,N/A,2.73±0.06,1,1
KMT-2019-BLG-0371L b,8+11−4,1.130,2447+3604−1240,12.67,1,1
Kepler-1636 b,N/A,0.29+0.07−0.03,N/A,3.2+0.8−0.3,1,1
HD 114082 b,8.0±1.0,1.00±0.03,2543±318,11.2±0.3,1,1
WASP-47 b,1.16±0.09,1.14±0.04,370±29,12.8±0.4,4,1
WASP-47 e,0.038±0.012,0.163±0.006,12±4,1.83±0.07,4,1
WASP-47 d,0.03±0.03,0.324±0.012,10±8,3.63±0.13,4,1
WASP-47 c,1.2±0.2,N/A,394±70,N/A,4,1
Kepler-503 b,79±3,0.96+0.04−0.06,25108±953,10.8+0.4−0.7,1,1
Kepler-819 b,N/A,0.246+0.022−0.015,N/A,2.76+0.25−0.17,1,1
TOI-3807 b,1.04+0.15−0.14,1.650,331+48−44,18.49,1,1
Kepler-163 c,N/A,0.21±0.09,N/A,2.3±1.0,2,1
Kepler-163 b,N/A,0.10±0.04,N/A,1.1±0.4,2,1
Kepler-1587 b,N/A,0.12+0.04−0.02,N/A,1.3+0.5−0.2,1,1
HD 157172 b,0.1200,N/A,38.1,N/A,1,1
K2-116 b,N/A,0.062±0.004,N/A,0.69±0.04,1,1
TOI-431 b,0.0097±0.0011,0.114±0.004,3.1±0.3,1.28±0.04,3,1
TOI-431 c,2.84,N/A,903,N/A,3,1
TOI-431 d,0.031±0.005,0.293±0.008,9.9±1.5,3.29±0.09,3,1
Kepler-956 b,N/A,0.27+0.07−0.03,N/A,3.0+0.8−0.4,1,1
Kepler-179 c,N/A,0.18±0.07,N/A,2.0±0.8,2,1
Kepler-179 b,N/A,0.15±0.06,N/A,1.7±0.7,2,1
HD 94771 b,0.53±0.03,1.270,168±10,14.24,1,1
WASP-181 b,0.30±0.03,1.18+0.07−0.06,95±11,13.3+0.8−0.7,1,1
HATS-63 b,0.96±0.12,1.21±0.04,305±38,13.5±0.4,1,1
KMT-2018-BLG-1990L b,0.35+0.13−0.09,N/A,111+42−28,N/A,1,1
HD 196885 A b,2.98,N/A,947,N/A,1,2
WISE J2216+1952,5.0±1.0,1.32±0.02,1589±318,14.8±0.2,1,1
HIP 74890 b,2.4±0.3,N/A,763±95,N/A,1,1
Kepler-1312 b,0.0159,0.187+0.007−0.006,5.05,2.10+0.08−0.07,2,1
Kepler-1312 c,0.0034,0.0920,1.071,1.031,2,1
omi UMa b,4.10,N/A,1303,N/A,1,1
HAT-P-15 b,1.946,1.072,618,12.02,1,1
Kepler-422 b,0.43±0.13,1.15±0.11,137±41,12.9±1.2,1,1
Kepler-159 b,N/A,0.217±0.016,N/A,2.43±0.18,2,1
Kepler-159 c,N/A,0.31±0.03,N/A,3.5±0.3,2,1
Kepler-55 d,N/A,0.145±0.008,N/A,1.62±0.09,5,1
Kepler-55 b,N/A,0.197±0.011,N/A,2.21±0.12,5,1
Kepler-55 c,N/A,0.189±0.010,N/A,2.11±0.11,5,1
Kepler-55 e,N/A,0.14±0.02,N/A,1.6±0.2,5,1
Kepler-55 f,N/A,0.145±0.009,N/A,1.62±0.10,5,1
HD 6860 b,28±2,1.060,8982+652−690,11.88,1,1
Kepler-783 b,N/A,0.070+0.004−0.007,N/A,0.78+0.04−0.08,2,1
Kepler-783 c,N/A,0.208,N/A,2.33,2,1
Kepler-1098 b,N/A,0.116+0.021−0.012,N/A,1.30+0.24−0.13,1,1
HD 40307 b,0.0120±0.0009,N/A,3.8±0.3,N/A,6,1
HD 40307 c,0.0202±0.0013,N/A,6.4±0.4,N/A,6,1
HD 40307 d,0.0275±0.0018,N/A,8.7±0.6,N/A,6,1
HD 40307 e,0.011±0.004,N/A,3.5±1.4,N/A,6,1
HD 40307 f,0.0114±0.0019,N/A,3.6±0.6,N/A,6,1
HD 40307 g,0.022±0.008,N/A,7±3,N/A,6,1
Kepler-1464 b,N/A,0.148+0.026−0.014,N/A,1.66+0.29−0.16,2,1
Kepler-1464 c,N/A,0.089+0.020−0.010,N/A,1.00+0.22−0.11,2,1
WASP-28 b,0.91±0.04,1.21±0.04,288±14,13.6±0.5,1,1
HD 38801 b,9.7±0.6,N/A,3082+182−187,N/A,1,1
Kepler-1524 b,N/A,0.32+0.13−0.05,N/A,3.5+1.5−0.5,1,1
Gliese 3470 b,0.043±0.005,0.35±0.03,13.7±1.6,3.9±0.3,1,1
HD 191939 b,N/A,0.305±0.010,N/A,3.42±0.11,3,1
HD 191939 c,N/A,0.288±0.010,N/A,3.23±0.11,3,1
HD 191939 d,N/A,0.282±0.010,N/A,3.16±0.11,3,1
HD 207496 b,0.019±0.005,0.201+0.011−0.009,6.1±1.6,2.25+0.12−0.10,1,1
HD 47536 b,4.0±0.4,N/A,1271±127,N/A,2,1
HD 47536 c,7.00,N/A,2225,N/A,2,1
HD 88072 b,7.9+1.5−1.0,1.120,2512+485−320,12.55,1,1
Kepler-847 b,N/A,0.105+0.008−0.004,N/A,1.18+0.09−0.04,1,1
Kepler-731 b,N/A,1.24+0.28−0.14,N/A,13.9+3.2−1.5,1,1
HD 148284 b,34±6,N/A,10711±1748,N/A,1,1
K2-159 b,N/A,0.197+0.021−0.013,N/A,2.21+0.24−0.14,1,1
PSR B1620-26 b,1.700,N/A,540,N/A,1,2
KMT-2017-BLG-0428L b,0.018+0.011−0.009,0.1990,6+4−3,2.23,1,1
Kepler-741 b,N/A,0.27+0.09−0.03,N/A,3.0+1.0−0.3,1,1
Kepler-734 b,N/A,0.318±0.012,N/A,3.56±0.13,1,1
HD 168746 b,0.230,N/A,73.1,N/A,1,1
WASP-37 b,1.696,1.136,539,12.73,1,1
Kepler-265 c,N/A,0.24±0.05,N/A,2.7±0.6,4,1
Kepler-265 b,N/A,0.17±0.04,N/A,1.9±0.5,4,1
Kepler-265 e,N/A,0.24±0.05,N/A,2.6±0.6,4,1
Kepler-265 d,N/A,0.23±0.05,N/A,2.5±0.6,4,1
TOI-1811 b,0.97±0.08,1.00±0.03,310±24,11.2±0.3,1,1
Kepler-500 b,N/A,0.230+0.022−0.015,N/A,2.58+0.25−0.17,1,1
HD 7924 b,0.0290±0.0016,N/A,9.2±0.5,N/A,3,1
HD 7924 c,0.025±0.002,N/A,7.9±0.7,N/A,3,1
HD 7924 d,0.020±0.003,N/A,6.5±0.8,N/A,3,1
TIC 172900988 (AB) b,2.8±0.2,0.99±0.04,903±79,11.1±0.5,1,2
Kepler-534 b,N/A,0.200+0.007−0.006,N/A,2.24+0.08−0.07,1,1
Kepler-15 b,0.66+0.08−0.09,0.96+0.06−0.07,210+25−29,10.8+0.7−0.8,1,1
MOA-2020-BLG-135 b,0.04+0.06−0.02,N/A,11+19−7,N/A,1,1
HD 240237 b,5.30,N/A,1684,N/A,1,1
WASP-169 b,0.56±0.06,1.30+0.15−0.07,178±19,14.6+1.7−0.8,1,1
Kepler-1684 b,N/A,0.256,N/A,2.87,1,1
Kepler-1175 b,N/A,0.27±0.02,N/A,3.0+0.3−0.2,1,1
HD 3167 b,N/A,0.152±0.007,N/A,1.70±0.08,3,1
HD 3167 c,N/A,0.26±0.02,N/A,2.9±0.2,3,1
HD 3167 d,0.022±0.002,N/A,6.9±0.7,N/A,3,1
Kepler-642 b,N/A,0.26+0.12−0.05,N/A,2.9+1.3−0.6,1,1
TOI-2184 b,0.65±0.16,1.02±0.05,207±51,11.4±0.6,1,1
Sand 178 b,10+4−5,N/A,3305+1252−1599,N/A,1,1
GJ 887 b,0.0132±0.0019,N/A,4.2±0.6,N/A,2,1
GJ 887 c,0.024±0.004,N/A,7.6±1.2,N/A,2,1
K2-79 b,N/A,0.281+0.029−0.016,N/A,3.15+0.33−0.18,1,1
HIP 90988 b,1.96±0.09,N/A,623±29,N/A,1,1
Kepler-597 b,N/A,0.211+0.029−0.012,N/A,2.37+0.33−0.13,1,1
K2-374 c,0.0174,0.197±0.008,5.53,2.21±0.09,2,1
K2-374 b,0.0100,0.142±0.005,3.17,1.59±0.06,2,1
HD 202772 A b,1.02±0.07,1.54+0.05−0.06,323±22,17.3+0.6−0.7,1,2
Kepler-325 b,N/A,0.27+0.13−0.04,N/A,3.0+1.5−0.4,3,1
Kepler-325 c,N/A,0.23+0.11−0.02,N/A,2.6+1.3−0.3,3,1
Kepler-325 d,N/A,0.25+0.13−0.04,N/A,2.8+1.4−0.4,3,1
Kepler-1777 b,0.0163,0.1900,5.18,2.13,1,1
KMT-2017-BLG-0673L b,4±2,1.160,1166+690−658,13.00,1,1
Kepler-598 b,N/A,0.134+0.011−0.008,N/A,1.50+0.12−0.09,2,1
Kepler-598 c,N/A,0.270,N/A,3.03,2,1
Kepler-1550 b,N/A,0.27+0.06−0.03,N/A,3.0+0.7−0.4,1,1
HD 205158 b,0.39±0.04,1.230,123±13,13.79,1,1
CoRoT-27 b,10.4±0.6,1.01±0.04,3302±175,11.3±0.5,1,1
Kepler-767 b,N/A,0.59+0.08−0.05,N/A,6.6+0.9−0.5,1,1
Kepler-264 b,N/A,0.30±0.07,N/A,3.4±0.8,2,1
Kepler-264 c,N/A,0.26±0.05,N/A,2.9±0.6,2,1
Kepler-489 b,N/A,0.689+0.015−0.018,N/A,7.72+0.17−0.20,1,1
Kepler-1017 b,N/A,0.178+0.026−0.011,N/A,2.00+0.29−0.12,1,1
SAND978 b,2.18±0.17,N/A,693±54,N/A,1,1
30 Ari B b,6.6±0.9,N/A,2098±286,N/A,1,4
K2-245 b,N/A,0.387+0.017−0.012,N/A,4.34+0.19−0.13,1,1
TIC 237913194 b,1.94±0.09,1.12±0.05,617±29,12.5+0.6−0.5,1,1
Kepler-1306 b,N/A,0.170+0.040−0.016,N/A,1.91+0.45−0.18,1,1
Kepler-1034 b,N/A,0.202+0.015−0.012,N/A,2.26+0.17−0.13,1,1
HD 10697 b,6.38,N/A,2028,N/A,1,1
Kepler-1704 b,4.2±0.3,1.06±0.04,1319±92,11.9±0.5,1,1
Kepler-1395 b,N/A,0.071+0.008−0.005,N/A,0.80+0.09−0.06,1,1
Kepler-900 b,N/A,0.186+0.011−0.030,N/A,2.08+0.12−0.34,1,1
LTT 1445 A b,0.0090±0.0008,0.116+0.006−0.005,2.9±0.3,1.31+0.07−0.06,2,1
LTT 1445 A c,0.0049±0.0006,0.102±0.005,1.54±0.19,1.15±0.06,2,1
Kepler-247 c,N/A,0.373+0.104−0.013,N/A,4.18+1.16−0.14,3,1
Kepler-247 d,N/A,0.359+0.100−0.009,N/A,4.02+1.12−0.10,3,1
Kepler-247 b,N/A,0.15±0.04,N/A,1.7±0.5,3,1
Kepler-987 b,N/A,0.291+0.014−0.011,N/A,3.26+0.16−0.12,1,1
Kepler-1386 b,N/A,0.111+0.034−0.012,N/A,1.24+0.38−0.13,1,1
HATS-5 b,0.237±0.012,0.91±0.03,75±4,10.2±0.3,1,1
FN Lyr b,13.90,N/A,4418,N/A,1,1
Kepler-628 b,N/A,0.75+0.14−0.13,N/A,8.4+1.6−1.4,1,1
Kepler-1256 b,N/A,0.13+0.04−0.02,N/A,1.5+0.4−0.2,1,1
HATS-58 A b,1.0±0.2,1.09±0.03,327±73,12.3±0.3,1,2
Kepler-975 b,N/A,0.132+0.005−0.008,N/A,1.48+0.06−0.09,1,1
HD 216536 b,1.47+0.20−0.12,N/A,467+64−38,N/A,1,1
Kepler-1110 b,N/A,0.24+0.03−0.02,N/A,2.7+0.4−0.3,1,1
beta Pic b,N/A,N/A,N/A,N/A,2,1
beta Pic c,9.00,N/A,2860,N/A,2,1
Kepler-917 b,N/A,0.170+0.021−0.015,N/A,1.91+0.24−0.17,1,1
TOI-421 b,0.023±0.002,0.239+0.017−0.016,7.2±0.7,2.68+0.19−0.18,2,1
TOI-421 c,0.052±0.003,0.454+0.014−0.013,16.4+1.1−1.0,5.09+0.16−0.15,2,1
KMT-2021-BLG-2010L b,1.1+1.1−0.7,1.230,340+366−216,13.79,1,1
K2-205 b,N/A,0.18±0.02,N/A,2.0+0.3−0.2,1,1
HD 190984 b,3.10,N/A,985,N/A,1,1
WASP-159 b,0.55±0.08,1.38±0.09,175±25,15.5±1.0,1,1
HD 109286 b,2.99±0.15,N/A,950±48,N/A,1,1
WD 1856+534 b,13.80,0.93±0.09,4386,10.4±1.0,1,1
Kepler-430 b,N/A,0.290,N/A,3.25,2,1
Kepler-430 c,N/A,0.1560,N/A,1.749,2,1
NGTS-23 b,0.61±0.10,1.27±0.03,195±31,14.2±0.3,1,1
Kepler-1876 b,0.0076,0.076+0.003−0.002,2.40,0.85+0.03−0.02,1,1
TOI-1416 b,0.0109±0.0015,0.145±0.007,3.5±0.5,1.63±0.08,1,1
WASP-123 b,0.92±0.05,1.33±0.07,292±16,14.9±0.8,1,1
Kepler-212 c,N/A,0.25±0.05,N/A,2.8±0.5,2,1
Kepler-212 b,N/A,0.099±0.019,N/A,1.1±0.2,2,1
Kepler-1691 b,N/A,0.1640,N/A,1.838,1,1
Kepler-912 b,N/A,0.25+0.07−0.04,N/A,2.8+0.8−0.5,1,1
Kepler-1024 b,N/A,0.35±0.02,N/A,3.9±0.3,1,1
Kepler-1100 b,N/A,0.16+0.07−0.03,N/A,1.7+0.8−0.3,1,1
WASP-103 b,1.49±0.09,1.53+0.07−0.05,474±28,17.1+0.8−0.5,1,1
HD 220773 b,1.450,N/A,461,N/A,1,1
K2-399 b,0.0959,0.54+0.09−0.04,30.5,6.1+1.0−0.5,1,1
HIP 91258 b,1.07±0.04,N/A,339±12,N/A,1,1
EPIC 201637175 b,< 1.4000,< 0.2200,< 444.9598,< 2.4660,1,2
Kepler-616 b,0.0204,0.217+0.029−0.018,6.48,2.4+0.3−0.2,3,1
Kepler-616 c,0.0363,0.30+0.05−0.03,11.54,3.4+0.6−0.3,3,1
Kepler-616 d,0.0237,0.237,7.53,2.66,3,1
HD 47186 b,0.0717,N/A,22.8,N/A,2,1
HD 47186 c,0.351,N/A,111.4,N/A,2,1
Kepler-1179 b,N/A,0.118+0.008−0.007,N/A,1.32+0.09−0.08,1,1
Kepler-363 d,N/A,0.19±0.04,N/A,2.1±0.4,3,1
Kepler-363 c,N/A,0.15±0.02,N/A,1.7±0.3,3,1
Kepler-363 b,N/A,0.106±0.017,N/A,1.18±0.19,3,1
Kepler-1412 b,N/A,0.074+0.013−0.012,N/A,0.83+0.15−0.13,1,1
2MASS J1119-1137 b,3.7+1.2−0.9,N/A,1176+381−286,N/A,1,1
Kepler-1551 b,N/A,0.24+0.08−0.04,N/A,2.7+0.9−0.4,1,1
Kepler-410 A b,N/A,0.259±0.005,N/A,2.90±0.06,1,2
Kepler-1985 b,0.0182,0.1980,5.78,2.22,1,1
Kepler-960 b,N/A,0.204+0.006−0.022,N/A,2.29+0.07−0.25,1,1
MOA-2010-BLG-311 b,N/A,N/A,N/A,N/A,1,1
TOI-849 b,0.123±0.008,0.307+0.014−0.010,39±3,3.44+0.16−0.11,1,1
NGC 4349 No 127 b,19.80,N/A,6293,N/A,1,1
EPIC 206318379 b,N/A,0.21±0.02,N/A,2.4±0.2,1,1
HD 102365 b,0.0500,N/A,15.89,N/A,1,1
HATS-12 b,2.40±0.12,1.35±0.17,763+39−38,15.1±1.9,1,1
HD 79181 b,0.64+0.06−0.16,N/A,203+19−51,N/A,1,1
Kepler-1585 b,N/A,0.160+0.022−0.014,N/A,1.79+0.25−0.16,1,1
Mercury,1.739 ·10-4,0.0349,0.0553,0.391,9,1
Venus,0.0026,0.0866,0.815,0.970,9,1
Earth,0.0031,0.0911,1.000,1.021,9,1
Mars,3.38 ·10-4,0.0485,0.1074,0.544,9,1
Jupiter,1.000,1.000,318,11.21,9,1
Saturn,0.299,0.833,95.0,9.34,9,1
Uranus,0.0457,0.363,14.52,4.07,9,1
Neptune,0.0540,0.352,17.15,3.95,9,1
Pluto,7.76 ·10-6,0.0164,0.0025,0.1843,9,1
K2-158 c,N/A,0.114+0.012−0.009,N/A,1.28+0.13−0.10,2,1
K2-158 b,N/A,0.236+0.014−0.009,N/A,2.65+0.16−0.10,2,1
Kepler-454 b,0.022±0.004,0.211±0.012,6.8±1.4,2.37±0.13,3,1
Kepler-454 c,4.46±0.12,N/A,1418±38,N/A,3,1
Kepler-454 d,> 12.1000,N/A,> 3845.7238,N/A,3,1
Kepler-1713 b,0.0113,0.1530,3.59,1.715,1,1
HD 21411 b,0.21±0.08,N/A,66±26,N/A,1,1
Kepler-202 b,N/A,0.149±0.009,N/A,1.66±0.10,2,1
Kepler-202 c,N/A,0.169±0.009,N/A,1.89±0.10,2,1
EPIC 206011691 b,N/A,0.14±0.04,N/A,1.6±0.4,2,1
EPIC 206011691 c,N/A,0.17±0.05,N/A,1.9±0.5,2,1
WASP-112 b,0.88±0.12,1.19±0.05,280±38,13.3±0.5,1,1
Kepler-949 b,N/A,0.26+0.03−0.02,N/A,2.9+0.4−0.2,1,1
Kepler-966 b,N/A,0.37+0.10−0.05,N/A,4.1+1.2−0.6,1,1
Kepler-1600 b,0.0313,0.279+0.025−0.015,9.95,3.13+0.28−0.17,2,1
Kepler-1600 c,0.0139,0.1730,4.42,1.939,2,1
Kepler-1886 b,0.0226,0.230,7.18,2.58,1,1
Kepler-289 b,0.02±0.02,0.192±0.009,7±7,2.15±0.10,3,1
PH3 c,0.013±0.003,0.239±0.015,4.1±1.0,2.68±0.17,3,1
Kepler-289 c,0.41±0.05,1.034±0.017,132±17,11.59±0.19,3,1
KMT-2017-BLG-1146L b,0.7+0.8−0.4,N/A,226+254−133,N/A,1,1
Kepler-1423 b,N/A,0.095+0.008−0.006,N/A,1.06+0.09−0.07,1,1
K2-213 b,N/A,0.135+0.027−0.019,N/A,1.5+0.3−0.2,1,1
Qatar-1 b,1.330,1.164,423,13.05,1,1
Kepler-1197 b,N/A,0.112+0.003−0.008,N/A,1.26+0.03−0.09,1,1
Kepler-572 b,N/A,0.230+0.016−0.015,N/A,2.58+0.18−0.17,1,1
K2-163 b,N/A,0.220+0.023−0.011,N/A,2.47+0.26−0.12,1,1
Kepler-554 b,N/A,0.383+0.024−0.019,N/A,4.3+0.3−0.2,1,1
Kepler-199 b,N/A,0.28±0.05,N/A,3.2±0.6,2,1
Kepler-199 c,N/A,0.30±0.05,N/A,3.3±0.6,2,1
HD 129445 b,1.600,N/A,509,N/A,1,1
K2-343 c,0.0149,0.180+0.009−0.006,4.74,2.02+0.10−0.07,2,1
K2-343 b,0.0106,0.147+0.014−0.007,3.37,1.65+0.16−0.08,2,1
Kepler-1240 b,N/A,0.103+0.018−0.009,N/A,1.15+0.20−0.10,1,1
KIC 8540376 b,N/A,0.37+0.20−0.17,N/A,4.1+2.2−1.9,2,1
KIC 8540376 c,N/A,0.21+0.17−0.12,N/A,2.4+1.9−1.4,2,1
V830 Tau b,1.400,N/A,445,N/A,1,1
Kepler-1181 b,N/A,0.14+0.06−0.02,N/A,1.6+0.7−0.3,1,1
TOI-672 b,0.0757,0.469+0.007−0.009,24.1,5.26+0.08−0.10,1,1
CT Cha B,> 14.0000,2.40,> 4449.5977,26.9,1,1
HD 23472 b,0.056+0.004−0.044,N/A,17.9+1.4−14.0,N/A,2,1
HD 23472 c,0.054+0.003−0.043,N/A,17.2+1.1−13.8,N/A,2,1
Kepler-1245 b,N/A,0.128+0.011−0.009,N/A,1.43+0.12−0.10,2,1
Kepler-1245 c,N/A,0.128+0.012−0.007,N/A,1.43+0.13−0.08,2,1
TOI-5678 b,0.063±0.013,0.438±0.007,20±4,4.91±0.08,1,1
OGLE-2016-BLG-1093L b,0.71±0.13,N/A,226±41,N/A,1,1
K2-335 b,0.0174,0.197+0.016−0.012,5.53,2.21+0.18−0.13,1,1
WASP-122 b,1.37±0.07,1.97±0.07,436±23,22.1±0.8,1,1
Gamma Cephei b,9.4+0.7−1.1,N/A,2988+222−350,N/A,1,2
PSO J318.5-22,6.5+1.3−1.0,1.53+0.02−0.03,2066+413−318,17.1+0.2−0.3,1,0
MOA-2009-BLG-266L b,0.033±0.005,N/A,10.4±1.7,N/A,1,1
Kepler-1565 b,N/A,0.106+0.007−0.011,N/A,1.19+0.08−0.12,1,1
Kepler-22 b,N/A,0.217,N/A,2.43,1,1
HD 86226 b,0.45+0.04−0.05,N/A,143+13−16,N/A,2,1
HD 86226 c,0.023±0.004,0.193±0.007,7.2+1.2−1.1,2.16±0.08,2,1
CoRoT-10 b,2.75,0.970,874,10.87,1,1
Kepler-1601 b,N/A,0.073+0.021−0.010,N/A,0.82+0.24−0.11,1,1
Kepler-85 b,N/A,0.17±0.03,N/A,1.9±0.3,4,1
Kepler-85 c,N/A,0.21±0.04,N/A,2.3±0.4,4,1
Kepler-85 d,N/A,0.109±0.017,N/A,1.23±0.19,4,1
Kepler-85 e,N/A,0.116±0.018,N/A,1.3±0.2,4,1
2MASS 0122-2439 B,> 12.0000,N/A,> 3813.9409,N/A,1,1
K2-386 b,0.0189,0.207±0.006,6.01,2.32±0.07,1,1
eps Eridani b,0.65±0.06,N/A,205±18,N/A,1,1
K2-342 b,0.0150,0.181+0.012−0.008,4.77,2.03+0.13−0.09,1,1
K2-151 b,N/A,0.133±0.007,N/A,1.49±0.08,1,1
HATS-1 b,1.855,1.302,590,14.59,1,1
Kepler-336 d,N/A,0.22±0.04,N/A,2.4±0.5,3,1
Kepler-336 c,N/A,0.19±0.03,N/A,2.1±0.4,3,1
Kepler-336 b,N/A,0.093±0.017,N/A,1.04±0.19,3,1
GJ 480 b,0.042±0.005,N/A,13.2±1.7,N/A,1,1
TOI-4791 b,2.3±0.3,1.11±0.05,734+102−105,12.4±0.6,1,1
Kepler-193 b,N/A,0.218+0.098−0.007,N/A,2.44+1.10−0.08,2,1
Kepler-193 c,N/A,0.25+0.11−0.02,N/A,2.8+1.3−0.2,2,1
Kepler-127 d,N/A,0.241±0.013,N/A,2.70±0.14,3,1
Kepler-127 c,N/A,0.242±0.013,N/A,2.72±0.14,3,1
Kepler-127 b,N/A,0.128±0.005,N/A,1.43±0.05,3,1
MOA 2008-BLG-310L b,0.07±0.05,N/A,23±17,N/A,1,1
WASP-60 b,0.51±0.03,0.86±0.12,163±11,9.6±1.3,1,1
OGLE-2017-BLG-0173L b,0.010+0.012−0.006,N/A,3+4−2,N/A,1,1
HD 63935 b,0.034±0.006,0.267±0.013,10.8±1.8,2.99±0.14,2,1
HD 63935 c,0.035±0.008,0.259±0.012,11±2,2.90±0.13,2,1
Kepler-876 b,N/A,0.128+0.009−0.008,N/A,1.43+0.10−0.09,1,1
GJ 251 b,0.0126±0.0013,N/A,4.0±0.4,N/A,1,1
Kepler-797 b,N/A,0.19+0.04−0.02,N/A,2.2+0.4−0.2,1,1
GJ 682 b,0.014±0.012,N/A,4±4,N/A,2,1
GJ 682 c,0.027+0.018−0.014,N/A,9+6−4,N/A,2,1
HAT-P-51 b,0.309±0.018,1.29+0.05−0.09,98±6,14.5+0.6−1.0,1,1
WASP-184 b,0.57±0.10,1.33±0.09,181±32,14.9±1.0,1,1
Kepler-1148 b,N/A,0.151+0.009−0.008,N/A,1.69+0.10−0.09,1,1
K2-150 b,N/A,0.178+0.024−0.019,N/A,2.0+0.3−0.2,1,1
Kepler-907 b,N/A,0.107+0.005−0.004,N/A,1.20+0.06−0.04,1,1
K2-29 b,0.73±0.04,1.19±0.02,232±13,13.3±0.2,1,1
CoRoT-3 b,21.7±1.0,1.01±0.07,6884±318,11.3±0.8,1,1
Kepler-1056 b,N/A,0.27+0.12−0.05,N/A,3.0+1.3−0.6,1,1
Kepler-1378 b,N/A,0.196+0.063−0.012,N/A,2.20+0.71−0.13,1,1
HD 210277 b,1.230,N/A,391,N/A,1,1
HD 208487 b,0.413,N/A,131.3,N/A,1,1
CoRoT-18 b,3.47,1.310,1103,14.68,1,1
Kepler-1607 b,N/A,0.082+0.029−0.012,N/A,0.92+0.33−0.13,1,1
Kepler-1640 b,N/A,0.43+0.22−0.07,N/A,4.8+2.5−0.8,1,1
Kepler-1213 b,N/A,0.106+0.012−0.009,N/A,1.19+0.13−0.10,1,1
TOI-3714 b,0.70±0.03,1.01±0.03,222±10,11.3±0.3,1,1
Kepler-338 b,0.10+0.08−0.07,0.222±0.012,31+24−21,2.49±0.13,4,1
Kepler-338 c,N/A,0.213±0.011,N/A,2.39±0.12,4,1
Kepler-338 d,N/A,0.27±0.03,N/A,3.1±0.3,4,1
Kepler-338 e,0.03±0.02,0.139±0.006,9+7−6,1.56±0.07,4,1
Kepler-1281 b,N/A,0.146±0.012,N/A,1.64±0.13,1,1
K2-126 b,N/A,0.161+0.013−0.007,N/A,1.80+0.14−0.08,1,1
KOI-2939 b,1.5±0.6,1.059±0.012,483±206,11.87±0.14,1,3
HAT-P-14 b,2.20,1.200,699,13.45,1,2
GJ 1252 b,0.0066±0.0018,0.106±0.007,2.1±0.6,1.19±0.08,1,1
KIC 9413313 b,N/A,N/A,N/A,N/A,1,1
Kepler-1045 b,N/A,0.240+0.019−0.014,N/A,2.69+0.21−0.16,1,1
Kepler-551 b,N/A,0.244+0.022−0.013,N/A,2.73+0.25−0.15,1,1
Kepler-346 b,N/A,0.24+0.11−0.02,N/A,2.7+1.3−0.2,2,1
Kepler-346 c,N/A,0.28+0.13−0.04,N/A,3.1+1.5−0.5,2,1
Kepler-1426 b,N/A,0.139+0.029−0.015,N/A,1.56+0.33−0.17,1,1
Kepler-23 c,N/A,0.34±0.03,N/A,3.9±0.3,3,1
Kepler-23 d,N/A,0.200±0.008,N/A,2.25±0.09,3,1
Kepler-23 b,N/A,0.154±0.015,N/A,1.73±0.16,3,1
Kepler-645 b,N/A,0.19+0.06−0.03,N/A,2.1+0.6−0.3,1,1
Kepler-6 b,0.67±0.04,1.30+0.02−0.03,213±13,14.6+0.2−0.3,1,1
Kepler-1454 b,N/A,0.168+0.017−0.015,N/A,1.88+0.19−0.17,1,1
Kepler-418 b,< 1.1000,1.20±0.16,< 349.6113,13.5±1.8,1,1
Kepler-80 b,0.022+0.003−0.002,0.237±0.009,6.9+1.0−0.7,2.66±0.10,6,1
Kepler-80 c,0.021+0.004−0.003,0.244+0.011−0.009,6.7+1.2−0.9,2.74+0.12−0.10,6,1
Kepler-80 d,0.0212+0.0022−0.0016,0.137+0.008−0.006,6.8+0.7−0.5,1.53+0.09−0.07,6,1
Kepler-80 e,0.013±0.003,0.149±0.019,4.1+0.8−1.0,1.7±0.2,6,1
Kepler-80 f,N/A,0.108+0.005−0.004,N/A,1.21+0.06−0.05,6,1
Kepler-80 g,N/A,0.101±0.013,N/A,1.13±0.14,6,1
TOI-5293 A b,0.54±0.07,1.06±0.04,172±22,11.9±0.4,1,1
Kepler-746 b,N/A,0.099+0.012−0.008,N/A,1.11+0.13−0.09,1,1
Kepler-1420 b,N/A,0.114+0.012−0.011,N/A,1.28+0.13−0.12,1,1
Kepler-480 b,N/A,0.248+0.026−0.019,N/A,2.8+0.3−0.2,1,1
Kepler-1011 b,N/A,0.26+0.03−0.04,N/A,2.9+0.3−0.4,1,1
K2-148 b,N/A,0.119+0.017−0.016,N/A,1.33+0.19−0.18,3,1
K2-148 c,N/A,0.154+0.021−0.019,N/A,1.7±0.2,3,1
K2-148 d,N/A,0.146+0.021−0.019,N/A,1.6±0.2,3,1
K2-114 b,N/A,0.95±0.03,N/A,10.7±0.4,1,1
OGLE-2015-BLG-1649L b,2.5+1.5−1.4,N/A,807+470−442,N/A,1,1
Kepler-409 b,< 0.0692,0.108±0.003,< 21.9953,1.22±0.03,1,1
HD 111591 b,4.4±0.4,N/A,1398±127,N/A,1,1
Kepler-735 b,N/A,0.263+0.014−0.011,N/A,2.95+0.16−0.12,1,1
Kepler-1859 b,0.0098,0.1410,3.13,1.580,2,1
Kepler-1859 c,0.0107,0.1530,3.40,1.715,2,1
TOI-1516 b,3.16±0.12,1.36±0.03,1004±38,15.2±0.3,1,1
Kepler-164 c,N/A,0.25±0.05,N/A,2.8±0.5,3,1
Kepler-164 d,N/A,0.22±0.04,N/A,2.5±0.5,3,1
Kepler-164 b,N/A,0.13±0.03,N/A,1.4±0.3,3,1
Kepler-291 b,N/A,0.20±0.09,N/A,2.2±1.0,2,1
Kepler-291 c,N/A,0.17±0.07,N/A,1.9±0.8,2,1
HATS-32 b,0.92±0.10,1.25+0.14−0.10,292±32,14.0+1.6−1.1,1,1
Kepler-882 b,N/A,0.110+0.013−0.008,N/A,1.23+0.15−0.09,1,1
HD 147873 b,5.1±0.3,N/A,1634±108,N/A,2,1
HD 147873 c,2.30±0.18,N/A,731±57,N/A,2,1
HIP 14810 b,3.88,N/A,1233,N/A,3,1
HIP 14810 c,1.280,N/A,407,N/A,3,1
HIP 14810 d,0.570,N/A,181.2,N/A,3,1
14 And b,4.80,N/A,1526,N/A,1,1
K2-186 b,N/A,0.283+0.023−0.014,N/A,3.17+0.26−0.16,1,1
MASCARA-5 b,3.14±0.19,1.51±0.06,998±60,16.9±0.7,1,1
K2-62 b,N/A,0.172+0.012−0.009,N/A,1.93+0.13−0.10,2,1
K2-62 c,N/A,0.169+0.018−0.010,N/A,1.89+0.20−0.11,2,1
TOI-1227 b,N/A,0.85+0.06−0.05,N/A,9.6±0.6,1,1
WASP-10 b,3.06,1.080,973,12.11,1,1
HIP 54597 b,2.4+0.4−0.2,1.180,763+127−64,13.23,1,1
TOI-5238 b,0.0747,0.466,23.7,5.22,1,1
HIP 65426 b,9±3,1.50±0.10,2860±953,16.8±1.1,1,1
HD 1397 b,0.41±0.02,1.03±0.03,132±6,11.5±0.3,1,1
LTT 9779 b,0.092+0.002−0.003,0.42±0.02,29.3±0.8,4.7±0.2,1,1
HD 92788 b,3.76+0.16−0.15,N/A,1195+51−48,N/A,2,1
HD 92788 c,3.7+0.3−0.2,N/A,1166+95−79,N/A,2,1
Kepler-61 b,N/A,0.196±0.012,N/A,2.20±0.13,1,1
HD 156411 b,0.740,N/A,235,N/A,1,1
KOI-1783 c,0.047+0.014−0.011,0.48+0.05−0.03,15±4,5.4+0.5−0.3,2,1
KOI-1783 b,0.22+0.04−0.03,0.79±0.02,71+11−9,8.9±0.2,2,1
HD 177830 A b,1.49±0.03,N/A,474±10,N/A,2,2
HD 177830 A c,0.15±0.02,N/A,48±6,N/A,2,2
Kepler-1316 b,N/A,0.32+0.05−0.03,N/A,3.5+0.5−0.4,1,1
HD 113538 b,0.36±0.04,N/A,114±13,N/A,2,1
HD 113538 c,0.93±0.06,N/A,296±19,N/A,2,1
OGLE-2011-BLG-0265L b,0.88+0.27−0.18,N/A,280+86−57,N/A,1,1
Kepler-1146 b,N/A,0.110+0.009−0.007,N/A,1.23+0.10−0.08,1,1
ROXs 12 b,16±4,N/A,5085±1271,N/A,1,1
Kepler-978 b,N/A,0.27+0.06−0.05,N/A,3.0+0.7−0.6,1,1
HW Vir (AB) b,14.30,N/A,4545,N/A,1,3
Kepler-1053 b,N/A,0.087±0.004,N/A,0.98±0.04,1,1
Kepler-1367 b,N/A,0.082+0.006−0.007,N/A,0.92+0.07−0.08,1,1
GJ 687 b,0.054±0.003,N/A,17.2±1.0,N/A,2,1
GJ 687 c,0.050±0.013,N/A,16±4,N/A,2,1
HD 181234 b,8.4+0.3−0.4,N/A,2660+108−114,N/A,1,1
WASP-99 b,2.78±0.13,1.10+0.08−0.05,884±41,12.3+0.9−0.6,1,1
Kepler-52 c,N/A,0.156±0.007,N/A,1.75±0.08,3,1
Kepler-52 b,N/A,0.21±0.02,N/A,2.4±0.2,3,1
Kepler-52 d,N/A,0.178±0.019,N/A,2.0±0.2,3,1
Kepler-1531 b,N/A,0.099+0.043−0.016,N/A,1.11+0.48−0.18,1,1
HATS-28 b,0.67±0.09,1.19±0.07,214±28,13.4±0.8,1,1
K2-206 b,N/A,0.250+0.020−0.013,N/A,2.80+0.22−0.15,1,1
Kepler-540 b,N/A,0.24+0.03−0.02,N/A,2.7+0.4−0.3,1,1
Kepler-71 b,N/A,1.1±0.5,N/A,12±6,1,1
Kepler-868 b,N/A,0.183+0.018−0.015,N/A,2.05+0.20−0.17,1,1
Gaia-2 b,0.77±0.04,1.327±0.014,246±13,14.87±0.16,1,1
HATS-60 b,0.66±0.06,1.15±0.05,210±17,12.9±0.6,1,1
Kepler-1136 b,N/A,0.146+0.009−0.008,N/A,1.64+0.10−0.09,1,1
TOI-677 b,1.24±0.07,1.17±0.03,393+22−21,13.1±0.3,1,1
LHS 475 b,0.0029±0.0006,0.088±0.004,0.91±0.19,0.99±0.05,1,1
WASP-1 b,0.85+0.06−0.05,1.48+0.02−0.03,271+18−17,16.6+0.3−0.4,1,2
K2-254 b,N/A,0.14+0.03−0.02,N/A,1.6+0.3−0.2,2,1
K2-254 c,N/A,0.195+0.021−0.016,N/A,2.19+0.24−0.18,2,1
Kepler-579 b,N/A,0.178+0.031−0.016,N/A,2.00+0.35−0.18,1,1
Kepler-1089 b,N/A,0.163+0.009−0.030,N/A,1.83+0.10−0.34,1,1
KOI-7368 b,N/A,0.198±0.011,N/A,2.22±0.12,1,1
Gliese 649 b,0.328,N/A,104.2,N/A,2,1
GJ 649.02,0.030±0.008,N/A,10±3,N/A,2,1
Kepler-1458 b,N/A,0.246+0.037−0.019,N/A,2.8+0.4−0.2,1,1
TOI-4127 b,2.30±0.11,1.10+0.04−0.03,731±35,12.3±0.4,1,1
TOI-1789 b,0.70±0.16,1.40+0.22−0.13,222±51,15.7+2.5−1.5,1,1
Kepler-259 b,N/A,0.26+0.12−0.03,N/A,2.9+1.4−0.4,2,1
Kepler-259 c,N/A,0.25+0.12−0.03,N/A,2.8+1.3−0.3,2,1
Kepler-1676 b,N/A,0.301,N/A,3.37,1,1
OGLE-2008-BLG-092L A b,0.1780,N/A,56.6,N/A,1,2
K2-276 b,N/A,0.336±0.019,N/A,3.8±0.2,1,1
WASP-162 b,5.2±0.2,1.00±0.05,1653±64,11.2±0.6,1,1
Kepler-300 c,N/A,0.205+0.095−0.004,N/A,2.30+1.06−0.04,2,1
Kepler-300 b,N/A,0.15±0.07,N/A,1.7±0.8,2,1
HATS-66 b,5.3±0.7,1.41±0.08,1694±216,15.8±0.9,1,1
Kepler-1349 b,N/A,0.062+0.056−0.010,N/A,0.69+0.63−0.11,1,1
Kepler-1761 b,0.0079,0.1240,2.51,1.390,1,1
GJ 3082 b,0.026±0.005,N/A,8.2±1.7,N/A,1,1
TOI-251 b,< 1.0000,0.244±0.016,< 317.8284,2.74±0.18,1,1
BD+20 274 b,4.20,N/A,1335,N/A,1,1
HATS-59 b,0.81±0.07,1.13±0.08,256±22,12.6±0.9,2,1
HATS-59 c,12.7±0.9,N/A,4036±277,N/A,2,1
KMT-2021-BLG-1077L b,0.22+0.31−0.12,N/A,70+99−38,N/A,2,1
KMT-2021-BLG-1077L c,0.25+0.35−0.13,N/A,79+111−41,N/A,2,1
WASP-62 b,0.570,1.390,181.2,15.58,1,1
HD 194490 b,11.3+1.7−1.4,1.110,3580+543−441,12.44,1,1
MOA-2022-BLG-249L b,0.015±0.005,0.1820,4.8±1.4,2.04,1,1
Kepler-1369 b,N/A,0.24+0.04−0.02,N/A,2.7+0.4−0.2,1,1
HATS-38 b,0.074±0.011,0.614±0.017,24±3,6.88±0.19,1,1
HAT-P-41 b,0.800,1.685,254,18.89,1,1
Kepler-242 b,N/A,0.24+0.15−0.05,N/A,2.7+1.6−0.6,2,1
Kepler-242 c,N/A,0.18+0.11−0.02,N/A,2.0+1.3−0.2,2,1
Kepler-787 b,N/A,0.114+0.005−0.006,N/A,1.28+0.06−0.07,1,1
K2-271 b,N/A,0.65±0.02,N/A,7.3±0.2,1,1
Kepler-939 b,N/A,0.156+0.028−0.018,N/A,1.7+0.3−0.2,1,1
Kepler-976 b,N/A,0.353+0.026−0.018,N/A,4.0+0.3−0.2,1,1
EPIC 201403446 b,N/A,0.19±0.04,N/A,2.1±0.5,1,2
Kepler-1233 b,N/A,0.23+0.10−0.04,N/A,2.6+1.1−0.4,1,1
Kepler-1927 b,0.0362,0.304,11.51,3.41,1,1
XO-5 b,1.077,1.030,342,11.55,1,1
K2-372 b,0.0283,0.263±0.007,8.99,2.95±0.08,1,1
OGLE-2011-BLG-0173L b,0.19+0.18−0.11,N/A,60+57−35,N/A,1,1
Qatar-6 b,0.67±0.07,1.06±0.07,212±21,11.9±0.8,1,1
EPIC 201828749 b,N/A,0.4±0.3,N/A,4±3,1,2
Kepler-75 b,10.1±0.4,1.05±0.03,3210±127,11.8±0.3,1,1
Kepler-1597 b,N/A,0.095+0.042−0.015,N/A,1.06+0.47−0.17,1,1
Kepler-1487 b,N/A,0.19+0.08−0.04,N/A,2.1+0.9−0.4,1,1
MOA-2013-BLG-605L b,0.066+0.019−0.022,N/A,21+6−7,N/A,1,1
Kepler-1447 b,N/A,0.26+0.04−0.02,N/A,2.9+0.5−0.2,1,1
Kepler-1293 b,N/A,0.087+0.037−0.013,N/A,0.98+0.41−0.15,1,1
PH-2 b,< 80.0000,0.90±0.05,< 25426.2728,10.1±0.6,1,1
Kepler-69 b,N/A,0.204,N/A,2.29,2,1
Kepler-69 c,N/A,0.1558,N/A,1.747,2,1
Kepler-814 b,N/A,0.19+0.06−0.03,N/A,2.1+0.7−0.3,1,1
Kepler-614 b,N/A,0.213+0.018−0.015,N/A,2.39+0.20−0.17,1,1
Kepler-1036 b,N/A,0.269+0.012−0.047,N/A,3.02+0.13−0.53,1,1
Kepler-1534 b,N/A,0.169+0.020−0.013,N/A,1.89+0.22−0.15,1,1
HIP 3206 b,0.173±0.014,N/A,55±4,N/A,1,1
HD 38529 A b,0.780,N/A,248,N/A,2,2
HD 38529 A c,17.70,N/A,5626,N/A,2,2
Kepler-743 b,N/A,0.108+0.003−0.004,N/A,1.21+0.03−0.04,1,1
HD 25015 b,4.5±0.3,N/A,1424+95−89,N/A,1,1
Kepler-594 b,N/A,0.194+0.020−0.013,N/A,2.17+0.22−0.15,1,1
Kepler-182 c,N/A,0.31+0.14−0.05,N/A,3.5+1.6−0.5,2,1
Kepler-182 b,N/A,0.235+0.108−0.016,N/A,2.64+1.21−0.18,2,1
K2-408 b,0.0109,0.150+0.011−0.010,3.46,1.68+0.12−0.11,1,1
Kepler-1712 b,0.0184,0.204,5.85,2.29,1,1
K2-415 b,0.0236,0.0910,7.50,1.020,1,1
ITG 15B,9.00,N/A,2860,N/A,1,1
Kepler-1529 b,N/A,0.187+0.013−0.010,N/A,2.10+0.15−0.11,1,1
beta Ursae Minoris b,6.1±1.0,N/A,1939±318,N/A,1,1
Kepler-1307 b,N/A,0.22+0.06−0.02,N/A,2.5+0.7−0.3,1,1
Fomalhaut b,N/A,N/A,N/A,N/A,1,3
Kepler-98 b,0.011±0.005,0.18±0.02,3.5±1.6,2.0±0.2,1,1
Kepler-1178 b,N/A,0.095+0.005−0.007,N/A,1.06+0.06−0.08,1,1
GJ 27.1 b,0.041+0.013−0.021,N/A,13+4−7,N/A,1,1
HD 66428 b,2.82±0.03,N/A,896±9,N/A,2,1
HD 66428 c,0.09+0.07−0.05,N/A,27+22−17,N/A,2,1
HD 80883 b,5.5+1.2−1.1,1.140,1748+391−336,12.78,1,1
HD 92987 b,16.9±0.7,N/A,5365+219−207,N/A,1,1
K2-317 b,N/A,0.261+0.017−0.015,N/A,2.93+0.19−0.17,1,1
MOA-2008-BLG-379L b,4.1+1.7−1.9,N/A,1303+540−604,N/A,1,1
TOI-1759 b,0.021±0.006,0.273±0.020,6.8±1.9,3.1±0.2,1,1
Kepler-638 b,N/A,0.16+0.05−0.03,N/A,1.8+0.6−0.3,1,1
TOI-3819 b,1.11+0.18−0.20,1.17±0.04,353+57−64,13.1±0.4,1,1
Kepler-311 b,N/A,0.15±0.03,N/A,1.7±0.3,2,1
Kepler-311 c,N/A,0.13±0.03,N/A,1.5±0.3,2,1
HAT-P-64 b,0.58+0.18−0.13,1.70±0.07,184+57−41,19.1±0.8,1,1
WASP-138 b,1.22±0.08,N/A,388±25,N/A,1,1
Kepler-1272 b,N/A,0.21+0.06−0.03,N/A,2.4+0.7−0.3,1,1
HD 28678 b,1.700,N/A,540,N/A,1,1
TOI-3629 b,0.26±0.02,0.74±0.02,83±6,8.3±0.2,1,1
Kepler-1516 b,N/A,0.156+0.044−0.017,N/A,1.75+0.49−0.19,1,1
Kepler-537 b,N/A,0.126+0.005−0.004,N/A,1.41+0.06−0.04,1,1
WASP-45 b,0.96±0.06,0.95+0.06−0.05,306±18,10.6+0.7−0.6,1,1
Kepler-1739 b,0.0204,0.217,6.48,2.43,1,1
HD 41248 b,0.039+0.014−0.017,N/A,12+4−5,N/A,2,1
HD 41248 c,0.027+0.020−0.016,N/A,9+6−5,N/A,2,1
K2-256 b,N/A,0.235+0.022−0.019,N/A,2.6±0.2,1,1
HD 192263 b,0.733,N/A,233,N/A,1,1
Kepler-1477 b,N/A,0.105±0.008,N/A,1.18±0.09,1,1
Kepler-1016 b,N/A,0.19±0.03,N/A,2.2+0.4−0.3,2,1
Kepler-1016 c,N/A,0.33+0.06−0.03,N/A,3.7+0.7−0.4,2,1
OGLE-2013-BLG-0911L b,9.5+2.7−1.7,N/A,3023+864−537,N/A,1,1
Kepler-1022 b,N/A,0.211+0.007−0.025,N/A,2.37+0.08−0.28,1,1
Kepler-611 b,N/A,0.147+0.045−0.013,N/A,1.65+0.50−0.15,1,1
K2-321 b,N/A,0.174+0.009−0.011,N/A,1.95+0.10−0.12,1,1
Kepler-1411 b,N/A,0.25+0.04−0.02,N/A,2.8+0.4−0.2,1,1
K2-120 b,N/A,0.179+0.012−0.011,N/A,2.01+0.13−0.12,1,1
K2-390 b,0.0617,0.42±0.03,19.61,4.7±0.3,1,1
MOA-2011-BLG-262L b,0.05+0.09−0.03,N/A,17+28−10,N/A,1,1
Kepler-1925 b,0.0292,0.268,9.28,3.00,1,1
Kepler-1265 b,N/A,0.120+0.006−0.012,N/A,1.35+0.07−0.13,1,1
GJ 317 b,1.75±0.06,N/A,557±18,N/A,2,1
GJ 317 c,1.64±0.06,N/A,522±19,N/A,2,1
Kepler-1433 b,N/A,0.139+0.040−0.016,N/A,1.56+0.45−0.18,1,1
Kepler-249 c,N/A,0.138±0.008,N/A,1.54±0.09,3,1
Kepler-249 b,N/A,0.099±0.005,N/A,1.11±0.05,3,1
Kepler-249 d,N/A,0.143±0.013,N/A,1.60±0.14,3,1
HD 132406 b,5.61,N/A,1783,N/A,1,1
HD 37605 b,2.802±0.011,N/A,891±3,N/A,2,1
HD 37605 c,3.4+0.8−0.3,N/A,1071+264−83,N/A,2,1
CFHTWIR-Oph 98 A b,7.8+0.7−0.8,1.86±0.05,2479+222−254,20.8±0.6,1,1
KOI-192 b,0.29±0.09,1.2±0.2,92±29,14±2,1,1
EPIC 248847494 b,13.00,1.11±0.07,4132,12.4±0.8,1,1
Kepler-1329 b,N/A,0.194+0.005−0.014,N/A,2.17+0.06−0.16,1,1
HD 4732 b,2.37,N/A,753,N/A,2,1
HD 4732 c,2.37,N/A,753,N/A,2,1
WASP-97 b,1.32±0.05,1.13±0.06,420±16,12.7±0.7,1,1
HD 136418 b,2.00,N/A,636,N/A,1,1
Kepler-1595 b,N/A,0.110+0.008−0.009,N/A,1.23+0.09−0.10,1,1
WASP-166 b,0.101±0.005,0.63±0.03,32.1±1.6,7.1±0.3,1,1
Kepler-1112 b,N/A,0.27+0.11−0.05,N/A,3.0+1.3−0.5,1,1
HD 2685 b,1.17±0.12,1.44±0.05,372±38,16.1±0.6,1,1
TOI-2136 b,0.015+0.010−0.008,0.20±0.06,5±3,2.2±0.7,1,1
Kepler-937 b,N/A,0.33+0.12−0.04,N/A,3.7+1.3−0.5,2,1
Kepler-937 c,N/A,0.24+0.08−0.04,N/A,2.7+0.9−0.4,2,1
Kepler-525 b,N/A,0.23+0.03−0.05,N/A,2.6+0.4−0.5,1,1
Kepler-1072 b,N/A,0.14+0.06−0.02,N/A,1.6+0.7−0.2,1,1
K2-125 b,N/A,0.194+0.017−0.016,N/A,2.17+0.19−0.18,1,1
Kepler-837 b,N/A,0.23+0.02−0.04,N/A,2.6+0.2−0.4,1,1
OGLE-2017-BLG-1049 b,6+4−3,N/A,1758+1151−912,N/A,1,1
GJ 3473 b,0.0059±0.0009,0.113±0.004,1.9±0.3,1.27±0.04,2,1
GJ 3473 c,0.023±0.003,N/A,7.4±0.9,N/A,2,1
Kepler-155 b,N/A,0.190±0.019,N/A,2.1±0.2,2,1
Kepler-155 c,N/A,0.204±0.014,N/A,2.29±0.15,2,1
OGLE-2019-BLG-0249L b,7.1±1.5,1.130,2263±467,12.67,1,1
HD 147018 b,2.12,N/A,674,N/A,2,1
HD 147018 c,6.56,N/A,2085,N/A,2,1
HD 109833 c,0.0227,0.231+0.017−0.016,7.21,2.59+0.19−0.18,2,1
HD 109833 b,0.0273,0.258+0.014−0.011,8.68,2.89+0.16−0.12,2,1
K2-196 b,N/A,0.32+0.05−0.04,N/A,3.6+0.6−0.5,1,1
Kepler-654 b,N/A,0.18+0.03−0.02,N/A,2.1+0.4−0.3,1,1
Kepler-1187 b,N/A,0.23+0.04−0.03,N/A,2.6+0.5−0.3,1,1
Kepler-1602 b,N/A,0.12+0.05−0.02,N/A,1.3+0.6−0.2,1,1
HAT-P-44 b,0.39±0.03,1.28+0.14−0.07,125±10,14.3+1.6−0.8,2,1
HAT-P-44 c,1.6±0.2,N/A,509±64,N/A,2,1
HD 102843 b,0.36±0.05,N/A,114±14,N/A,1,1
HD 73256 b,1.870,N/A,594,N/A,1,1
HD 190647 b,1.900,N/A,604,N/A,1,1
Kepler-1892 b,0.0127,0.1640,4.04,1.838,1,1
HD 29399 b,1.57±0.11,N/A,499±35,N/A,1,1
Kepler-136 b,N/A,0.19±0.03,N/A,2.1±0.4,2,1
Kepler-136 c,N/A,0.18±0.03,N/A,2.0±0.4,2,1
TOI-4201 b,2.48±0.09,1.22±0.04,788±29,13.7±0.4,1,1
Kepler-1079 b,N/A,0.14±0.03,N/A,1.6±0.3,1,1
Kepler-1295 b,N/A,0.138+0.018−0.011,N/A,1.55+0.20−0.12,1,1
HD 171028 b,1.980,N/A,629,N/A,1,1
HD 207897 b,0.050±0.005,0.223±0.007,15.9±1.6,2.50±0.08,1,1
Kepler-764 b,N/A,0.146+0.018−0.012,N/A,1.64+0.20−0.13,1,1
HD 42012 b,1.60±0.10,N/A,509±32,N/A,1,1
HIP 86221 b,0.710,N/A,226,N/A,1,1
Kepler-981 b,N/A,0.206+0.027−0.016,N/A,2.31+0.30−0.18,1,1
Kepler-126 b,N/A,0.139±0.009,N/A,1.55±0.10,3,1
Kepler-126 d,N/A,0.228±0.005,N/A,2.55±0.05,3,1
Kepler-126 c,N/A,0.144±0.012,N/A,1.61±0.13,3,1
WASP-189 b,1.9±0.7,1.38±0.10,591±210,15.5±1.1,1,1
Kepler-1535 b,N/A,0.227+0.022−0.017,N/A,2.54+0.25−0.19,1,1
K2-274 b,N/A,0.196±0.011,N/A,2.20±0.12,1,1
Kepler-1998 b,4.90 ·10-4,0.0620,0.1557,0.695,1,1
Kepler-1188 b,N/A,0.19+0.04−0.02,N/A,2.1+0.5−0.2,1,1
HD 85390 b,0.1320,N/A,42.0,N/A,1,1
XO-2S b,0.259±0.014,N/A,82±4,N/A,4,2
XO-2S c,1.37±0.05,N/A,435±17,N/A,4,2
XO-2N b,0.60±0.02,0.973,190±7,10.91,4,2
XO-2N c,> 1.8000,N/A,> 572.0911,N/A,4,2
HD 50554 b,5.16,N/A,1640,N/A,1,1
Kepler-7 b,0.44±0.04,1.620±0.010,140±13,18.16±0.11,1,1
Kepler-852 b,N/A,0.227+0.040−0.015,N/A,2.54+0.45−0.17,1,1
Kepler-1484 b,N/A,0.19+0.03−0.02,N/A,2.1+0.3−0.2,1,1
WASP-56 b,0.571,1.092,181.5,12.24,1,1
TOI-2443 b,0.0255,0.247+0.004−0.005,8.10,2.77+0.04−0.06,1,1
HD 211810 b,0.7±0.4,N/A,213±140,N/A,1,1
WASP-19 b,1.168,1.386,371,15.54,1,1
Kepler-1055 b,N/A,0.110+0.006−0.005,N/A,1.23+0.07−0.06,1,1
POTS-1 b,2.3±0.8,0.94+0.04−0.05,734±245,10.5+0.4−0.5,1,1
K2-88 b,N/A,0.11±0.02,N/A,1.2±0.2,1,1
1RXS1609 b,> 13.0000,1.700,> 4131.7693,19.06,1,1
K2-81 b,N/A,0.176+0.012−0.010,N/A,1.97+0.13−0.11,1,1
GJ 9066 b,0.10±0.02,N/A,31±6,N/A,2,1
GJ 9066 c,0.23±0.03,N/A,72±10,N/A,2,1
Kepler-753 b,N/A,0.170+0.022−0.008,N/A,1.91+0.25−0.09,1,1
HD 135625 b,2.3+0.8−0.3,1.190,731+254−95,13.34,1,1
K2-2016-BLG-0005L b,1.10±0.08,N/A,350±25,N/A,1,1
Kepler-446 b,> 0.0126,0.14±0.02,> 3.9992,1.5±0.3,3,1
Kepler-446 c,> 0.0063,0.101±0.016,> 1.9995,1.13±0.18,3,1
Kepler-446 d,> 0.0094,0.12±0.02,> 2.9993,1.4±0.2,3,1
HAT-P-65 b,0.53±0.08,1.89±0.13,167±26,21.2±1.5,1,1
TOI-2818 b,0.7±0.3,1.36+0.05−0.04,226±83,15.3±0.5,1,1
K2-176 b,N/A,0.133+0.011−0.008,N/A,1.49+0.12−0.09,1,1
HATS-75 b,0.49±0.04,0.884±0.013,156±12,9.91±0.15,1,1
Kepler-1356 b,N/A,0.136+0.010−0.009,N/A,1.52+0.11−0.10,1,1
Kepler-809 b,N/A,0.27+0.06−0.02,N/A,3.0+0.7−0.2,1,1
HD 163607 b,0.770,N/A,245,N/A,2,1
HD 163607 c,2.29,N/A,728,N/A,2,1
WASP-117 b,0.276±0.009,1.02+0.08−0.07,88±3,11.4+0.9−0.7,1,1
Kepler-1414 b,N/A,0.110+0.008−0.007,N/A,1.23+0.09−0.08,1,1
HD 206610 b,2.20,N/A,699,N/A,1,1
AB Pic b,12.00,1.550,3814,17.37,1,1
EPIC 201565013 b,N/A,1.5±0.8,N/A,16±9,1,1
K2-181 b,N/A,0.242+0.028−0.016,N/A,2.71+0.31−0.18,1,1
CFBDS 1458 b,6.50,N/A,2066,N/A,1,1
Kepler-1208 b,N/A,0.207+0.017−0.012,N/A,2.32+0.19−0.13,1,1
TOI-942 b,N/A,0.38±0.03,N/A,4.2+0.4−0.3,2,1
TOI-942 c,< 0.1160,0.43+0.04−0.03,< 36.8681,4.8±0.4,2,1
Kepler-870 b,N/A,0.25+0.04−0.03,N/A,2.8+0.5−0.3,1,1
K2-295 b,0.34±0.06,0.897+0.011−0.005,106±20,10.05+0.12−0.06,1,1
WASP-81 b,0.73±0.04,1.43±0.05,232±11,16.0+0.6−0.5,2,1
WASP-81 c,56.6±0.2,N/A,17989±64,N/A,2,1
TIC 279401253 b,6.1±0.4,1.00±0.04,1951+124−133,11.2±0.4,2,1
TIC 279401253 c,8.02±0.18,1.120,2549±57,12.55,2,1
2M0437 b,4.00,N/A,1271,N/A,1,1
Kepler-1578 b,N/A,0.093±0.010,N/A,1.04±0.11,1,1
Kepler-1058 b,N/A,0.243+0.010−0.029,N/A,2.72+0.11−0.33,1,1
OGLE-2005-BLG-71L b,3.8±0.4,N/A,1208±127,N/A,1,1
Kepler-933 b,N/A,0.219+0.021−0.014,N/A,2.45+0.24−0.16,1,1
Kepler-1625 b,N/A,0.54+0.08−0.05,N/A,6.1+0.9−0.5,1,1
HD 110014 b,10.7±1.0,N/A,3401±318,N/A,2,1
HD 110014 c,3.1±0.4,N/A,985±127,N/A,2,1
NGTS-6 b,1.34±0.03,1.33+0.10−0.11,426±9,14.9+1.1−1.3,1,1
K2-74 b,N/A,0.26+0.04−0.03,N/A,3.0+0.4−0.3,1,1
HD 103720 b,0.62±0.03,N/A,197±8,N/A,1,1
Kepler-496 b,N/A,0.207+0.017−0.012,N/A,2.32+0.19−0.13,1,1
Gliese 3293 b,0.076±0.005,N/A,24.2±1.6,N/A,3,1
Gliese 3293 d,0.070±0.005,N/A,22.2±1.6,N/A,3,1
Gliese 3293 c,0.027±0.005,N/A,8.6±1.6,N/A,3,1
Kepler-886 b,N/A,0.136+0.037−0.017,N/A,1.52+0.41−0.19,1,1
Gl 686 b,0.0209±0.0017,N/A,6.6±0.5,N/A,1,1
OGLE-2013-BLG-0102L B,13±2,N/A,4005±667,N/A,1,1
MOA-2010-BLG-328L b,0.029±0.007,N/A,9±2,N/A,1,1
NGTS-8 b,0.93+0.04−0.03,1.09±0.03,296+13−10,12.2±0.3,1,1
Kepler-1192 b,N/A,0.21±0.02,N/A,2.4±0.2,1,1
HATS-51 b,0.77±0.04,1.41±0.19,244±14,16±2,1,1
Kepler-1251 b,N/A,0.164+0.023−0.012,N/A,1.84+0.26−0.13,1,1
Kepler-361 c,N/A,0.23±0.04,N/A,2.6±0.5,2,1
Kepler-361 b,N/A,0.13±0.03,N/A,1.5±0.3,2,1
Kepler-295 b,N/A,0.11±0.06,N/A,1.2±0.7,3,1
Kepler-295 c,N/A,0.11±0.06,N/A,1.2±0.6,3,1
Kepler-295 d,N/A,0.12±0.07,N/A,1.4±0.7,3,1
K2-204 b,N/A,0.27+0.04−0.03,N/A,3.0±0.4,1,1
WISE 0855-0714,6±4,N/A,1907±1271,N/A,1,0
HD 8535 b,0.680,N/A,216,N/A,1,1
Kepler-898 b,N/A,0.133+0.027−0.008,N/A,1.49+0.30−0.09,1,1
HD 216520 b,0.032±0.003,N/A,10.3±1.0,N/A,2,1
HD 216520 c,0.030±0.005,N/A,9.4±1.6,N/A,2,1
WASP-153 b,0.39±0.02,1.55+0.10−0.08,124±6,17.4+1.1−0.9,1,1
Kepler-1340 b,N/A,0.14+0.06−0.02,N/A,1.5+0.7−0.3,1,1
TOI-4479 b,0.026+0.013−0.025,0.25±0.06,8+4−8,2.8±0.7,1,1
2M 1258+2630 b,3.40+0.31−0.18,N/A,1081+99−57,N/A,1,1
Kepler-1694 b,N/A,0.1050,N/A,1.177,1,1
Kepler-1626 b,N/A,0.18+0.06−0.04,N/A,2.0+0.7−0.4,1,1
Kepler-1311 d,0.212,0.862,67.4,9.66,3,1
Kepler-1311 b,0.0065,0.11±0.02,2.07,1.2+0.2−0.3,3,1
Kepler-1311 c,0.0062,0.11+0.03−0.02,1.983,1.2+0.3−0.2,3,1
Kepler-872 b,N/A,0.18+0.04−0.02,N/A,2.0+0.5−0.2,1,1
Kepler-1997 b,0.0183,0.218,5.82,2.44,1,1
Kepler-1249 b,N/A,0.21+0.09−0.03,N/A,2.4+1.0−0.4,1,1
K2-58 b,N/A,0.231+0.025−0.012,N/A,2.59+0.28−0.13,3,1
K2-58 c,N/A,0.145+0.023−0.008,N/A,1.63+0.26−0.09,3,1
K2-58 d,N/A,0.156+0.018−0.008,N/A,1.75+0.20−0.09,3,1
HD 83443 b,0.400,N/A,127.1,N/A,1,1
Kepler-1510 b,N/A,0.30+0.11−0.05,N/A,3.4+1.2−0.6,1,1
Kepler-730 b,N/A,1.10±0.05,N/A,12.3+0.5−0.6,2,1
Kepler-730 c,N/A,0.140±0.012,N/A,1.57±0.13,2,1
Kepler-744 b,N/A,0.145+0.011−0.008,N/A,1.63+0.12−0.09,1,1
Kepler-1650 b,N/A,0.086+0.010−0.009,N/A,0.96+0.11−0.10,1,1
Oph 11 B,21±3,N/A,6674±953,N/A,1,1
EPIC 210363145 b,< 1.9000,0.205±0.014,< 603.8740,2.30±0.16,1,1
Kepler-1198 b,N/A,0.131+0.016−0.009,N/A,1.47+0.18−0.10,1,1
Kepler-267 b,N/A,0.180±0.008,N/A,2.02±0.09,3,1
Kepler-267 c,N/A,0.194±0.010,N/A,2.18±0.11,3,1
Kepler-267 d,N/A,0.207±0.011,N/A,2.32±0.12,3,1
Kepler-1442 b,N/A,0.35+0.04−0.03,N/A,3.9+0.4−0.3,1,1
HATS-34 b,0.94±0.07,1.43±0.19,299±23,16±2,1,1
HD 38858 b,0.0961,N/A,30.5,N/A,1,1
K2-282 c,N/A,0.132+0.012−0.009,N/A,1.48+0.13−0.10,2,1
K2-282 b,N/A,0.252±0.012,N/A,2.82±0.13,2,1
Kepler-850 b,N/A,0.159+0.042−0.019,N/A,1.8+0.5−0.2,1,1
Kepler-1258 b,N/A,0.077+0.012−0.007,N/A,0.86+0.13−0.08,1,1
KOI-368.01,N/A,2.1±0.2,N/A,24±2,1,1
V1298 Tau c,N/A,0.50±0.03,N/A,5.6+0.4−0.3,4,1
V1298 Tau d,N/A,0.57±0.04,N/A,6.4±0.4,4,1
V1298 Tau e,N/A,0.78+0.07−0.06,N/A,8.7+0.8−0.7,4,1
V1298 Tau b,N/A,0.92±0.05,N/A,10.3+0.6−0.5,4,1
TOI-4600 b,3.02,0.61±0.03,960,6.8±0.3,2,1
TOI-4600 c,9.27,0.84±0.04,2946,9.4±0.4,2,1
Kepler-561 b,N/A,0.62+0.11−0.05,N/A,7.0+1.2−0.6,2,1
Kepler-561 c,N/A,0.24+0.04−0.02,N/A,2.7+0.4−0.2,2,1
Kepler-1989 b,0.0607,0.425,19.29,4.76,1,1
Kepler-1935 b,0.0214,0.223,6.80,2.50,1,1
Kepler-1392 b,N/A,0.175+0.020−0.014,N/A,1.96+0.22−0.16,1,1
Kepler-803 b,N/A,0.34+0.05−0.03,N/A,3.8+0.5−0.4,1,1
TOI-1860 b,0.007+0.004−0.002,0.117±0.004,2.2+1.3−0.7,1.31±0.04,1,1
HD 158259 b,0.0070+0.0012−0.0014,N/A,2.2+0.4−0.5,N/A,5,1
HD 158259 c,0.0176±0.0019,N/A,5.6±0.6,N/A,5,1
HD 158259 d,0.017±0.002,N/A,5.4±0.7,N/A,5,1
HD 158259 e,0.019±0.003,N/A,6.1+0.9−1.0,N/A,5,1
HD 158259 f,0.019±0.004,N/A,6.1+1.3−1.4,N/A,5,1
HD 81688 b,2.70,N/A,858,N/A,1,1
HR 858 b,N/A,0.186±0.006,N/A,2.08±0.07,3,1
HR 858 c,N/A,0.173±0.006,N/A,1.94±0.07,3,1
HR 858 d,N/A,0.193+0.008−0.007,N/A,2.16+0.09−0.08,3,1
OGLE-2017-BLG-0604L b,0.5±0.2,N/A,162±67,N/A,1,1
CoRoT-7 b,0.013±0.003,0.150±0.010,4.1±1.0,1.68±0.11,3,1
CoRoT-7 c,0.026±0.003,0.253,8.4±0.9,2.84,3,1
CoRoT-7 d,0.054±0.008,0.384,17±3,4.30,3,1
Kepler-1324 b,N/A,0.135+0.007−0.008,N/A,1.51+0.08−0.09,1,1
HAT-P-33 b,0.763,1.827,243,20.5,1,2
Kepler-592 b,N/A,0.21+0.05−0.02,N/A,2.4+0.6−0.2,1,1
CoRoT-5 b,0.47+0.05−0.02,1.39±0.05,148+15−8,15.6±0.5,1,1
Kepler-1608 b,N/A,0.154+0.014−0.017,N/A,1.73+0.16−0.19,1,1
K2-41 b,N/A,0.96+0.09−0.06,N/A,10.8+1.0−0.7,1,1
GJ 3929 b,0.0038±0.0013,0.103±0.004,1.2±0.4,1.15±0.04,2,1
GJ 3929 c,0.017±0.002,N/A,5.3±0.8,N/A,2,1
Kepler-542 b,N/A,0.140+0.009−0.010,N/A,1.57+0.10−0.11,1,1
Kepler-223 d,N/A,0.27+0.12−0.03,N/A,3.0+1.3−0.3,4,1
Kepler-223 c,N/A,0.18±0.08,N/A,2.0±0.9,4,1
Kepler-223 e,N/A,0.219+0.095−0.004,N/A,2.45+1.06−0.04,4,1
Kepler-223 b,N/A,0.15±0.07,N/A,1.7±0.7,4,1
Kepler-596 b,N/A,0.31+0.14−0.04,N/A,3.5+1.6−0.5,1,1
K2-223 b,N/A,0.081+0.009−0.007,N/A,0.91+0.10−0.07,2,1
K2-223 c,N/A,0.144+0.013−0.008,N/A,1.62+0.14−0.09,2,1
HD 45184 b,0.038±0.003,N/A,12.2±1.0,N/A,2,1
HD 45184 c,0.028±0.003,N/A,8.8+1.1−1.0,N/A,2,1
Kepler-968 c,0.0110,0.151+0.007−0.006,3.50,1.69+0.08−0.07,3,1
Kepler-968 b,0.0147,0.178±0.007,4.67,2.00±0.08,3,1
Kepler-968 d,0.0347,0.23±0.02,11.02,2.6±0.2,3,1
PDS 70 c,2.0±1.0,2.0+0.6−0.5,636±318,23+7−5,2,1
PDS 70 b,3.0±1.0,2.72+0.20−0.17,953±318,30.5+2.2−1.9,2,1
KOI-12 b,1.1+3.5−0.8,1.23+0.06−0.05,350+1112−254,13.8+0.7−0.6,2,1
KOI-12 c,22+7−5,N/A,6992+2225−1589,N/A,2,1
Kepler-951 b,N/A,0.50±0.02,N/A,5.6+0.2−0.3,1,1
HIP 19976 b,0.068+0.009−0.016,0.441,22+3−5,4.94,1,1
HD 175541 b,0.610,N/A,193.9,N/A,1,1
BD+26 1888 b,26±2,N/A,8264±636,N/A,1,1
Kepler-1506 b,N/A,0.118+0.017−0.012,N/A,1.32+0.19−0.13,1,1
HD 69830 b,0.0330,N/A,10.49,N/A,3,1
HD 69830 c,0.0380,N/A,12.08,N/A,3,1
HD 69830 d,0.0580,N/A,18.43,N/A,3,1
CoRoT-13 b,1.308,0.885,416,9.92,1,1
K2-417 b,2.20,0.295+0.012−0.011,699,3.31+0.13−0.12,1,1
Kepler-997 b,N/A,0.12+0.03−0.02,N/A,1.4±0.3,1,1
Kepler-1947 b,0.0032,0.0900,1.008,1.009,1,1
Kepler-1325 b,N/A,0.26±0.04,N/A,2.9+0.4−0.5,1,1
HD 113337 b,2.8±0.2,N/A,899±76,N/A,1,1
MOA-2009-BLG-319L b,0.16+0.14−0.08,N/A,50+44−24,N/A,1,1
GJ 229 b,0.027±0.006,N/A,8±2,N/A,2,2
GJ 229 c,0.023±0.004,N/A,7.3±1.3,N/A,2,2
Kepler-640 b,N/A,0.228+0.007−0.020,N/A,2.56+0.08−0.22,1,1
K2-201 b,N/A,0.125+0.013−0.007,N/A,1.40+0.14−0.08,2,1
K2-201 c,N/A,0.293+0.036−0.016,N/A,3.29+0.40−0.18,2,1
Kepler-1926 b,0.0188,0.207,5.98,2.32,1,1
Kepler-758 b,N/A,0.22+0.05−0.04,N/A,2.5+0.5−0.4,4,1
Kepler-758 c,N/A,0.15±0.03,N/A,1.7+0.4−0.3,4,1
Kepler-758 d,N/A,0.19+0.04−0.03,N/A,2.1+0.5−0.3,4,1
Kepler-758 e,N/A,0.14+0.03−0.02,N/A,1.5+0.3−0.2,4,1
GJ 625 b,0.0089±0.0016,N/A,2.8±0.5,N/A,1,1
Kepler-1186 b,N/A,0.20+0.03−0.02,N/A,2.2+0.4−0.2,1,1
Kepler-985 b,N/A,0.266+0.012−0.013,N/A,2.98+0.13−0.15,1,1
TOI-892 b,0.95±0.07,1.07±0.02,302±22,12.0±0.2,1,1
K2-110 b,N/A,0.225+0.014−0.009,N/A,2.52+0.16−0.10,1,1
HAT-P-20 b,7.25,0.867,2303,9.72,1,1
Kepler-1086 b,N/A,0.22±0.03,N/A,2.4±0.3,2,1
Kepler-1086 c,N/A,0.262+0.010−0.012,N/A,2.94+0.11−0.13,2,1
Kepler-209 b,N/A,0.21±0.03,N/A,2.3±0.3,2,1
Kepler-209 c,N/A,0.28±0.05,N/A,3.2±0.5,2,1
EPIC 201617985 b,N/A,0.16±0.04,N/A,1.8±0.4,1,1
Kepler-1200 b,N/A,0.095+0.005−0.007,N/A,1.06+0.06−0.08,1,1
Kepler-1604 b,N/A,0.126+0.017−0.010,N/A,1.41+0.19−0.11,1,1
TYC 2187-512-1 b,0.34±0.02,N/A,108±6,N/A,1,1
TOI-1937 A b,2.01+0.17−0.16,1.25±0.06,639+54−51,14.0±0.7,1,1
HAT-P-60 b,0.57±0.04,1.63±0.02,182±12,18.3±0.3,1,1
Kepler-1111 b,N/A,0.18+0.05−0.02,N/A,2.0+0.5−0.3,1,1
Kepler-793 b,N/A,0.122+0.025−0.014,N/A,1.37+0.28−0.16,1,1
HD 81040 b,6.86,N/A,2180,N/A,1,1
GJ 3222 b,0.037+0.010−0.007,0.308,12+3−2,3.45,1,1
Kepler-1229 b,N/A,0.125+0.010−0.012,N/A,1.40+0.11−0.13,1,1
KMT-2018-BLG-0030 b,1.4+1.2−0.9,N/A,461+391−280,N/A,1,1
HD 81817 b,27±2,N/A,8613±667,N/A,1,1
HD 290327 b,2.54,N/A,807,N/A,1,1
K2-326 b,N/A,0.203±0.016,N/A,2.28±0.18,1,1
Kepler-83 b,N/A,0.231±0.015,N/A,2.58±0.16,3,1
Kepler-83 d,N/A,0.177±0.012,N/A,1.98±0.13,3,1
Kepler-83 c,N/A,0.21±0.03,N/A,2.3±0.4,3,1
TOI-157 b,1.18+0.13−0.12,1.29±0.02,375+41−38,14.4+0.3−0.2,1,1
KOI-142 b,0.006±0.006,0.38±0.03,1.8±1.8,4.2+0.4−0.3,3,1
KOI-142 c,0.76+0.16−0.32,N/A,242+51−102,N/A,3,1
KOI-142 d,3.05±0.16,N/A,969±51,N/A,3,1
KMT-2016-BLG-2142L b,15+25−9,N/A,4923+7943−2727,N/A,1,1
Kepler-99 b,0.019±0.004,0.135±0.007,6.1±1.3,1.51±0.08,1,1
Kepler-699 b,N/A,1.26+0.12−0.11,N/A,14.1+1.4−1.2,1,1
Kepler-1400 b,N/A,0.145±0.010,N/A,1.63±0.11,1,1
Kepler-115 c,N/A,0.24±0.05,N/A,2.7±0.5,2,1
Kepler-115 b,N/A,0.099±0.019,N/A,1.1±0.2,2,1
TOI-1695 b,0.017±0.003,0.181±0.016,5.5±1.0,2.03±0.18,1,1
Kepler-1335 b,N/A,0.129+0.009−0.008,N/A,1.45+0.10−0.09,1,1
K2-323 b,N/A,0.187+0.008−0.010,N/A,2.10+0.09−0.11,1,1
TOI-451 b,N/A,0.173+0.012−0.013,N/A,1.94+0.13−0.15,3,2
TOI-451 c,N/A,0.277±0.012,N/A,3.10±0.13,3,2
TOI-451 d,N/A,4.03±0.15,N/A,45.2±1.7,3,2
Kepler-1452 b,N/A,0.24+0.04−0.03,N/A,2.7+0.4−0.3,1,1
Kepler-574 b,N/A,0.213+0.029−0.014,N/A,2.39+0.33−0.16,1,1
Kepler-1570 b,N/A,0.095+0.017−0.009,N/A,1.06+0.19−0.10,1,1
HD 24085 b,0.037±0.010,N/A,12±3,N/A,1,1
Gliese 86 b,3.9±0.3,N/A,1243±102,N/A,1,2
HD 11755 b,6.5±1.0,N/A,2066±318,N/A,1,1
Kepler-1729 b,0.0454,0.347,14.43,3.89,1,1
NGTS-25 b,0.64+0.06−0.05,1.02+0.04−0.05,203+18−17,11.5+0.4−0.6,1,1
KMT-2016-BLG-0212L b,18+20−11,N/A,5721+6357−3496,N/A,1,1
Kepler-1993 b,0.0506,0.395,16.08,4.43,1,1
Kepler-549 b,N/A,0.229+0.021−0.015,N/A,2.57+0.24−0.17,2,1
Kepler-549 c,N/A,0.26+0.02−0.05,N/A,2.9+0.2−0.6,2,1
Kepler-634 b,N/A,0.17+0.03−0.02,N/A,1.9+0.3−0.2,1,1
K2-162 b,N/A,0.133+0.015−0.011,N/A,1.49+0.17−0.12,1,1
Kepler-1834 b,0.0086,0.1300,2.73,1.457,1,1
KOI-806.03,0.036±0.004,0.355±0.018,11.3±1.4,4.0±0.2,3,1
KOI-806.02,2.01±0.16,1.12±0.04,640±50,12.6±0.4,3,1
KOI-806.01,0.073±0.008,0.80±0.05,23±3,9.0±0.5,3,1
HIP 35965 b,8+4−3,1.120,2548+1417−929,12.55,1,1
K2-50 b,N/A,0.14±0.02,N/A,1.6±0.2,2,1
K2-50 c,N/A,0.089+0.011−0.010,N/A,1.00+0.12−0.11,2,1
COCONUTS-2 b,6±2,1.12±0.04,2034±636,12.6±0.4,1,1
Kepler-1521 b,N/A,0.223+0.008−0.009,N/A,2.50+0.09−0.10,1,1
Kepler-120 b,N/A,0.196±0.015,N/A,2.20±0.17,2,1
Kepler-120 c,N/A,0.139±0.008,N/A,1.56±0.09,2,1
Kepler-577 b,N/A,0.227+0.034−0.013,N/A,2.54+0.38−0.15,1,1
Kepler-368 b,N/A,0.30±0.08,N/A,3.3±0.9,2,1
Kepler-368 c,N/A,0.354+0.098−0.007,N/A,3.96+1.10−0.08,2,1
HD 36384 b,6.6±0.5,1.130,2098±159,12.67,1,1
Kepler-1463 b,N/A,0.166+0.029−0.017,N/A,1.86+0.33−0.19,1,1
Kepler-883 b,N/A,0.159+0.015−0.012,N/A,1.78+0.17−0.13,1,1
K2-269 b,N/A,0.140±0.011,N/A,1.57±0.12,1,1
Kepler-1255 b,N/A,0.21+0.06−0.03,N/A,2.3+0.6−0.3,1,1
OGLE-2018-BLG-1119 b,0.9+0.7−0.5,N/A,289+210−165,N/A,1,1
HATS-44 b,0.56±0.11,1.07+0.12−0.07,178±35,12.0+1.4−0.8,1,1
HD 156098 b,0.054±0.007,0.384,17±2,4.30,2,1
HD 156098 c,5.2+1.9−1.3,1.140,1662+616−409,12.78,2,1
XO-4 b,1.61±0.10,1.61+0.04−0.03,513+32−31,18.1+0.4−0.3,1,1
Kepler-261 b,N/A,0.199±0.013,N/A,2.23±0.14,2,1
Kepler-261 c,N/A,0.182±0.013,N/A,2.04±0.14,2,1
6 Lyn b,2.21+0.11−0.16,N/A,702+35−51,N/A,1,1
K2-255 b,N/A,0.259+0.025−0.010,N/A,2.90+0.28−0.11,1,1
HD 33142 b,1.30±0.10,N/A,413±32,N/A,2,1
HD 33142 c,6.0+1.0−0.8,N/A,1897+331−254,N/A,2,1
WASP-141 b,2.69±0.15,1.21±0.08,855±48,13.6±0.9,1,1
Kepler-461 b,N/A,0.230+0.006−0.005,N/A,2.58+0.07−0.06,1,1
HAT-P-22 b,2.15,1.080,682,12.11,1,1
TOI-198 b,0.0084,0.128±0.007,2.67,1.43±0.08,1,1
TOI-2545 b,0.0252,0.245,8.01,2.75,1,1
61 Vir b,0.016±0.002,N/A,5.1±0.6,N/A,3,1
61 Vir c,0.057±0.004,N/A,18.2±1.1,N/A,3,1
61 Vir d,0.072±0.008,N/A,23±3,N/A,3,1
Kepler-1548 b,N/A,0.236+0.048−0.019,N/A,2.6+0.5−0.2,1,1
Kepler-1018 b,N/A,0.230+0.027−0.017,N/A,2.58+0.30−0.19,1,1
Kepler-1483 b,N/A,0.14+0.06−0.03,N/A,1.5+0.7−0.3,1,1
Kepler-1990 c,0.0028,0.1060,0.903,1.188,2,1
Kepler-1990 b,0.0338,0.349,10.74,3.91,2,1
Kepler-111 c,N/A,0.67±0.08,N/A,7.5±0.9,2,1
Kepler-111 b,N/A,0.144±0.018,N/A,1.6±0.2,2,1
Kepler-56 b,0.070+0.012−0.011,0.58±0.03,22±4,6.5±0.3,3,1
Kepler-56 c,0.57+0.07−0.06,0.87±0.04,181+21−19,9.8+0.5−0.4,3,1
Kepler-56 d,3.30,N/A,1049,N/A,3,1
Kepler-829 b,N/A,0.188+0.039−0.016,N/A,2.11+0.44−0.18,1,1
HD 15337 b,0.024±0.003,0.146±0.005,7.5+1.1−1.0,1.64±0.06,2,1
HD 15337 c,0.026+0.006−0.005,0.213±0.011,8.1+1.8−1.7,2.39±0.12,2,1
HD 238090 b,0.022±0.003,N/A,6.9+0.9−1.0,N/A,1,1
TOI-2180 b,2.75±0.08,1.010+0.022−0.019,876±25,11.3±0.2,1,1
Kepler-1678 b,N/A,0.295,N/A,3.31,1,1
KOI-183 b,0.59±0.08,1.19±0.05,189±26,13.4±0.6,1,1
HD 210193 b,0.48±0.07,N/A,153±23,N/A,1,1
Kepler-1406 b,N/A,0.098+0.016−0.012,N/A,1.10+0.18−0.13,1,1
Kepler-782 b,N/A,0.29+0.04−0.03,N/A,3.2+0.5−0.3,1,1
Kepler-1274 b,N/A,0.127±0.009,N/A,1.42±0.10,1,1
HD 80606 b,3.94,0.921±0.004,1252,10.32±0.04,1,2
HD 75302 b,5.4+0.5−0.4,1.140,1716+159−127,12.78,1,1
HD 1605 b,0.96+0.06−0.04,N/A,305+19−13,N/A,2,1
HD 1605 c,3.48+0.13−0.11,N/A,1106+41−35,N/A,2,1
SWEEPS-11,10±6,1.1±0.2,3083±1780,13±2,1,1
Gliese 777 A b,1.50+1.15−0.15,N/A,475+367−49,N/A,2,2
Gliese 777 A c,0.064±0.010,N/A,20±3,N/A,2,2
Kepler-511 b,0.1040,0.57+0.12−0.09,33.1,6.4+1.4−1.0,2,1
Kepler-511 c,0.0518,0.376,16.46,4.21,2,1
HAT-P-35 b,1.054,1.332,335,14.93,1,1
Kepler-1588 b,N/A,0.068+0.010−0.006,N/A,0.76+0.11−0.07,1,1
Kepler-747 b,N/A,0.47±0.03,N/A,5.3±0.3,1,1
K2-69 b,N/A,0.21±0.03,N/A,2.3±0.4,1,1
Kepler-349 b,N/A,0.17±0.07,N/A,1.9±0.7,2,1
Kepler-349 c,N/A,0.18±0.07,N/A,2.0±0.8,2,1
HAT-P-40 b,0.615,1.730,195.5,19.39,1,1
Kepler-1185 b,N/A,0.119+0.007−0.004,N/A,1.33+0.08−0.04,1,1
K2-180 b,N/A,0.215+0.019−0.010,N/A,2.41+0.21−0.11,1,1
HD 51608 b,0.0413,N/A,13.13,N/A,2,1
HD 51608 c,0.0565,N/A,17.96,N/A,2,1
Kepler-941 b,N/A,0.28+0.03−0.05,N/A,3.1+0.3−0.6,1,1
Kepler-252 c,N/A,0.196±0.012,N/A,2.20±0.13,2,1
Kepler-252 b,N/A,0.112±0.011,N/A,1.26±0.12,2,1
NSVS 14256825 b,14.15±0.16,N/A,4497±51,N/A,1,2
WASP-106 b,1.93±0.08,1.08+0.05−0.03,612±24,12.2+0.5−0.3,1,1
KMT-2017-BLG-1003L b,0.016+0.017−0.009,0.1900,5+5−3,2.13,1,1
Kepler-1465 b,N/A,0.158+0.031−0.017,N/A,1.77+0.35−0.19,1,1
GJ 96 b,0.062+0.008−0.007,N/A,20±2,N/A,1,1
HATS-24 b,2.26±0.17,1.40±0.06,718±54,15.6±0.6,1,1
Kepler-1317 b,N/A,0.139+0.008−0.007,N/A,1.56+0.09−0.08,1,1
Kepler-57 b,0.0158,0.1996,5.03,2.24,2,1
Kepler-57 c,0.0078,0.1413,2.47,1.583,2,1
Kepler-1030 b,N/A,0.221+0.011−0.016,N/A,2.48+0.12−0.18,1,1
Kepler-1696 b,N/A,0.251,N/A,2.81,1,1
BD-17 63 b,5.10±0.12,N/A,1621±38,N/A,1,1
EPIC 201384232 b,N/A,0.23±0.08,N/A,2.6±0.9,1,2
Kepler-245 b,N/A,0.234±0.016,N/A,2.63±0.18,4,1
Kepler-245 d,N/A,0.276±0.019,N/A,3.1±0.2,4,1
Kepler-245 c,N/A,0.199±0.015,N/A,2.23±0.17,4,1
Kepler-245 e,N/A,0.156+0.007−0.005,N/A,1.75+0.08−0.06,4,1
HAT-P-61 b,1.06±0.07,0.90±0.03,336±22,10.1±0.3,1,1
Kepler-722 b,N/A,0.23+0.06−0.03,N/A,2.6+0.7−0.3,2,1
Kepler-722 c,N/A,0.25+0.05−0.03,N/A,2.8+0.6−0.3,2,1
Kepler-536 b,N/A,0.28+0.03−0.02,N/A,3.1+0.4−0.2,1,1
Kepler-174 b,N/A,0.179±0.010,N/A,2.00±0.11,3,1
Kepler-174 c,N/A,0.136±0.008,N/A,1.52±0.09,3,1
Kepler-174 d,N/A,0.200±0.012,N/A,2.24±0.13,3,1
WASP-7 b,0.960,1.330,305,14.91,1,1
OGLE-2013-BLG-1761L b,2.8+2.5−1.5,N/A,890+795−477,N/A,1,1
HD 307842 b,0.030±0.003,0.172+0.010−0.008,9.7±0.8,1.93+0.11−0.09,1,1
HD 147513 A b,1.210,N/A,385,N/A,1,2
Kepler-1114 b,N/A,0.120+0.007−0.006,N/A,1.35+0.08−0.07,1,1
Kepler-309 b,N/A,0.142±0.013,N/A,1.59±0.14,2,1
Kepler-309 c,N/A,0.229±0.016,N/A,2.56±0.18,2,1
Kepler-1941 b,0.0236,0.236,7.50,2.65,1,1
Kepler-194 c,N/A,0.24+0.12−0.03,N/A,2.6+1.4−0.4,3,1
Kepler-194 b,N/A,0.14±0.07,N/A,1.5±0.8,3,1
Kepler-194 d,N/A,0.22+0.11−0.02,N/A,2.5+1.3−0.3,3,1
Kepler-1500 b,N/A,0.107+0.020−0.013,N/A,1.20+0.22−0.15,1,1
HD 180617 b,0.038+0.003−0.004,N/A,12.2+1.0−1.4,N/A,2,2
VB 10 b,6±3,N/A,2034+826−985,N/A,2,2
HD 211970 b,0.041±0.008,N/A,13±3,N/A,1,1
NGTS-11 b,0.37±0.14,0.82±0.04,118±44,9.2±0.4,2,1
NGTS-11 c,N/A,0.419,N/A,4.70,2,1
K2-259 b,N/A,0.207+0.018−0.015,N/A,2.32+0.20−0.17,1,1
Kepler-1320 b,N/A,0.152+0.006−0.010,N/A,1.70+0.07−0.11,1,1
Kepler-16 (AB) b,0.333,0.754,105.8,8.45,1,2
HD 206255 b,0.11±0.02,N/A,34±7,N/A,1,1
K2-316 b,N/A,0.119+0.009−0.008,N/A,1.33+0.10−0.09,2,1
K2-316 c,N/A,0.163+0.012−0.011,N/A,1.83+0.13−0.12,2,1
Kepler-504 b,N/A,0.142+0.016−0.020,N/A,1.59+0.18−0.22,1,1
EPIC 201596316 b,N/A,0.7±0.9,N/A,8±10,1,1
Kepler-1228 b,N/A,0.137+0.010−0.012,N/A,1.54+0.11−0.13,1,1
TOI-201 b,0.42+0.05−0.03,1.000±0.015,133+16−10,11.21±0.17,1,1
Kepler-512 b,N/A,0.24+0.04−0.03,N/A,2.7+0.5−0.3,1,1
Kepler-918 b,N/A,0.155+0.036−0.019,N/A,1.7+0.4−0.2,1,1
Kepler-1559 b,N/A,0.064+0.006−0.004,N/A,0.72+0.07−0.04,1,1
KPS-1 b,1.09±0.09,1.03+0.13−0.12,346+27−28,11.5+1.5−1.3,1,1
Kepler-891 b,N/A,0.57+0.13−0.05,N/A,6.4+1.5−0.6,1,1
K2-387 b,0.1330,0.65±0.02,42.3,7.3±0.3,1,1
Kepler-95 b,0.041±0.009,0.312±0.008,13±3,3.49±0.09,1,1
K2-47 b,N/A,0.17±0.02,N/A,1.9±0.3,1,1
WASP-180 A b,0.90±0.10,1.24±0.04,286±32,13.9±0.4,1,2
HD 62549 b,8.7+1.9−1.2,1.120,2773+600−396,12.55,1,1
K2-39 b,0.125±0.014,0.73±0.10,40±4,8.2±1.1,1,1
HAT-P-4 b,0.680,1.270,216,14.24,1,1
Kepler-314 c,N/A,0.26±0.04,N/A,3.0±0.4,2,1
Kepler-314 b,N/A,0.076±0.011,N/A,0.85±0.12,2,1
HD 166724 b,3.53,N/A,1122,N/A,1,1
Kepler-1677 b,N/A,0.241,N/A,2.70,1,1
K2-3 b,0.020±0.003,N/A,6.5+1.0−0.9,N/A,3,1
K2-3 c,0.007±0.003,N/A,2.1+1.1−1.0,N/A,3,1
K2-3 d,0.0088,N/A,2.80,N/A,3,1
Kepler-1119 b,N/A,0.17+0.06−0.03,N/A,1.9+0.6−0.3,1,1
OGLE-2018-BLG-0962,1.4+0.8−0.7,N/A,435+254−229,N/A,1,1
WASP-168 b,0.42±0.04,1.5+0.5−0.3,133±13,17+6−3,1,1
Kepler-718 b,N/A,1.5+0.6−0.3,N/A,17+7−3,1,1
Kepler-1106 b,N/A,0.15+0.04−0.02,N/A,1.6+0.5−0.2,1,1
HD 221420 b,9.7+1.1−1.0,N/A,3083+350−318,N/A,1,1
Kepler-185 c,N/A,0.184+0.107−0.015,N/A,2.06+1.20−0.17,2,1
Kepler-185 b,N/A,0.11±0.06,N/A,1.2±0.7,2,1
TOI-139 b,0.0208,0.219+0.019−0.011,6.61,2.45+0.21−0.12,1,1
OGLE-TR-182 b,1.060,1.470,337,16.48,1,1
Kepler-842 b,N/A,0.143+0.007−0.008,N/A,1.60+0.08−0.09,1,1
Kepler-1214 b,N/A,0.211+0.017−0.010,N/A,2.37+0.19−0.11,1,1
Kepler-306 c,N/A,0.214±0.017,N/A,2.40±0.19,4,1
Kepler-306 b,N/A,0.139±0.009,N/A,1.55±0.10,4,1
Kepler-306 d,N/A,0.23±0.02,N/A,2.5±0.2,4,1
Kepler-306 e,N/A,0.207±0.014,N/A,2.32±0.15,4,1
KELT-7 b,1.28±0.18,1.53±0.05,407±57,17.2±0.5,1,1
KMT-2017-BLG-1038L b,2.0+2.0−1.1,N/A,636+636−350,N/A,1,1
HD 97658 b,0.024+0.003−0.002,0.213+0.016−0.014,7.6±0.8,2.39+0.18−0.15,1,1
HD 360 b,0.75±0.15,N/A,238±48,N/A,1,1
Kepler-1855 b,0.0062,0.1090,1.961,1.222,1,1
Kepler-1172 b,N/A,0.28+0.04−0.03,N/A,3.2+0.4−0.3,1,1
Kepler-1050 b,N/A,0.143+0.043−0.016,N/A,1.60+0.48−0.18,2,1
Kepler-1050 c,N/A,0.132+0.031−0.014,N/A,1.48+0.35−0.16,2,1
Kepler-379 c,N/A,0.21±0.04,N/A,2.3±0.4,2,1
Kepler-379 b,N/A,0.15±0.03,N/A,1.7±0.3,2,1
HATS-62 b,0.1790,1.05±0.03,56.9,11.8±0.3,1,1
K2-222 b,N/A,0.198+0.030−0.020,N/A,2.2+0.3−0.2,1,1
HD 108863 b,2.60,N/A,826,N/A,1,1
WASP-39 b,0.280,1.270,89.0,14.24,1,1
Kepler-1468 b,N/A,0.154+0.037−0.017,N/A,1.73+0.41−0.19,2,1
Kepler-1468 c,N/A,0.103+0.022−0.012,N/A,1.15+0.25−0.13,2,1
K2-124 b,N/A,0.259±0.009,N/A,2.90±0.10,1,1
Kepler-1305 b,N/A,0.168+0.031−0.017,N/A,1.88+0.35−0.19,1,1
WASP-76 b,0.92±0.03,1.83+0.06−0.04,292±10,20.5+0.7−0.4,1,1
TOI-1231 b,0.049±0.010,0.326±0.014,15±3,3.65±0.16,1,1
HD 96992 b,1.1±0.3,N/A,362±99,N/A,1,1
HD 196050 A b,2.83,N/A,899,N/A,1,3
HD 128356 b,0.89±0.07,N/A,283±22,N/A,1,1
Kepler-1253 b,N/A,0.119±0.016,N/A,1.33±0.18,1,1
GJ 2030 b,0.015±0.002,0.1810,4.8±0.6,2.03,2,1
GJ 2030 c,13±2,1.100,4069+742−679,12.33,2,1
Kepler-397 c,N/A,0.56±0.05,N/A,6.3±0.6,2,1
Kepler-397 b,N/A,0.22+1.94−0.12,N/A,2.5+21.8−1.3,2,1
Kepler-1460 b,N/A,0.175±0.012,N/A,1.96±0.13,1,1
Kepler-1215 b,N/A,0.109+0.016−0.011,N/A,1.22+0.18−0.12,1,1
HD 17092 b,4.60,N/A,1462,N/A,1,1
Kepler-384 b,N/A,0.10±0.03,N/A,1.1±0.3,2,1
Kepler-384 c,N/A,0.10±0.03,N/A,1.2±0.3,2,1
TOI-1820 b,2.30,1.12±0.02,731,12.6±0.2,1,1
Gliese 667 C b,0.018±0.004,N/A,5.6+1.4−1.3,N/A,7,3
Gliese 667 C h,0.003±0.003,N/A,1.1+1.0−0.9,N/A,7,3
Gliese 667 C c,0.012+0.005−0.004,N/A,3.8+1.5−1.2,N/A,7,3
Gliese 667 C f,0.008±0.004,N/A,2.7+1.4−1.2,N/A,7,3
Gliese 667 C e,0.008+0.005−0.004,N/A,2.7+1.6−1.4,N/A,7,3
Gliese 667 C d,0.016+0.006−0.005,N/A,5.1+1.8−1.7,N/A,7,3
Gliese 667 C g,0.014+0.008−0.007,N/A,5+3−2,N/A,7,3
Kepler-208 b,N/A,0.15±0.03,N/A,1.7±0.3,4,1
Kepler-208 c,N/A,0.13±0.02,N/A,1.4±0.3,4,1
Kepler-208 e,N/A,0.13±0.03,N/A,1.5±0.3,4,1
Kepler-208 d,N/A,0.11±0.02,N/A,1.2±0.2,4,1
WASP-120 b,5.0±0.3,1.51±0.08,1592±83,17.0±0.9,1,1
Kepler-350 c,N/A,0.29±0.06,N/A,3.2±0.6,3,1
Kepler-350 d,N/A,0.25±0.05,N/A,2.8±0.6,3,1
Kepler-350 b,N/A,0.17±0.03,N/A,1.9±0.4,3,1
Kepler-1576 b,N/A,0.093+0.026−0.012,N/A,1.04+0.29−0.13,1,1
EPIC 201613023 b,N/A,0.21±0.05,N/A,2.4±0.6,1,1
7 CMa b,1.85+0.06−0.04,N/A,588+19−13,N/A,2,1
7 CMa c,0.87±0.06,N/A,277±19,N/A,2,1
Kepler-1879 b,0.0155,0.1840,4.93,2.06,1,1
Kepler-1701 b,N/A,0.1980,N/A,2.22,1,1
K2-42 b,N/A,0.19±0.02,N/A,2.2±0.2,1,1
Kepler-1996 b,0.0180,0.205,5.72,2.30,2,1
Kepler-1996 c,0.0261,0.251,8.30,2.81,2,1
Kepler-806 b,N/A,0.10+0.03−0.02,N/A,1.1+0.3−0.2,1,1
HD 18599 b,0.08±0.02,0.232+0.013−0.012,24+7−8,2.60+0.15−0.13,1,1
TOI-908 b,0.051±0.013,0.284±0.014,16±4,3.18±0.16,1,1
WASP-70 A b,0.59±0.02,1.16+0.07−0.10,188±7,13.0+0.8−1.1,1,2
Kepler-1422 b,N/A,0.18+0.04−0.02,N/A,2.0+0.4−0.3,1,1
Kepler-1093 b,N/A,0.17+0.06−0.02,N/A,2.0+0.6−0.2,2,1
Kepler-1093 c,N/A,0.17+0.06−0.02,N/A,2.0+0.7−0.3,2,1
HD 98219 b,1.800,N/A,572,N/A,1,1
OGLE-2015-BLG-0966L b,0.066±0.006,N/A,21.0±1.9,N/A,1,1
Kepler-1489 b,N/A,0.158+0.021−0.016,N/A,1.77+0.24−0.18,1,1
HAT-P-17 b,0.534,1.010,169.7,11.32,2,1
HAT-P-17 c,1.400,N/A,445,N/A,2,1
Kepler-1117 b,N/A,0.099+0.015−0.007,N/A,1.11+0.17−0.08,1,1
Kepler-724 b,N/A,0.29+0.04−0.02,N/A,3.3+0.4−0.2,1,1
2MASS J06023447-0034369 b,1.10±0.10,1.300,350±32,14.57,1,1
Kepler-1082 b,N/A,0.100+0.016−0.012,N/A,1.12+0.18−0.13,1,1
OGLE-2018-BLG-0977 b,0.020+0.016−0.012,N/A,6+5−4,N/A,1,1
HD 68402 b,3.1±0.3,N/A,976±111,N/A,1,1
Kepler-721 b,N/A,0.236±0.012,N/A,2.65±0.13,1,1
HD 10442 b,2.10±0.15,N/A,667±48,N/A,1,1
K2-400 b,0.0053,0.104+0.005−0.004,1.669,1.17+0.06−0.04,1,1
CoRoT-19 b,1.110,1.450,353,16.25,1,1
EPIC 212587672 c,0.0189,0.207+0.017−0.011,6.01,2.32+0.19−0.12,2,1
EPIC 212587672 b,0.0067,0.112+0.010−0.008,2.13,1.26+0.11−0.09,2,1
HU Aqr (AB) b,4.76,N/A,1512,N/A,3,2
HU Aqr (AB) c,20.2,N/A,6420,N/A,3,2
HU Aqr (AB) d,80.0,N/A,25426,N/A,3,2
K2-193 b,N/A,0.358+0.030−0.019,N/A,4.0+0.3−0.2,1,1
beta Cancri b,7.8±0.8,N/A,2479±254,N/A,1,1
55 Cancri b,0.804±0.009,N/A,255±3,N/A,5,2
55 Cancri c,0.161±0.004,N/A,51.2±1.3,N/A,5,2
55 Cancri d,3.12±0.10,N/A,992±32,N/A,5,2
55 Cancri e,0.0251±0.0010,0.167±0.003,8.0±0.3,1.88±0.03,5,2
55 Cancri f,0.150±0.008,N/A,48±2,N/A,5,2
Kepler-1945 b,0.0069,0.1150,2.21,1.289,1,1
WASP-93 b,1.47±0.03,1.60±0.08,467±9,17.9±0.9,1,1
K2-270 b,N/A,0.123±0.010,N/A,1.38±0.11,2,1
K2-270 c,N/A,0.263±0.014,N/A,2.95±0.16,2,1
HD 100546 b,17.50,6+2−3,5562,67+28−29,2,1
HD 100546 c,N/A,N/A,N/A,N/A,2,1
HD 96063 b,0.900,N/A,286,N/A,1,1
HIP 11952 b,2.93,N/A,931,N/A,2,1
HIP 11952 c,0.780,N/A,248,N/A,2,1
Kepler-1788 b,0.0197,0.212,6.26,2.38,1,1
HATS-26 b,0.65±0.08,1.8±0.2,207±24,20±2,1,1
Kepler-139 b,N/A,0.27±0.05,N/A,3.0±0.6,2,1
Kepler-139 c,N/A,0.31±0.06,N/A,3.5±0.7,2,1
WASP-83 b,0.30±0.03,1.04+0.08−0.05,95±10,11.7+0.9−0.6,1,1
Kepler-403 b,N/A,0.11±0.02,N/A,1.3±0.2,3,1
Kepler-403 c,N/A,0.16±0.03,N/A,1.8±0.3,3,1
Kepler-403 d,N/A,0.127+0.027−0.017,N/A,1.42+0.30−0.19,3,1
Kepler-1169 b,N/A,0.084±0.005,N/A,0.94±0.06,1,1
HD 87883 b,1.780,N/A,566,N/A,1,1
WASP-156 b,0.128+0.010−0.009,0.51±0.02,41±3,5.7±0.2,1,1
TOI-2803 A b,0.97+0.08−0.07,1.62±0.03,310+26−22,18.1±0.4,1,1
WASP-111 b,1.83±0.15,1.44±0.09,582±48,16.2±1.1,1,1
HIP 55507 b,8.3+2.4−1.8,1.120,2625+752−586,12.55,1,1
Kepler-866 b,N/A,0.145+0.007−0.011,N/A,1.63+0.08−0.12,1,1
Kepler-1663 b,N/A,0.295,N/A,3.31,1,1
Kepler-1381 b,N/A,0.201+0.026−0.017,N/A,2.25+0.29−0.19,1,1
KIC 10525077 b,N/A,0.49+0.08−0.07,N/A,5.5+0.9−0.8,2,1
KOI-5800.01,N/A,0.121+0.056−0.013,N/A,1.36+0.63−0.14,2,1
Kepler-1074 b,N/A,0.112+0.021−0.008,N/A,1.26+0.24−0.09,1,1
Kepler-685 b,N/A,0.94+0.27−0.11,N/A,10.6+3.1−1.2,1,1
Kepler-124 c,N/A,0.159±0.008,N/A,1.79±0.09,3,1
Kepler-124 d,N/A,0.101±0.006,N/A,1.13±0.07,3,1
Kepler-124 b,N/A,0.067±0.005,N/A,0.75±0.05,3,1
WASP-187 b,0.80±0.09,1.64±0.05,254±29,18.4±0.6,1,1
Kepler-1675 b,N/A,0.279,N/A,3.13,1,1
OGLE-2016-BLG-1195L b,0.0045+0.0014−0.0010,N/A,1.4+0.4−0.3,N/A,1,1
TOI-640 b,0.88±0.16,1.77±0.06,280±51,19.9±0.7,1,1
Proxima Centauri b,0.0037±0.0003,N/A,1.17±0.09,N/A,5,3
Proxima Centauri c,0.022±0.003,N/A,7.0±1.0,N/A,5,3
Proxima Centauri d,( 8.2±1.6 )·10-4,N/A,0.26±0.05,N/A,5,3
Alpha Centauri B b,0.0036±0.0003,N/A,1.13±0.09,N/A,5,3
Alpha Centauri B c,N/A,0.084±0.005,N/A,0.94±0.06,5,3
Kepler-780 b,N/A,0.079+0.008−0.005,N/A,0.89+0.09−0.06,1,1
Kepler-1591 b,N/A,0.113+0.037−0.017,N/A,1.27+0.41−0.19,1,1
mu2 Sco b,14.4±0.8,N/A,4577±254,N/A,1,1
Kepler-1346 b,N/A,0.141+0.050−0.019,N/A,1.6+0.6−0.2,1,1
Kepler-1177 b,N/A,0.170+0.014−0.011,N/A,1.91+0.16−0.12,1,1
TOI-3023 b,0.62+0.10−0.09,1.47+0.04−0.03,197+32−29,16.4+0.5−0.4,1,1
Kepler-483 b,N/A,0.29+0.06−0.04,N/A,3.2+0.7−0.4,1,1
TOI-530 b,0.40±0.10,0.83±0.06,127±32,9.3±0.7,1,1
Kepler-1241 b,N/A,0.235+0.019−0.021,N/A,2.6±0.2,1,1
Kepler-66 b,N/A,0.250±0.014,N/A,2.80±0.16,1,1
HD 159868 b,2.10,N/A,667,N/A,2,1
HD 159868 c,0.730,N/A,232,N/A,2,1
Kepler-216 c,N/A,0.28±0.05,N/A,3.1±0.6,2,1
Kepler-216 b,N/A,0.21±0.04,N/A,2.4±0.5,2,1
Kepler-21 b,< 0.0327,0.146+0.003−0.004,< 10.3930,1.63±0.04,1,2
TOI-2260 b,0.011+0.008−0.004,0.144±0.012,3.5+2.5−1.3,1.62±0.13,1,1
Kepler-390 b,N/A,0.075±0.006,N/A,0.84±0.07,2,1
Kepler-390 c,N/A,0.072±0.007,N/A,0.81±0.08,2,1
LHS 3844 b,N/A,0.116±0.002,N/A,1.30±0.02,1,1
Kepler-113 c,< 0.0274,0.199±0.005,< 8.6983,2.23±0.06,2,1
Kepler-113 b,0.037±0.013,0.166±0.005,12±4,1.86±0.05,2,1
Kepler-450 b,N/A,0.55±0.03,N/A,6.1±0.3,3,2
Kepler-450 c,N/A,0.234±0.012,N/A,2.62±0.13,3,2
Kepler-450 d,N/A,0.075±0.006,N/A,0.84±0.07,3,2
HD 122562 b,24±2,N/A,7628±636,N/A,1,1
TOI-1272 b,0.077±0.007,0.369±0.019,25±2,4.1±0.2,2,1
TOI-1272 c,0.084±0.010,N/A,27±3,N/A,2,1
Kepler-751 b,N/A,0.219+0.021−0.016,N/A,2.45+0.24−0.18,1,1
HD 135872 b,5.49+1.44−0.10,1.140,1745+459−31,12.78,1,1
HIP 67851 b,1.38±0.15,N/A,439±48,N/A,2,1
HIP 67851 c,6.0±0.8,N/A,1901±242,N/A,2,1
WASP-55 b,0.570,1.300,181.2,14.57,1,1
Qatar-4 b,5.8±0.5,1.55±0.06,1859±149,17.4±0.6,1,1
K2-260 b,1.4±0.3,1.55+0.05−0.06,451+99−102,17.4+0.5−0.6,1,1
SR 12 C,13.00,N/A,4132,N/A,1,2
Kepler-973 b,N/A,0.175+0.007−0.006,N/A,1.96+0.08−0.07,1,1
HD 93385 b,0.0263,N/A,8.36,N/A,2,1
HD 93385 c,0.0318,N/A,10.11,N/A,2,1
HD 156668 c,0.099±0.008,0.550,31+3−2,6.16,2,1
HD 156668 b,0.013±0.002,0.1670,4.1±0.6,1.872,2,1
Kepler-1533 b,N/A,0.31+0.13−0.06,N/A,3.5+1.5−0.7,1,1
HD 114729 A b,0.840,N/A,267,N/A,1,2
Kepler-610 b,N/A,0.37+0.10−0.04,N/A,4.2+1.2−0.4,2,1
Kepler-610 c,N/A,0.29+0.07−0.03,N/A,3.3+0.8−0.4,2,1
HATS-9 b,0.84±0.03,1.06±0.10,266±9,11.9±1.1,1,1
WASP-151 b,0.31+0.04−0.03,1.13±0.03,99+13−10,12.7±0.3,1,1
XO-6 b,1.9±0.5,2.1±0.2,604±159,23±2,1,1
Kepler-1562 b,N/A,0.32+0.09−0.04,N/A,3.6+1.0−0.4,1,1
Kepler-81 b,N/A,0.229±0.018,N/A,2.6±0.2,3,1
Kepler-81 c,N/A,0.183±0.010,N/A,2.05±0.11,3,1
Kepler-81 d,N/A,0.11±0.02,N/A,1.2±0.3,3,1
AB Aur b,9+17−15,N/A,2860+5403−4767,N/A,1,1
Ross 508 b,0.0125±0.0019,N/A,4.0±0.6,N/A,1,1
TOI-2337 b,1.00±0.15,0.90±0.10,318±48,10.1±1.1,1,1
K2-272 b,N/A,0.260±0.013,N/A,2.91±0.15,1,1
HD 63765 b,0.640,N/A,203,N/A,1,1
WASP-190 b,1.00±0.10,1.15±0.09,318±32,12.9±1.0,1,1
K2-169 b,N/A,0.113+0.010−0.007,N/A,1.27+0.11−0.08,1,1
HD 12648 b,2.9±0.4,N/A,922±127,N/A,1,1
Kepler-864 b,N/A,0.21+0.06−0.02,N/A,2.4+0.6−0.2,1,1
HD 133131 A b,1.43±0.04,N/A,454±13,N/A,3,2
HD 133131 A c,0.48±0.14,N/A,153±44,N/A,3,2
HD 133131 B b,2.50±0.05,N/A,795±16,N/A,3,2
14 Her b,4.97,N/A,1581,N/A,2,1
14 Her c,7.68,N/A,2441,N/A,2,1
K2-391 b,0.0077,0.122+0.025−0.017,2.45,1.37+0.28−0.19,1,1
HIP 97233 b,20.0±0.4,N/A,6357±127,N/A,1,1
CoRoT-12 b,0.917,1.440,291,16.14,1,1
Kepler-60 b,0.013±0.002,0.20+0.11−0.05,4.1±0.7,2.2+1.2−0.6,3,1
Kepler-60 c,0.015±0.003,0.21+0.12−0.05,4.8±1.0,2.4+1.3−0.6,3,1
Kepler-60 d,0.012±0.004,0.232,3.8±1.1,2.60,3,1
HD 219828 b,0.066±0.004,N/A,21.0±1.4,N/A,2,1
HD 219828 c,15.1±0.8,N/A,4799±270,N/A,2,1
Kepler-112 b,N/A,0.22±0.05,N/A,2.4±0.6,2,1
Kepler-112 c,N/A,0.22±0.05,N/A,2.5±0.6,2,1
K2-293 b,N/A,0.22+0.03−0.02,N/A,2.5+0.3−0.2,1,1
HD 220074 b,11.10,N/A,3528,N/A,1,1
TOI-163 b,1.22±0.12,1.49±0.03,388±38,16.7±0.4,1,1
Kepler-1451 b,N/A,0.30±0.06,N/A,3.4+0.6−0.7,1,1
KMT-2018-BLG-2718 b,16+12−8,N/A,5085+3719−2543,N/A,1,1
Kepler-297 b,N/A,0.26±0.05,N/A,2.9±0.5,2,1
Kepler-297 c,0.13+0.04−0.03,0.66+0.30−0.07,41+13−10,7.4+3.4−0.8,2,1
Kepler-1269 b,N/A,0.145+0.041−0.016,N/A,1.63+0.46−0.18,1,1
Kepler-855 b,N/A,0.74+0.15−0.07,N/A,8.4+1.7−0.8,1,1
Kepler-1075 b,N/A,0.127+0.014−0.029,N/A,1.42+0.16−0.33,1,1
Kepler-682 b,N/A,0.66+0.07−0.04,N/A,7.4+0.8−0.5,1,1
HIP 8541 b,5.6±1.0,N/A,1777±318,N/A,1,1
K2-111 b,0.017±0.002,0.162+0.010−0.008,5.3±0.8,1.82+0.11−0.09,2,1
K2-111 c,0.036±0.003,N/A,11.3±1.1,N/A,2,1
Kepler-1313 b,N/A,0.157+0.005−0.007,N/A,1.76+0.06−0.08,1,1
HD 187123 b,0.507±0.003,N/A,161.3±0.8,N/A,2,1
HD 187123 c,1.80±0.06,N/A,572±19,N/A,2,1
K2-324 b,N/A,0.217+0.013−0.012,N/A,2.43+0.15−0.13,1,1
TOI-1296 b,0.30±0.04,1.23±0.03,95±12,13.8±0.3,1,1
TOI-169 b,0.79±0.06,1.09+0.08−0.05,251+20−19,12.2+0.9−0.5,1,1
Kepler-1012 b,N/A,0.115+0.007−0.005,N/A,1.29+0.08−0.06,1,1
Kepler-761 b,N/A,0.181+0.022−0.015,N/A,2.03+0.25−0.17,1,1
HD 11112 b,7.6+1.2−2.7,1.130,2428+369−848,12.67,1,1
Kepler-1347 b,N/A,0.092+0.005−0.004,N/A,1.03+0.06−0.04,1,1
Kepler-304 b,N/A,0.261±0.019,N/A,2.9±0.2,4,1
Kepler-304 d,N/A,0.251±0.019,N/A,2.8±0.2,4,1
Kepler-304 c,N/A,0.198±0.014,N/A,2.22±0.15,4,1
Kepler-304 e,N/A,0.107+0.005−0.003,N/A,1.20+0.06−0.03,4,1
Kepler-1479 b,N/A,0.163+0.027−0.014,N/A,1.83+0.30−0.16,1,1
Kepler-246 b,N/A,0.213+0.109−0.018,N/A,2.4+1.2−0.2,2,1
Kepler-246 c,N/A,0.14±0.07,N/A,1.5±0.8,2,1
HD 4113 b,1.60+0.08−0.07,N/A,509±24,N/A,1,3
HD 75898 b,2.51,N/A,798,N/A,1,1
WASP-48 b,0.98±0.09,1.67±0.10,311±29,18.7±1.1,1,1
EPIC 228754001 b,0.495+0.007−0.006,1.089±0.006,157±2,12.21±0.07,1,1
Gliese 832 b,0.69±0.16,N/A,219±51,N/A,2,1
Gliese 832 c,0.016±0.010,N/A,5±3,N/A,2,1
K2-122 b,N/A,0.108±0.007,N/A,1.21±0.08,1,1
Kepler-1831 b,0.0143,0.1760,4.54,1.973,1,1
BD+15 2940 b,1.110,N/A,353,N/A,1,1
Kepler-1686 b,N/A,0.1270,N/A,1.424,1,1
HD 210702 b,1.900,N/A,604,N/A,1,1
HD 180314 b,22.0,N/A,6992,N/A,1,1
Gliese 1214 b,0.0257±0.0014,0.245±0.005,8.2±0.4,2.74±0.05,1,1
K2-86 b,N/A,0.177+0.023−0.013,N/A,1.98+0.26−0.15,1,1
EPIC 201295312 b,< 0.0378,0.245+0.021−0.020,< 12.0012,2.7±0.2,1,1
Kepler-1211 b,N/A,0.23±0.04,N/A,2.5±0.4,1,1
Gliese 176 b,0.0264,N/A,8.39,N/A,1,1
WASP-161 b,2.5±0.2,1.14+0.07−0.06,791±67,12.8±0.7,1,1
Kepler-1667 b,N/A,0.266,N/A,2.98,1,1
Kepler-712 b,N/A,0.304+0.012−0.010,N/A,3.41+0.13−0.11,2,1
Kepler-712 c,N/A,0.43+0.02−0.04,N/A,4.9+0.3−0.4,2,1
Kepler-535 b,N/A,0.211+0.029−0.019,N/A,2.4+0.3−0.2,1,1
Kepler-1000 b,N/A,0.42±0.03,N/A,4.8±0.3,1,1
Kepler-1131 b,N/A,0.142+0.032−0.013,N/A,1.59+0.36−0.15,1,1
MOA-2016-BLG-319L b,0.6+1.2−0.3,N/A,197+369−105,N/A,1,1
Kepler-633 b,N/A,0.145+0.028−0.019,N/A,1.6+0.3−0.2,1,1
Kepler-1221 b,N/A,0.168+0.027−0.014,N/A,1.88+0.30−0.16,1,1
HD 176986 b,0.018±0.002,N/A,5.7±0.7,N/A,2,1
HD 176986 c,0.029±0.003,N/A,9.2±1.0,N/A,2,1
K2-161 b,N/A,0.54+0.14−0.07,N/A,6.1+1.6−0.8,1,1
Kepler-567 b,N/A,0.201+0.013−0.011,N/A,2.25+0.15−0.12,1,1
Kepler-1250 b,N/A,0.171+0.040−0.015,N/A,1.92+0.45−0.17,1,1
HATS-72 b,0.125±0.004,0.722±0.003,39.9±1.2,8.09±0.03,1,1
HD 24064 b,9.4±1.3,N/A,2988±413,N/A,1,1
HATS-43 b,0.26±0.05,1.18±0.05,83±17,13.2±0.6,1,1
Kepler-1242 b,N/A,0.202±0.012,N/A,2.26±0.13,1,1
KMT-2018-BLG-1988L b,0.021+0.015−0.010,N/A,7+5−3,N/A,1,1
Kepler-618 b,N/A,0.23+0.07−0.04,N/A,2.6+0.8−0.4,1,1
Kepler-1315 b,0.0078,0.123+0.007−0.005,2.48,1.38+0.08−0.06,2,1
Kepler-1315 c,0.0128,0.1650,4.07,1.849,2,1
HD 22781 b,13.65,N/A,4338,N/A,1,1
Kepler-31 b,N/A,0.58+0.14−0.04,N/A,6.5+1.5−0.5,3,1
Kepler-31 c,N/A,0.51+0.12−0.03,N/A,5.8+1.3−0.3,3,1
Kepler-31 d,N/A,0.416+0.101−0.010,N/A,4.66+1.13−0.11,3,1
TOI-181 b,0.145+0.009−0.024,0.634+0.008−0.009,46+3−8,7.11+0.09−0.10,1,1
Kepler-926 b,N/A,0.21+0.05−0.02,N/A,2.3+0.6−0.2,1,1
Kepler-929 b,N/A,0.099+0.024−0.013,N/A,1.11+0.27−0.15,1,1
Kepler-1955 b,0.0053,0.1040,1.688,1.166,1,1
MOA-2010-BLG-073L b,11±2,N/A,3496±636,N/A,1,1
Kepler-470 b,N/A,1.3+0.5−0.2,N/A,14+6−3,1,1
Kepler-1845 b,0.0205,0.218,6.52,2.44,1,1
Kepler-621 b,N/A,0.205+0.006−0.017,N/A,2.30+0.07−0.19,1,1
Kepler-1528 b,N/A,0.130+0.022−0.012,N/A,1.46+0.25−0.13,1,1
Kepler-1308 b,N/A,0.046+0.005−0.004,N/A,0.52+0.06−0.04,1,1
Kepler-44 b,1.00±0.10,1.09±0.07,318±32,12.2±0.8,1,1
Kepler-896 b,N/A,0.226+0.016−0.017,N/A,2.53+0.18−0.19,1,1
Kepler-871 b,N/A,0.33+0.10−0.05,N/A,3.7+1.1−0.5,1,1
Kepler-161 b,N/A,0.193±0.013,N/A,2.17±0.14,2,1
Kepler-161 c,N/A,0.187±0.014,N/A,2.09±0.15,2,1
KMT-2019-BLG-2783L b,1.2±0.8,1.220,369±245,13.67,1,1
OGLE-2015-BLG-1771L b,0.4+0.7−0.3,N/A,138+214−80,N/A,1,1
Kepler-1328 b,N/A,0.087+0.018−0.008,N/A,0.98+0.20−0.09,1,1
K2-350 c,0.0250,0.244+0.022−0.016,7.95,2.73+0.25−0.18,2,1
K2-350 b,0.0094,0.137+0.013−0.010,2.99,1.54+0.15−0.11,2,1
HD 564 b,0.33±0.03,N/A,105±10,N/A,1,1
Kepler-1544 b,N/A,0.159+0.008−0.006,N/A,1.78+0.09−0.07,1,1
IC 4651 9122 b,6.3±0.5,N/A,2002±159,N/A,1,1
MOA 2011-BLG-322L b,12+13−6,N/A,3687+4259−1780,N/A,1,1
WASP-12 b,1.404,1.736,446,19.46,1,3
Kepler-1700 b,N/A,0.259,N/A,2.90,1,1
WASP-119 b,1.23±0.08,1.40±0.02,391±25,15.7±0.2,1,1
Kepler-789 b,N/A,0.19+0.04−0.02,N/A,2.1+0.4−0.2,1,1
Kepler-1445 b,N/A,0.086+0.018−0.012,N/A,0.96+0.20−0.13,1,1
2M 044144 b,9.8±1.8,N/A,3115±572,N/A,1,3
HD 33844 b,1.92±0.11,N/A,610±35,N/A,2,1
HD 33844 c,1.68±0.16,N/A,534±51,N/A,2,1
Kepler-180 c,N/A,0.27+0.12−0.03,N/A,3.1+1.4−0.3,2,1
Kepler-180 b,N/A,0.14±0.06,N/A,1.5±0.7,2,1
2MASS J2002-0521,13±8,1.36±0.11,4132±2543,15.2±1.2,1,1
Kepler-1088 b,N/A,0.127+0.010−0.009,N/A,1.42+0.11−0.10,1,1
HATS-67 b,1.45±0.12,1.69±0.05,461±38,18.9±0.5,1,1
TOI-700 b,N/A,0.093±0.006,N/A,1.04±0.07,3,1
TOI-700 c,N/A,0.236+0.014−0.013,N/A,2.65+0.16−0.15,3,1
TOI-700 d,N/A,0.102+0.006−0.005,N/A,1.14+0.07−0.06,3,1
HAT-P-23 b,2.09,1.368,664,15.33,1,1
KMT-2021-BLG-1303L b,0.4±0.2,1.210,121+70−64,13.56,1,1
Kepler-365 b,N/A,0.19±0.09,N/A,2.1±1.0,2,1
Kepler-365 c,N/A,0.15±0.07,N/A,1.7±0.8,2,1
GJ 160.2 b,0.032+0.023−0.019,N/A,10+7−6,N/A,1,1
Kepler-1134 b,N/A,0.236+0.019−0.023,N/A,2.6+0.2−0.3,1,1
KMT-2021-BLG-0240 b,0.40±0.08,N/A,127±25,N/A,2,1
KMT-2021-BLG-0240 c,0.7±0.2,N/A,222±79,N/A,2,1
HD 86065 b,9±3,1.120,2877+855−816,12.55,1,1
Kepler-1749 b,0.0102,0.1440,3.24,1.614,1,1
OGLE-2017-BLG-1375L b,11+9−3,N/A,3585+2775−1074,N/A,1,1
Kepler-244 b,N/A,0.252+0.106−0.015,N/A,2.82+1.18−0.16,3,1
Kepler-244 d,N/A,0.21±0.09,N/A,2.4±1.0,3,1
Kepler-244 c,N/A,0.19±0.08,N/A,2.1±0.9,3,1
Kepler-1057 b,N/A,0.30+0.10−0.05,N/A,3.4+1.1−0.5,1,1
YBP1514 b,0.4±0.3,N/A,127±111,N/A,1,1
Kepler-54 b,N/A,0.189±0.011,N/A,2.11±0.12,3,1
Kepler-54 c,N/A,0.159±0.011,N/A,1.79±0.12,3,1
Kepler-54 d,N/A,0.139±0.007,N/A,1.56±0.08,3,1
Kepler-482 b,N/A,0.211+0.033−0.012,N/A,2.37+0.37−0.13,1,1
Kepler-183 c,N/A,0.21±0.09,N/A,2.3±1.0,2,1
Kepler-183 b,N/A,0.19±0.08,N/A,2.1±0.9,2,1
Kepler-750 b,N/A,0.27+0.10−0.04,N/A,3.1+1.1−0.4,2,1
Kepler-750 c,N/A,0.14+0.06−0.02,N/A,1.6+0.7−0.2,2,1
OGLE-2018-BLG-1126L b,0.06±0.03,0.393,18±10,4.41,1,1
HATS-36 b,2.8±0.4,1.26±0.04,887±127,14.2±0.5,1,1
Kepler-118 c,N/A,0.70+0.31−0.04,N/A,7.8+3.5−0.4,2,1
Kepler-118 b,N/A,0.18±0.09,N/A,2.0±1.0,2,1
Kepler-652 b,N/A,0.222+0.005−0.004,N/A,2.49+0.06−0.04,1,1
OGLE-2017-BLG-1434L b,0.0138±0.0016,N/A,4.4±0.5,N/A,1,1
NGTS-5 b,0.23±0.04,1.14±0.02,73±12,12.7±0.3,1,1
Kepler-1882 b,0.0089,0.1330,2.82,1.491,1,1
EPIC 206317286 b,N/A,0.086+0.010−0.013,N/A,0.96+0.11−0.15,1,1
WASP-186 b,4.22±0.18,1.11±0.03,1341±57,12.4±0.3,1,1
Kepler-1921 b,0.0274,0.258,8.71,2.89,1,1
Kepler-1040 b,N/A,0.186+0.016−0.009,N/A,2.08+0.18−0.10,1,1
Kepler-1279 b,N/A,0.16+0.08−0.02,N/A,1.7+0.9−0.3,1,1
HD 161178 b,0.57+0.02−0.16,N/A,181+6−51,N/A,1,1
TOI-905 b,0.67±0.04,1.17±0.05,212±13,13.1±0.6,1,1
Kepler-756 b,N/A,0.100+0.008−0.009,N/A,1.12+0.09−0.10,1,1
Kapteyn b,0.015±0.003,N/A,4.8+0.9−1.0,N/A,2,1
Kapteyn c,0.022+0.004−0.003,N/A,7.0+1.2−1.0,N/A,2,1
Kepler-301 b,N/A,0.12±0.07,N/A,1.4±0.7,3,1
Kepler-301 d,N/A,0.16±0.09,N/A,1.8±1.0,3,1
Kepler-301 c,N/A,0.12±0.07,N/A,1.4±0.7,3,1
Kepler-287 c,N/A,0.30+0.14−0.04,N/A,3.3+1.5−0.5,2,1
Kepler-287 b,N/A,0.212+0.097−0.005,N/A,2.38+1.08−0.06,2,1
Kepler-1622 b,N/A,0.13+0.06−0.02,N/A,1.5+0.7−0.3,1,1
OGLE-2017-BLG-0114 b,N/A,N/A,N/A,N/A,1,1
Kepler-364 c,N/A,0.20±0.04,N/A,2.2±0.4,2,1
Kepler-364 b,N/A,0.14±0.03,N/A,1.6±0.4,2,1
HD 40979 A b,3.28,N/A,1042,N/A,1,3
K2-66 b,0.067±0.011,0.22+0.03−0.02,21±4,2.5+0.3−0.2,1,1
Kepler-1542 b,N/A,0.068+0.010−0.007,N/A,0.76+0.11−0.08,4,1
Kepler-1542 c,N/A,0.058+0.008−0.005,N/A,0.65+0.09−0.06,4,1
Kepler-1542 d,N/A,0.078+0.011−0.008,N/A,0.87+0.12−0.09,4,1
Kepler-1542 e,N/A,0.068+0.009−0.007,N/A,0.76+0.10−0.08,4,1
Kepler-823 b,N/A,0.140+0.028−0.012,N/A,1.57+0.31−0.13,1,1
Kepler-405 c,N/A,0.4+2.4−0.6,N/A,5+27−7,2,1
Kepler-405 b,N/A,0.19±0.09,N/A,2.1±1.0,2,1
K2-354 b,0.0096,0.139±0.007,3.05,1.56±0.08,1,1
Kepler-518 b,N/A,0.188±0.004,N/A,2.11±0.04,1,1
Kepler-1223 b,N/A,0.109+0.005−0.007,N/A,1.22+0.06−0.08,1,1
Kepler-1270 b,N/A,0.30+0.03−0.06,N/A,3.3+0.3−0.7,1,1
TOI-2145 b,5.3±0.3,1.10±0.03,1700±111,12.4±0.3,1,1
Kepler-330 c,N/A,0.18±0.07,N/A,2.0±0.7,2,1
Kepler-330 b,N/A,0.12±0.05,N/A,1.4±0.5,2,1
Kepler-1473 b,N/A,0.106+0.008−0.007,N/A,1.19+0.09−0.08,1,1
Kepler-1130 b,N/A,0.071+0.014−0.003,N/A,0.80+0.16−0.03,1,1
HD 142245 b,1.900,N/A,604,N/A,1,1
Kepler-1977 b,0.0107,0.1630,3.40,1.827,1,1
EPIC 211822797 b,N/A,0.196+0.018−0.009,N/A,2.20+0.20−0.10,1,1
Gliese 3634 b,0.0220,N/A,6.99,N/A,1,1
KOI-1873.02,0.070+0.208−0.003,0.21±0.08,22.4+66.2−0.9,2.3±0.9,2,1
KOI-1873.01,0.103+0.286−0.002,0.49±0.18,32.7+91.0−0.7,6±2,2,1
MOA-2011-BLG-028L b,0.09+0.05−0.04,N/A,30+16−12,N/A,1,1
HAT-P-38 b,0.267,0.825,84.9,9.25,1,1
Kepler-858 b,N/A,0.434+0.021−0.018,N/A,4.9±0.2,1,1
Kepler-719 b,N/A,0.76+0.16−0.08,N/A,8.5+1.8−0.9,1,1
TOI-5704 b,0.0330,0.288+0.017−0.012,10.49,3.23+0.19−0.13,1,1
Kepler-394 b,N/A,0.15±0.07,N/A,1.6±0.8,2,1
Kepler-394 c,N/A,0.15±0.08,N/A,1.7±0.9,2,1
HD 131399 Ab,4.0±1.0,N/A,1271±318,N/A,1,4
K2-55 b,N/A,0.34±0.03,N/A,3.8±0.3,1,1
HD 73526 b,2.35±0.12,N/A,747±38,N/A,2,1
HD 73526 c,2.19±0.12,N/A,696±38,N/A,2,1
Kepler-333 b,N/A,0.120±0.015,N/A,1.35±0.16,2,1
Kepler-333 c,N/A,0.101±0.018,N/A,1.1±0.2,2,1
Kepler-497 b,N/A,0.54+0.14−0.06,N/A,6.0+1.6−0.7,1,1
K2-16 b,N/A,0.18±0.02,N/A,2.0±0.2,3,1
K2-16 c,N/A,0.23+0.10−0.04,N/A,2.5+1.1−0.5,3,1
K2-16 d,N/A,0.092±0.008,N/A,1.03±0.09,3,1
Kepler-48 b,0.0151,0.1950,4.79,2.19,4,1
Kepler-48 c,0.0332,0.286,10.56,3.21,4,1
Kepler-48 d,0.025±0.014,0.186±0.010,8±5,2.08±0.11,4,1
Kepler-48 e,2.07±0.08,N/A,657±25,N/A,4,1
Kepler-374 c,N/A,0.10±0.05,N/A,1.1±0.6,3,1
Kepler-374 d,N/A,0.12±0.06,N/A,1.3±0.7,3,1
Kepler-374 b,N/A,0.09±0.05,N/A,1.1±0.6,3,1
HAT-P-11 b,0.074±0.005,0.389±0.005,23.4±1.5,4.36±0.06,2,1
HAT-P-11 c,1.59±0.09,N/A,507+30−27,N/A,2,1
HD 12484 b,2.98±0.14,N/A,947±44,N/A,1,1
Kepler-134 b,N/A,0.18±0.04,N/A,2.0±0.4,2,1
Kepler-134 c,N/A,0.11±0.02,N/A,1.3±0.3,2,1
HD 4313 b,2.30,N/A,731,N/A,1,1
Kepler-808 b,N/A,0.130+0.005−0.007,N/A,1.46+0.06−0.08,1,1
HIP 48714 b,0.072±0.009,N/A,23±3,N/A,1,1
Kepler-1399 b,N/A,0.112+0.020−0.010,N/A,1.26+0.22−0.11,1,1
OGLE-2005-BLG-169L b,0.044±0.003,N/A,14.1±0.9,N/A,1,1
Kepler-274 b,N/A,0.14±0.08,N/A,1.6±0.9,2,1
Kepler-274 c,N/A,0.17±0.09,N/A,1.9±1.0,2,1
HD 118203 b,2.13,N/A,677,N/A,1,1
NGTS-17 b,0.76+0.20−0.16,1.24±0.11,243+62−52,13.9±1.2,1,1
Kepler-370 c,N/A,0.17±0.08,N/A,2.0±0.9,2,1
Kepler-370 b,N/A,0.14±0.07,N/A,1.6±0.8,2,1
LHS 1678 b,( 1.9+3.0−1.9 )·10-4,0.062±0.004,0.06+0.10−0.06,0.70±0.04,2,1
LHS 1678 c,0.0012+0.0014−0.0012,0.088±0.006,0.4±0.4,0.98±0.06,2,1
K2-172 c,N/A,0.286+0.017−0.013,N/A,3.21+0.19−0.14,2,1
K2-172 b,N/A,0.149+0.014−0.009,N/A,1.67+0.16−0.10,2,1
HD 2638 b,0.480,N/A,152.6,N/A,1,3
HD 127506 b,0.084+0.018−0.023,0.498,27+6−7,5.58,1,1
Kepler-1212 b,N/A,0.19+0.05−0.02,N/A,2.1+0.6−0.3,1,1
WASP-91 b,1.34±0.08,1.03±0.04,426±25,11.5±0.4,1,1
K2-57 b,N/A,0.19±0.02,N/A,2.1±0.2,1,1
HD 95338 b,0.134±0.007,0.347+0.017−0.018,42±2,3.89+0.19−0.20,1,1
HD 158996 b,14±2,N/A,4450±731,N/A,1,1
Kepler-1504 b,N/A,0.190+0.021−0.017,N/A,2.13+0.24−0.19,1,1
CoRoT-9 b,0.840,1.050,267,11.77,1,1
Kepler-1919 b,0.0232,0.234,7.37,2.62,1,1
HD 65216 b,1.210,N/A,385,N/A,2,1
HD 65216 c,2.24,N/A,712,N/A,2,1
HD 5278 b,0.025±0.004,0.219±0.004,7.8±1.4,2.45±0.05,2,1
HD 5278 c,N/A,N/A,N/A,N/A,2,1
HD 134060 b,0.0351,N/A,11.16,N/A,2,1
HD 134060 c,0.1507,N/A,47.9,N/A,2,1
K2-397 b,0.0202,0.216+0.017−0.016,6.42,2.42+0.19−0.18,1,1
Kepler-1681 b,N/A,0.228,N/A,2.56,1,1
Kepler-1207 b,N/A,0.145+0.045−0.016,N/A,1.63+0.50−0.18,1,1
KMT-2021-BLG-0712 b,0.12+0.07−0.04,N/A,38+21−12,N/A,1,1
Kepler-1087 b,N/A,0.054+0.015−0.004,N/A,0.61+0.17−0.04,1,1
MOA-2014-BLG-472 b,1.9±1.2,N/A,604+388−381,N/A,1,1
TOI-620 b,0.049+0.017−0.011,0.335±0.013,15+5−4,3.76±0.15,2,1
TOI-620 c,N/A,N/A,N/A,N/A,2,1
K2-217 b,N/A,0.32+0.06−0.04,N/A,3.6+0.7−0.5,1,1
KMT-2018-BLG-0748L b,0.19+0.28−0.10,N/A,60+89−32,N/A,1,1
Kepler-1299 b,N/A,0.27+0.06−0.04,N/A,3.0+0.7−0.4,1,1
Kepler-1176 b,N/A,0.22+0.06−0.03,N/A,2.5+0.6−0.3,1,1
Kepler-1486 b,N/A,0.21+0.05−0.03,N/A,2.3+0.6−0.3,1,1
WASP-165 b,0.66+0.10−0.09,1.26+0.19−0.17,209+31−29,14.1+2.1−1.9,1,1
HD 39855 b,0.027±0.005,N/A,8.5±1.5,N/A,1,1
Kepler-1337 b,N/A,0.215+0.009−0.039,N/A,2.41+0.10−0.44,1,1
Kepler-1203 b,N/A,0.095+0.005−0.004,N/A,1.06+0.06−0.04,1,1
HD 23079 b,2.50,N/A,795,N/A,1,1
Kepler-1410 b,N/A,0.159+0.011−0.012,N/A,1.78+0.12−0.13,1,1
HD 22496 b,0.018±0.002,N/A,5.6±0.7,N/A,1,1
Kepler-1394 b,N/A,0.124+0.018−0.020,N/A,1.4±0.2,1,1
Kepler-972 b,N/A,0.41+0.14−0.10,N/A,4.7+1.5−1.1,1,1
Kepler-89 b,0.0330,0.1558,10.50,1.747,4,1
Kepler-89 c,0.0491,0.394,15.60,4.41,4,1
Kepler-89 d,0.33±0.04,1.00±0.10,105±13,11.2±1.1,4,1
Kepler-89 e,0.1101,0.598,35.0,6.70,4,1
KMT-2021-BLG-1689L b,0.14+0.07−0.09,N/A,46+23−30,N/A,1,1
KMT-2019-BLG-0298L b,1.8±1.0,1.200,575±305,13.45,1,1
mu Arae b,1.676,N/A,533,N/A,4,1
mu Arae c,0.0332,N/A,10.56,N/A,4,1
mu Arae d,0.522,N/A,165.9,N/A,4,1
mu Arae e,1.814,N/A,577,N/A,4,1
Kepler-1878 b,0.0279,0.261,8.87,2.93,1,1
Kepler-1219 b,N/A,0.19+0.05−0.04,N/A,2.1+0.6−0.4,1,1
Kepler-556 b,N/A,0.200+0.018−0.011,N/A,2.24+0.20−0.12,1,1
Kepler-382 b,N/A,0.12±0.06,N/A,1.3±0.6,2,1
Kepler-382 c,N/A,0.14±0.07,N/A,1.6±0.8,2,1
TOI-1246 b,0.025±0.004,0.269±0.005,8.1±1.1,3.01±0.06,4,1
TOI-1246 c,0.028±0.004,0.224±0.007,8.8±1.2,2.51±0.08,4,1
TOI-1246 d,0.017±0.005,0.313±0.008,5.3±1.7,3.51±0.09,4,1
TOI-1246 e,0.047±0.007,0.337±0.014,15±2,3.78±0.16,4,1
GJ 463 b,3.6±0.4,1.160,1144±127,13.00,1,1
TOI-132 b,0.070±0.006,0.305±0.012,22.4±1.9,3.42±0.13,1,1
EPIC 204129699 b,1.77±0.08,> 0.7100,564±25,> 7.9584,1,1
Kepler-845 b,N/A,0.182+0.008−0.026,N/A,2.04+0.09−0.29,1,1
HD 168443 b,7.66,N/A,2434,N/A,2,1
HD 168443 c,17.19,N/A,5464,N/A,2,1
WASP-92 b,0.81±0.07,1.46±0.08,256±22,16.4±0.9,1,1
CoRoT-28 b,0.48±0.09,0.95±0.07,154±28,10.7±0.7,1,1
Kepler-123 b,N/A,0.27±0.05,N/A,3.0±0.6,2,1
Kepler-123 c,N/A,0.13±0.03,N/A,1.5±0.3,2,1
Kepler-1290 b,N/A,0.127+0.019−0.012,N/A,1.42+0.21−0.13,1,1
Kepler-478 b,N/A,0.242+0.008−0.029,N/A,2.71+0.09−0.33,1,1
HD 94834 b,1.26±0.17,N/A,400±54,N/A,1,1
HD 103891 b,1.44±0.06,N/A,458±19,N/A,1,1
HD 26965 b,0.0267±0.0015,N/A,8.5±0.5,N/A,1,3
HD 197037 b,0.79±0.05,N/A,251±16,N/A,1,2
Kepler-748 b,N/A,0.23+0.06−0.03,N/A,2.5+0.7−0.3,1,1
K2-368 b,0.0073,0.119+0.010−0.009,2.34,1.33+0.11−0.10,3,1
K2-368 c,0.0076,0.121+0.010−0.009,2.42,1.36+0.11−0.10,3,1
K2-368 d,0.0140,0.174+0.014−0.013,4.45,1.95+0.16−0.15,3,1
Kepler-921 b,N/A,0.26+0.03−0.07,N/A,2.9+0.3−0.7,1,1
Kepler-555 b,N/A,0.25+0.05−0.03,N/A,2.8+0.6−0.3,1,1
PSR 1257+12 A,( 6.3±0.6 )·10-5,N/A,0.020±0.002,N/A,3,1
PSR 1257+12 B,0.0135±0.0006,N/A,4.29±0.19,N/A,3,1
PSR 1257+12 C,0.0123±0.0006,N/A,3.91±0.19,N/A,3,1
WASP-57 b,0.672,0.916,214,10.27,1,1
Kepler-487 b,N/A,1.02+0.06−0.05,N/A,11.4+0.7−0.5,2,1
Kepler-487 c,N/A,0.239+0.016−0.044,N/A,2.68+0.18−0.49,2,1
K2-322 b,N/A,0.171+0.026−0.016,N/A,1.92+0.29−0.18,1,1
Kepler-1665 b,N/A,0.253,N/A,2.84,1,1
K2-330 b,0.0255,0.247+0.012−0.008,8.10,2.77+0.13−0.09,1,1
WASP-24 b,1.032,1.104,328,12.37,1,1
Kepler-1654 b,0.500,0.819+0.019−0.017,158.9,9.18+0.21−0.19,1,1
GQ Lup b,21.5,1.800,6833,20.2,1,1
Kepler-1013 b,N/A,0.192+0.032−0.018,N/A,2.2+0.4−0.2,1,1
TOI-5542 b,1.32±0.10,1.01±0.04,420±32,11.3±0.4,1,1
K2-229 b,N/A,0.112+0.013−0.006,N/A,1.25+0.14−0.07,2,1
K2-229 c,N/A,0.193+0.041−0.016,N/A,2.16+0.46−0.18,2,1
Kepler-1321 b,N/A,0.44±0.05,N/A,4.9±0.6,2,1
Kepler-1321 c,N/A,0.214+0.027−0.016,N/A,2.40+0.30−0.18,2,1
Kepler-1125 b,N/A,0.164+0.027−0.016,N/A,1.84+0.30−0.18,1,1
Kepler-1762 b,0.0253,0.246,8.04,2.76,1,1
Qatar-2 b,2.49,1.144,790,12.82,1,1
Kepler-1184 b,N/A,0.24+0.05−0.03,N/A,2.7+0.6−0.3,1,1
Kepler-248 c,N/A,0.37±0.04,N/A,4.2±0.5,2,1
Kepler-248 b,N/A,0.28±0.03,N/A,3.1±0.4,2,1
Kepler-663 b,N/A,0.232+0.018−0.014,N/A,2.60+0.20−0.16,1,1
Kepler-201 b,N/A,0.22±0.04,N/A,2.5±0.5,2,1
Kepler-201 c,N/A,0.26±0.05,N/A,2.9±0.6,2,1
Kepler-87 b,1.02±0.03,1.20±0.05,324±10,13.5±0.6,2,1
Kepler-87 c,0.020±0.003,0.56±0.03,6.4±0.8,6.3±0.3,2,1
HD 22532 b,2.12±0.09,N/A,674±29,N/A,1,1
HATS-69 b,0.577,0.94±0.02,183.4,10.6±0.2,1,1
KMT-2016-BLG-2397L b,2.6±1.2,N/A,836+375−391,N/A,1,1
HD 3651 b,0.200,N/A,63.6,N/A,2,1
HD 3651.02,0.09±0.03,N/A,29±10,N/A,2,1
Kepler-1210 b,N/A,0.152+0.027−0.012,N/A,1.70+0.30−0.13,1,1
OGLE-2012-BLG-0950L b,0.11+0.05−0.03,N/A,35+17−9,N/A,1,1
HATS-49 b,0.35+0.04−0.03,0.765±0.013,112+12−9,8.57±0.15,1,1
Kepler-558 b,N/A,0.211+0.015−0.012,N/A,2.37+0.17−0.13,1,1
Kepler-1590 b,N/A,0.102+0.030−0.013,N/A,1.14+0.34−0.15,1,1
KOI-984 b,0.054±0.009,0.384±0.004,17±3,4.30±0.05,1,1
KMT-2017-BLG-1194L b,0.011+0.006−0.005,0.1520,3.5+2.0−1.6,1.704,1,1
Kepler-1126 b,N/A,0.154+0.019−0.012,N/A,1.73+0.21−0.13,1,1
Kepler-784 b,N/A,0.14±0.03,N/A,1.6±0.3,1,1
Kepler-698 b,N/A,0.33±0.04,N/A,3.7±0.4,1,1
KOI-1299 b,4.9±0.5,1.12±0.04,1548±153,12.6±0.4,2,2
KOI-1299 c,2.4±0.2,N/A,772+70−76,N/A,2,2
K2-54 b,N/A,0.103±0.017,N/A,1.15±0.19,1,1
TOI-1669 b,0.57±0.07,1.260,182±24,14.12,1,1
Kepler-670 b,N/A,1.18+0.26−0.11,N/A,13.2+2.9−1.2,1,1
Kepler-1374 b,N/A,0.204+0.018−0.016,N/A,2.29+0.20−0.18,1,1
K2-238 b,0.86+0.13−0.12,1.30+0.15−0.14,273+41−38,14.6+1.7−1.6,1,1
HD 190007 b,0.052±0.005,N/A,16.5±1.7,N/A,1,1
HD 457 b,27+19−12,1.070,8445+5952−3799,11.99,1,1
WASP-142 b,0.84±0.09,1.53±0.08,267±29,17.1±0.9,1,1
Kepler-573 b,N/A,0.25+0.03−0.02,N/A,2.8+0.4−0.2,1,1
Kepler-650 b,N/A,0.26±0.04,N/A,3.0+0.5−0.4,1,1
EPIC 211901114 b,< 5.0000,0.9+0.5−0.4,< 1589.1421,10±5,1,1
Kepler-292 f,N/A,0.21±0.02,N/A,2.4±0.2,5,1
Kepler-292 d,N/A,0.203±0.019,N/A,2.3±0.2,5,1
Kepler-292 e,N/A,0.24±0.03,N/A,2.7±0.4,5,1
Kepler-292 c,N/A,0.134±0.014,N/A,1.50±0.15,5,1
Kepler-292 b,N/A,0.120±0.013,N/A,1.35±0.14,5,1
Kepler-1121 b,N/A,0.17±0.04,N/A,1.9±0.5,1,1
GJ 3512 b,0.46±0.02,N/A,147±7,N/A,1,1
Kepler-141 c,N/A,0.128±0.008,N/A,1.44±0.09,2,1
Kepler-141 b,N/A,0.063±0.005,N/A,0.70±0.05,2,1
KOI-314 b,0.006+0.006−0.004,0.109±0.006,2.0+1.9−1.1,1.22±0.07,3,1
KOI-314 c,0.0020+0.0021−0.0012,0.110±0.007,0.6+0.7−0.4,1.24±0.08,3,1
Kepler-138 b,( 2.1+1.9−1.2 )·10-4,0.048±0.003,0.07+0.06−0.04,0.53±0.03,3,1
Kepler-970 b,N/A,0.247+0.012−0.038,N/A,2.77+0.13−0.43,1,1
HAT-P-50 b,1.35±0.07,1.29±0.06,429±23,14.4±0.7,1,1
HD 23127 b,1.500,N/A,477,N/A,1,1
DMPP-2 b,0.44+0.03−0.06,N/A,139+10−19,N/A,1,1
Kepler-1789 b,0.0264,0.253,8.39,2.84,1,1
Kepler-490 b,N/A,1.04+0.29−0.12,N/A,11.6+3.3−1.4,1,1
HD 4203 b,1.82±0.05,N/A,578±16,N/A,2,1
HD 4203 c,1.5+1.0−0.6,N/A,480+311−181,N/A,2,1
TYC 1422-614-1 b,2.5±0.4,N/A,795±127,N/A,2,1
TYC 1422-614-1 c,10.0±1.0,N/A,3178±318,N/A,2,1
Kepler-400 b,N/A,0.15±0.03,N/A,1.7±0.3,2,1
Kepler-400 c,N/A,0.14±0.03,N/A,1.5±0.3,2,1
HIP 78530 b,24±2,N/A,7628±636,N/A,1,1
Kepler-1940 b,0.0095,0.1380,3.01,1.547,1,1
Kepler-703 b,N/A,0.73+0.33−0.12,N/A,8.2+3.7−1.4,1,1
Kepler-257 c,N/A,0.49+0.25−0.07,N/A,5.5+2.8−0.7,3,1
Kepler-257 b,N/A,0.24+0.12−0.03,N/A,2.7+1.3−0.3,3,1
Kepler-257 d,N/A,0.45+0.23−0.04,N/A,5.1+2.5−0.5,3,1
TOI-332 b,0.180±0.005,0.285+0.014−0.010,57.2±1.6,3.19+0.16−0.11,1,1
Kepler-235 b,N/A,0.203±0.009,N/A,2.28±0.10,4,1
Kepler-235 d,N/A,0.187±0.009,N/A,2.09±0.10,4,1
Kepler-235 e,N/A,0.20±0.03,N/A,2.3±0.3,4,1
Kepler-235 c,N/A,0.117±0.007,N/A,1.31±0.08,4,1
K2-258 b,N/A,0.268+0.019−0.018,N/A,3.0±0.2,1,1
TOI-2109 b,5.0±0.8,1.35±0.05,1595±238,15.1±0.5,1,1
Kepler-465 b,N/A,0.263+0.022−0.014,N/A,2.95+0.25−0.16,1,1
HD 39091 b,10.02±0.15,N/A,3185±48,N/A,2,1
π Mensae c,0.015±0.003,0.191±0.004,4.8+0.8−0.9,2.14±0.04,2,1
BLG-1691L b,0.05+0.04−0.03,N/A,15+12−8,N/A,1,1
KIC 8121913 b,2.1±0.4,N/A,667±127,N/A,1,1
Pr0201 b,0.54±0.04,N/A,172±12,N/A,1,1
ups Leo b,0.51+0.08−0.26,N/A,162+25−83,N/A,1,1
Kepler-846 b,N/A,0.221+0.029−0.016,N/A,2.48+0.33−0.18,1,1
MOA-2007-BLG-192L b,0.010+0.016−0.006,N/A,3.2+5.2−1.8,N/A,1,1
OGLE-2017-BLG-1522L b,0.8+1.3−0.4,N/A,238+400−127,N/A,1,1
Kepler-1150 b,N/A,0.091±0.005,N/A,1.02±0.06,1,1
TOI-1710 b,0.089±0.015,0.476±0.010,28±5,5.34±0.11,1,1
Kepler-1809 b,0.0091,0.1350,2.90,1.513,1,1
Kepler-1851 b,0.0455,0.348,14.46,3.90,1,1
Kepler-326 c,N/A,0.128±0.009,N/A,1.43±0.10,3,1
Kepler-326 b,N/A,0.139±0.015,N/A,1.55±0.16,3,1
Kepler-326 d,N/A,0.110±0.008,N/A,1.24±0.09,3,1
KMT-2021-BLG-0748 b,0.5+0.4−0.2,N/A,143+127−79,N/A,1,1
Kepler-105 b,N/A,0.26±0.05,N/A,2.9±0.6,3,1
Kepler-105 c,0.014±0.003,0.15±0.03,4.6±0.9,1.6±0.3,3,1
KOI-115.03,N/A,0.0023±0.0001,N/A,0.0258±0.0015,3,1
TOI-199 b,0.17±0.02,0.810±0.005,54±6,9.08±0.06,2,1
TOI-199 c,0.280+0.020−0.010,1.010,89+6−3,11.32,2,1
Kepler-4 b,0.0770,0.357,24.5,4.00,1,1
HD 74698 b,0.070±0.010,0.457,22±3,5.12,2,1
HD 74698 c,0.40±0.06,1.240,127±19,13.90,2,1
Kepler-47 (AB) b,N/A,0.272±0.011,N/A,3.04±0.12,3,2
Kepler-47 (AB) c,N/A,0.420±0.018,N/A,4.7±0.2,3,2
Kepler-47 (AB) d,0.06+0.08−0.04,0.63+0.06−0.04,19+24−12,7.0+0.7−0.5,3,2
Kepler-481 b,N/A,0.22±0.03,N/A,2.5+0.4−0.3,1,1
Kepler-801 b,N/A,0.178+0.007−0.009,N/A,2.00+0.08−0.10,1,1
Kepler-733 b,N/A,0.252+0.041−0.017,N/A,2.82+0.46−0.19,1,1
WASP-8 b,2.24+0.11−0.12,1.038+0.007−0.047,712+35−38,11.63+0.08−0.53,2,2
WASP-8 c,9.4+2.3−1.0,N/A,3003+718−331,N/A,2,2
TOI-4582 b,0.53±0.05,0.94+0.09−0.12,168±16,10.5+1.0−1.3,1,1
Kepler-971 b,N/A,0.19±0.02,N/A,2.1±0.2,1,1
HD 90156 b,0.0570,N/A,18.12,N/A,1,1
Kepler-1271 b,N/A,0.132+0.021−0.014,N/A,1.48+0.24−0.16,1,1
Kepler-1101 b,N/A,0.220+0.033−0.019,N/A,2.5+0.4−0.2,1,1
Kepler-58 b,N/A,0.26+0.12−0.03,N/A,2.9+1.4−0.3,3,1
Kepler-58 c,N/A,0.242+0.185−0.003,N/A,2.72+2.07−0.03,3,1
Kepler-58 d,N/A,0.27+0.13−0.04,N/A,3.0+1.4−0.4,3,1
Kepler-857 b,N/A,0.61+0.15−0.06,N/A,6.8+1.7−0.7,1,1
Kepler-1047 b,N/A,0.186+0.023−0.015,N/A,2.08+0.26−0.17,2,1
Kepler-1047 c,N/A,0.088+0.012−0.008,N/A,0.99+0.13−0.09,2,1
Kepler-1371 b,N/A,0.065+0.007−0.004,N/A,0.73+0.08−0.04,2,1
Kepler-1371 c,N/A,0.057+0.006−0.004,N/A,0.64+0.07−0.04,2,1
OGLE-2014-BLG-1760L b,0.6+0.4−0.3,N/A,182+137−83,N/A,1,1
Kepler-501 b,N/A,0.38+0.06−0.04,N/A,4.3+0.7−0.5,1,1
EPIC 211970147 b,N/A,0.116±0.009,N/A,1.30±0.10,1,1
KMT-2017-BLG-2509 b,2.1+1.7−1.3,N/A,664+534−400,N/A,2,1
OGLE-2019-BLG-0299 b,6±4,N/A,1977+1208−1166,N/A,2,1
TOI-1444 b,0.012±0.002,0.125±0.006,3.9±0.7,1.40±0.06,2,1
TOI-1444 c,12±3,N/A,3750±922,N/A,2,1
HD 104067 b,0.1860,N/A,59.1,N/A,1,1
Kepler-1230 b,N/A,0.24+0.04−0.03,N/A,2.7+0.5−0.3,1,1
Kepler-332 b,N/A,0.107±0.007,N/A,1.20±0.08,3,1
Kepler-332 c,N/A,0.099±0.007,N/A,1.11±0.08,3,1
Kepler-332 d,N/A,0.108±0.007,N/A,1.21±0.08,3,1
KOI-423 b,19.1±1.0,1.11±0.03,6071±318,12.4±0.3,1,1
HAT-P-66 b,0.78±0.06,1.59+0.16−0.10,249±18,17.8+1.8−1.1,1,1
HAT-P-43 b,0.660,1.283,210,14.38,1,1
Kepler-1246 b,N/A,0.121+0.018−0.020,N/A,1.4±0.2,1,1
Kepler-1527 b,N/A,0.43+0.17−0.07,N/A,4.8+2.0−0.8,1,1
Kepler-1760 b,0.0184,0.204,5.85,2.29,1,1
Kepler-296 c,N/A,0.18±0.03,N/A,2.0±0.3,5,2
Kepler-296 d,N/A,0.19±0.03,N/A,2.1±0.3,5,2
Kepler-296 b,N/A,0.14+0.03−0.02,N/A,1.6±0.3,5,2
Kepler-296 f,N/A,0.16±0.03,N/A,1.8±0.3,5,2
Kepler-296 e,N/A,0.14±0.02,N/A,1.5+0.3−0.2,5,2
Kepler-1180 b,N/A,0.18+0.05−0.02,N/A,2.0+0.5−0.3,1,1
Kepler-100 c,< 0.0222,0.200±0.005,< 7.0558,2.25±0.05,3,1
Kepler-100 b,0.023±0.010,0.120±0.004,7±3,1.35±0.04,3,1
Kepler-100 d,< 0.0094,0.147±0.005,< 2.9876,1.64±0.05,3,1
HAT-P-6 b,1.057,1.330,336,14.91,1,1
TOI-2194 b,0.0145,0.177+0.012−0.006,4.61,1.98+0.13−0.07,1,1
Kepler-716 b,N/A,0.259+0.031−0.015,N/A,2.90+0.35−0.17,2,1
Kepler-716 c,N/A,0.1240,N/A,1.390,2,1
Kepler-97 b,0.011±0.006,0.135±0.012,3.5±1.9,1.51±0.13,2,1
Kepler-97 c,> 1.0821,N/A,> 343.9288,N/A,2,1
Kepler-967 b,N/A,0.210+0.007−0.009,N/A,2.35+0.08−0.10,2,1
Kepler-967 c,N/A,0.326+0.013−0.012,N/A,3.65+0.15−0.13,2,1
HD 212771 b,2.30,N/A,731,N/A,1,1
K2-396 b,0.0098,0.141+0.010−0.009,3.12,1.58+0.11−0.10,2,1
K2-396 c,0.0312,0.279+0.016−0.010,9.92,3.13+0.18−0.11,2,1
KMT-2016-BLG-2364L b,4+3−2,N/A,1249+1004−690,N/A,1,1
EPIC 211391664 b,0.10±0.03,0.380+0.027−0.018,32±8,4.3+0.3−0.2,1,1
HATS-64 b,1.0±0.2,1.68±0.08,305±64,18.8±0.9,1,1
Kepler-17 b,2.47±0.10,1.33±0.04,785±32,14.9±0.4,1,1
OGLE-2018-BLG-0932L b,0.9+0.4−0.3,1.240,283+114−99,13.90,1,1
Kepler-601 b,N/A,0.170+0.024−0.016,N/A,1.91+0.27−0.18,1,1
Kepler-1763 b,0.0050,0.1020,1.586,1.143,1,1
HD 1461 b,0.0203±0.0019,N/A,6.4±0.6,N/A,4,1
HD 1461 c,0.018±0.002,N/A,5.6±0.7,N/A,4,1
HD 1461 d,0.088±0.015,N/A,28±5,N/A,4,1
HD 1461 e,0.27±0.16,N/A,87±52,N/A,4,1
NGTS-9 b,2.90±0.17,1.07±0.06,922±54,12.0±0.7,1,1
Kepler-1301 b,N/A,0.125+0.012−0.007,N/A,1.40+0.13−0.08,1,1
Kepler-662 b,N/A,0.194+0.010−0.011,N/A,2.17+0.11−0.12,1,1
K2-188 b,N/A,0.112+0.014−0.010,N/A,1.26+0.16−0.11,2,1
K2-188 c,N/A,0.235+0.028−0.016,N/A,2.63+0.31−0.18,2,1
TOI-1430 b,0.022±0.006,0.187±0.018,7.0±1.9,2.1±0.2,1,1
Kepler-709 b,N/A,0.261+0.016−0.017,N/A,2.93+0.18−0.19,1,1
K2-200 b,N/A,0.121+0.013−0.010,N/A,1.36+0.14−0.11,1,1
Kepler-547 b,N/A,0.357+0.012−0.028,N/A,4.00+0.13−0.31,1,1
TOI-1062 b,0.032±0.003,0.202±0.008,10.2+0.8−0.9,2.26+0.08−0.09,2,1
TOI-1062 c,9.3±1.2,N/A,2972±391,N/A,2,1
HD 56414 b,0.0418,0.331±0.018,13.29,3.7±0.2,1,1
Nu Oct A b,2.10,N/A,667,N/A,1,2
K2-345 b,0.0160,0.188+0.018−0.008,5.09,2.11+0.20−0.09,1,1
Kepler-1390 b,N/A,0.105+0.022−0.012,N/A,1.18+0.25−0.13,1,1
Kepler-564 b,N/A,0.41+0.06−0.03,N/A,4.6+0.7−0.4,1,1
Kepler-982 b,N/A,0.20+0.04−0.02,N/A,2.3+0.5−0.3,1,1
TOI-836 b,0.014±0.003,0.152±0.006,4.5±0.9,1.70±0.07,2,1
TOI-836 c,0.030+0.009−0.008,0.231±0.008,10±3,2.59±0.09,2,1
TOI-778 b,2.8±0.2,1.37±0.04,890±64,15.4±0.4,1,1
Kepler-1005 b,N/A,0.134+0.019−0.013,N/A,1.50+0.21−0.15,1,1
Kepler-1508 b,N/A,0.12+0.05−0.02,N/A,1.3+0.5−0.3,1,1
K2-153 b,N/A,0.178+0.019−0.016,N/A,2.00+0.21−0.18,1,1
K2-64 b,N/A,0.18±0.02,N/A,2.1±0.3,1,1
Kepler-189 c,N/A,0.217+0.108−0.017,N/A,2.43+1.22−0.19,2,1
Kepler-189 b,N/A,0.11±0.06,N/A,1.2±0.6,2,1
Kepler-236 c,N/A,0.182±0.015,N/A,2.04±0.17,2,1
Kepler-236 b,N/A,0.143±0.011,N/A,1.60±0.12,2,1
Kepler-1716 b,0.0203,0.216,6.45,2.42,1,1
Kepler-878 b,N/A,0.172+0.011−0.009,N/A,1.93+0.12−0.10,1,1
Kepler-262 c,N/A,0.15±0.06,N/A,1.7±0.7,2,1
Kepler-262 b,N/A,0.12±0.05,N/A,1.4±0.6,2,1
Kepler-1891 b,0.0092,0.1360,2.93,1.524,1,1
WASP-107 b,0.096±0.005,N/A,30.5±1.6,N/A,2,1
WASP-107 c,0.36±0.04,N/A,114±13,N/A,2,1
Kepler-1068 b,N/A,0.32+0.08−0.03,N/A,3.6+0.9−0.4,1,1
Kepler-11 b,0.006+0.004−0.003,0.1640±0.0018,1.9+1.4−1.0,1.84±0.02,6,1
Kepler-11 c,0.0090+0.0000−0.0001,0.2615+0.0009−0.0018,2.869+0.010−0.020,2.932+0.010−0.020,6,1
Kepler-11 d,0.023+0.003−0.005,0.2834±0.0018,7.3+0.8−1.5,3.18±0.02,6,1
Kepler-11 e,0.025+0.005−0.007,0.3809±0.0018,8.0+1.5−2.1,4.27±0.02,6,1
Kepler-11 f,0.006±0.003,0.2260+0.0018−0.0027,2.0+0.8−0.9,2.53+0.02−0.03,6,1
Kepler-11 g,< 0.0786,0.3035±0.0018,< 24.9950,3.40±0.02,6,1
K2-32 b,N/A,0.44+0.03−0.02,N/A,5.0±0.3,4,1
K2-32 d,N/A,0.292+0.021−0.017,N/A,3.27+0.24−0.19,4,1
K2-32 c,N/A,0.244+0.018−0.014,N/A,2.73+0.20−0.16,4,1
K2-32 e,N/A,0.090+0.009−0.008,N/A,1.01+0.10−0.09,4,1
Kepler-841 b,N/A,0.47+0.04−0.03,N/A,5.2±0.4,1,1
MASCARA-1 b,3.7±0.9,1.5±0.3,1176±286,17±3,1,1
Kepler-755 b,N/A,0.157+0.005−0.028,N/A,1.76+0.06−0.31,2,1
Kepler-755 c,N/A,0.112±0.004,N/A,1.26±0.04,2,1
EPIC 211916756 b,N/A,0.330±0.018,N/A,3.7±0.2,1,1
OGLE-2018-BLG-1700L b,4+3−2,N/A,1398+966−636,N/A,1,1
Kepler-1010 b,N/A,0.207+0.039−0.016,N/A,2.32+0.44−0.18,1,1
K2-45 b,N/A,0.599,N/A,6.71,1,1
HD 240210 b,5.21,N/A,1656,N/A,1,1
HD 108202 b,3.0+0.7−0.5,1.170,953+222−159,13.11,1,1
SIMP0136+0933,12.7±1.0,N/A,4036±318,N/A,1,0
Kepler-152 b,N/A,0.254±0.015,N/A,2.85±0.17,2,1
Kepler-152 c,N/A,0.218±0.015,N/A,2.44±0.16,2,1
EPIC 211913977 b,N/A,0.178±0.009,N/A,2.00±0.10,1,1
HD 50499 b,1.636±0.017,N/A,520±5,N/A,2,1
HD 50499 c,2.93+0.73−0.18,N/A,931+232−57,N/A,2,1
Kepler-258 b,N/A,0.37+0.25−0.06,N/A,4.1+2.8−0.7,2,1
Kepler-258 c,N/A,0.33+0.22−0.04,N/A,3.7+2.5−0.4,2,1
K2-59 b,N/A,0.21±0.03,N/A,2.4±0.3,2,1
K2-59 c,N/A,0.20±0.03,N/A,2.3±0.3,2,1
Kepler-1450 b,N/A,0.153+0.012−0.010,N/A,1.71+0.13−0.11,1,1
USco1556 A b,15±2,N/A,4767±636,N/A,1,1
WASP-66 b,2.32±0.13,1.39±0.09,737±41,15.6±1.0,1,1
CHXR 73 b,12.00,N/A,3814,N/A,1,1
Kepler-507 b,N/A,0.116+0.021−0.015,N/A,1.30+0.24−0.17,1,1
HN Peg b,22±9,1.05+0.14−0.06,6992±2860,11.8+1.6−0.7,1,1
Kepler-889 b,N/A,0.097+0.017−0.012,N/A,1.09+0.19−0.13,1,1
Kepler-1627 b,N/A,0.33±0.04,N/A,3.7+0.5−0.4,1,1
Kepler-2001 b,0.0035,0.1060,1.119,1.188,2,1
Kepler-2001 c,0.0125,0.364,3.97,4.08,2,1
HD 89345 b,0.110+0.017−0.018,0.66±0.03,35+5−6,7.4±0.3,1,1
Kepler-198 b,N/A,0.26±0.04,N/A,2.9±0.4,3,1
Kepler-198 c,N/A,0.23±0.03,N/A,2.5±0.4,3,1
Kepler-198 d,N/A,0.136+0.008−0.006,N/A,1.52+0.09−0.07,3,1
Kepler-412 b,0.94±0.09,1.32±0.04,298±27,14.9±0.5,1,1
2MASS J21265040-8140293,> 11.6000,N/A,> 3686.8096,N/A,1,1
K2-165 b,N/A,0.113+0.013−0.009,N/A,1.27+0.14−0.10,3,1
K2-165 c,N/A,0.138+0.019−0.010,N/A,1.55+0.21−0.11,3,1
K2-165 d,N/A,0.236+0.022−0.013,N/A,2.65+0.25−0.15,3,1
HATS-42 b,1.88±0.15,1.40+0.25−0.14,598±48,15.7+2.8−1.6,1,1
Kepler-1893 b,0.0112,0.1520,3.56,1.704,1,1
K2-403 b,0.0775,0.48+0.03−0.04,24.6,5.3±0.4,1,1
Kepler-1322 b,N/A,0.144+0.018−0.012,N/A,1.61+0.20−0.13,1,1
Kepler-1020 b,N/A,0.203+0.007−0.008,N/A,2.28+0.08−0.09,1,1
Kepler-1699 b,N/A,0.1400,N/A,1.569,1,1
TOI-2025 b,4.4±0.4,1.120±0.010,1398±127,12.55±0.11,1,1
HD 154088 b,0.0193,N/A,6.13,N/A,1,1
Kepler-1896 b,0.0308,0.277,9.79,3.10,1,1
Kepler-615 b,N/A,0.155+0.008−0.009,N/A,1.74+0.09−0.10,1,1
Kepler-833 b,N/A,0.180+0.011−0.008,N/A,2.02+0.12−0.09,1,1
Kepler-599 b,N/A,0.253+0.013−0.029,N/A,2.84+0.15−0.33,1,1
Kepler-720 b,N/A,0.75+0.14−0.07,N/A,8.4+1.6−0.8,1,1
K2-239 b,N/A,0.098±0.009,N/A,1.10±0.10,3,1
K2-239 c,N/A,0.089±0.009,N/A,1.00±0.10,3,1
K2-239 d,N/A,0.098±0.009,N/A,1.10±0.10,3,1
Kepler-659 b,N/A,0.22+0.03−0.02,N/A,2.5+0.3−0.2,1,1
HD 208527 b,9.90,N/A,3147,N/A,1,1
K2-248 b,N/A,0.229+0.018−0.012,N/A,2.57+0.20−0.13,1,1
Kepler-1309 b,N/A,0.211±0.018,N/A,2.4±0.2,1,1
K2-413 b,0.0011,0.068+0.007−0.004,0.362,0.76+0.08−0.04,2,1
K2-413 c,0.0064,0.110±0.005,2.05,1.23±0.06,2,1
HD 224693 b,0.710,N/A,226,N/A,1,1
TOI-2202 b,0.98±0.06,1.00+0.52−0.08,311+20−19,11.2+5.8−0.9,2,1
TOI-2202 c,0.37+0.10−0.08,N/A,117+32−27,N/A,2,1
Kepler-211 c,N/A,0.118±0.008,N/A,1.32±0.09,2,1
Kepler-211 b,N/A,0.115±0.008,N/A,1.29±0.09,2,1
K2-197 b,N/A,0.223+0.017−0.011,N/A,2.50+0.19−0.12,1,1
Kepler-327 b,N/A,0.101±0.005,N/A,1.13±0.05,3,1
Kepler-327 d,N/A,0.158±0.009,N/A,1.77±0.10,3,1
Kepler-327 c,N/A,0.094±0.005,N/A,1.05±0.05,3,1
Kepler-449 b,N/A,0.183±0.006,N/A,2.06±0.07,2,2
Kepler-449 c,N/A,0.247±0.008,N/A,2.76±0.09,2,2
Kepler-467 b,N/A,0.201+0.027−0.007,N/A,2.25+0.30−0.08,1,1
Kepler-583 b,N/A,0.203+0.026−0.013,N/A,2.28+0.29−0.15,1,1
HATS-30 b,0.71±0.04,1.18±0.05,224±12,13.2±0.6,1,1
HD 23596 b,8.10,N/A,2574,N/A,1,1
HD 205739 b,1.370,N/A,435,N/A,1,1
HD 43691 b,2.49,N/A,791,N/A,1,1
Kepler-377 c,N/A,0.19±0.04,N/A,2.1±0.4,2,1
Kepler-377 b,N/A,0.13±0.02,N/A,1.4±0.3,2,1
K2-70 b,N/A,0.245+0.013−0.009,N/A,2.75+0.15−0.10,1,1
K2-185 b,N/A,0.117+0.020−0.011,N/A,1.31+0.22−0.12,1,1
Kepler-1026 b,N/A,0.197+0.029−0.013,N/A,2.21+0.33−0.15,1,1
Kepler-1539 b,N/A,0.241+0.017−0.013,N/A,2.70+0.19−0.15,1,1
HATS-48 A b,0.24+0.02−0.03,0.800±0.015,77+7−10,8.97±0.17,1,1
NGTS-1 b,0.81±0.07,1.3+0.6−0.3,258+21−24,15+7−4,1,1
TOI-1338 (AB) b,0.10±0.06,0.611±0.017,33±20,6.85±0.19,1,2
Kepler-339 b,N/A,0.13±0.06,N/A,1.5±0.7,3,1
Kepler-339 d,N/A,0.11±0.05,N/A,1.2±0.5,3,1
Kepler-339 c,N/A,0.10±0.05,N/A,1.2±0.5,3,1
Kepler-1244 b,N/A,0.12+0.06−0.02,N/A,1.3+0.6−0.2,1,1
Kepler-667 b,N/A,0.42+0.04−0.03,N/A,4.7+0.4−0.3,1,1
K2-246 b,N/A,0.311+0.022−0.019,N/A,3.5±0.2,1,1
Kepler-1160 b,N/A,0.191+0.025−0.012,N/A,2.14+0.28−0.13,1,1
Kepler-1376 b,N/A,0.094+0.019−0.008,N/A,1.05+0.21−0.09,1,1
Kepler-1546 b,N/A,0.28+0.05−0.03,N/A,3.1+0.6−0.3,1,1
Kepler-1118 b,N/A,0.24+0.05−0.04,N/A,2.7+0.6−0.4,1,1
Kepler-1689 b,N/A,0.0840,N/A,0.942,1,1
Kepler-1164 b,N/A,0.100+0.004−0.006,N/A,1.12+0.04−0.07,1,1
Gliese 49 b,0.018±0.002,N/A,5.6±0.7,N/A,1,1
Kepler-1897 b,0.0262,0.251,8.33,2.81,1,1
HD 215456 b,0.1010,N/A,32.1,N/A,2,1
HD 215456 c,0.246,N/A,78.2,N/A,2,1
HAT-P-36 b,1.85±0.09,1.28±0.02,587±28,14.3±0.2,1,1
Kepler-760 b,N/A,0.27±0.02,N/A,3.1+0.3−0.2,2,1
Kepler-760 c,N/A,0.132+0.011−0.008,N/A,1.48+0.12−0.09,2,1
EPIC 201841433 b,N/A,0.098+0.012−0.011,N/A,1.10+0.13−0.12,1,1
HATS-25 b,0.61±0.04,1.26±0.10,195±13,14.1±1.1,1,1
HD 203387 b,3.5+0.6−0.5,1.170,1110+183−173,13.11,2,1
HD 203387 c,7+3−2,1.130,2376+1082−699,12.67,2,1
Kepler-1946 b,0.0212,0.222,6.74,2.49,1,1
HD 8326 b,0.21±0.06,N/A,67±20,N/A,1,1
Kepler-822 b,N/A,0.158+0.037−0.019,N/A,1.8+0.4−0.2,1,1
HD 30562 b,1.373,N/A,436,N/A,1,1
TOI-1064 b,0.043±0.006,0.231±0.004,13.5±1.8,2.59±0.04,2,1
TOI-1064 c,0.008±0.006,0.237±0.004,2.5+1.8−1.9,2.65±0.04,2,1
Kepler-1402 b,N/A,0.068+0.007−0.006,N/A,0.76+0.08−0.07,1,1
K2-392 b,0.0128,0.165±0.014,4.07,1.85±0.16,1,1
K2-348 b,0.0336,0.291+0.020−0.010,10.68,3.26+0.22−0.11,2,1
K2-348 c,0.0239,0.238+0.021−0.010,7.60,2.67+0.24−0.11,2,1
XO-7 b,0.71±0.03,1.37±0.03,225±11,15.4±0.3,1,1
KELT-21 b,3.91,1.59±0.04,1243,17.8±0.4,1,1
Kepler-1284 b,N/A,0.108+0.009−0.006,N/A,1.21+0.10−0.07,1,1
Kepler-1856 b,0.0115,0.1550,3.66,1.737,1,1
HD 20329 b,0.023±0.003,0.153±0.006,7.4±1.1,1.71±0.07,1,1
KELT-23 A b,0.94+0.05−0.04,1.32±0.03,298+15−14,14.8±0.3,1,2
HD 40956 b,2.7±0.6,N/A,858±191,N/A,1,1
K2-308 b,N/A,0.88±0.09,N/A,9.9±1.0,1,1
Kepler-1288 b,N/A,0.100+0.042−0.014,N/A,1.12+0.47−0.16,1,1
Kepler-1582 b,N/A,0.133+0.015−0.012,N/A,1.49+0.17−0.13,1,1
HD 143105 b,1.21±0.06,N/A,385±19,N/A,1,1
TOI-1859 b,0.216,0.87±0.07,68.7,9.8±0.8,1,1
WASP-17 b,0.486,1.991,154.5,22.3,1,1
EPIC 201546283 b,0.09±0.02,0.40±0.03,29+8−7,4.4±0.3,1,1
Kepler-1078 b,N/A,0.17±0.03,N/A,1.9±0.3,1,1
Kepler-117 c,1.84±0.18,1.10±0.04,585±57,12.3±0.4,2,1
Kepler-117 b,0.09±0.03,0.72±0.02,30±10,8.1±0.3,2,1
TOI-544 b,0.016+0.013−0.006,0.181±0.009,5.1+4.1−1.9,2.03±0.10,1,1
OGLE-2013-BLG-0132L b,0.29+0.16−0.13,N/A,92+51−41,N/A,1,1
Kepler-794 b,N/A,0.19+0.05−0.03,N/A,2.1+0.5−0.3,1,1
KMT-2021-BLG-2478 b,0.8+0.6−0.3,N/A,254+178−111,N/A,1,1
HD 59686 b,6.92+0.18−0.24,N/A,2199+57−76,N/A,1,2
EPIC 22881391 b,0.700,0.079±0.008,222,0.89±0.09,1,1
EPIC 212499991 b,N/A,0.143+0.012−0.014,N/A,1.60+0.13−0.16,1,1
K2-228 b,N/A,0.123+0.009−0.008,N/A,1.38+0.10−0.09,1,1
K2-338 b,0.0034,0.092+0.010−0.004,1.081,1.03+0.11−0.04,1,1
Kepler-1909 b,0.0042,0.0970,1.332,1.087,1,1
Kepler-129 b,0.0629,0.214±0.004,20.0,2.40±0.04,3,1
Kepler-129 d,8.3+1.1−0.7,1.120,2638+350−222,12.55,3,1
Kepler-129 c,0.14±0.04,0.225±0.006,43+13−12,2.52±0.07,3,1
Kepler-1159 b,N/A,0.21+0.09−0.03,N/A,2.4+1.0−0.4,1,1
MOA-2009-BLG-387L b,2.6+4.1−1.6,N/A,826+1303−509,N/A,1,1
Kepler-132 d,N/A,0.14±0.03,N/A,1.6±0.3,4,1
Kepler-132 c,N/A,0.12±0.02,N/A,1.3±0.3,4,1
Kepler-132 b,N/A,0.11±0.02,N/A,1.2±0.2,4,1
Kepler-132 e,N/A,0.105+0.014−0.011,N/A,1.18+0.16−0.12,4,1
Kepler-1138 b,N/A,0.152+0.021−0.012,N/A,1.70+0.24−0.13,1,1
Kepler-2000 b,0.0249,0.296,7.91,3.32,2,1
Kepler-2000 c,0.0097,0.1960,3.09,2.20,2,1
K2-370 b,0.0327,0.29+0.02−0.05,10.39,3.2+0.2−0.5,1,1
Kepler-1071 b,N/A,0.212+0.006−0.012,N/A,2.38+0.07−0.13,1,1
KELT-16 b,2.75+0.16−0.15,1.42+0.08−0.07,874+51−48,15.9+0.9−0.8,1,1
TOI-500 c,0.0158±0.0013,0.1870,5.0±0.4,2.10,4,1
TOI-500 b,0.0045±0.0006,0.104±0.005,1.42±0.18,1.17±0.06,4,1
TOI-500 d,0.104±0.003,0.567,33.1±0.9,6.36,4,1
TOI-500 e,0.047+0.004−0.003,0.356,15.0±1.1,3.99,4,1
HD 126614 A b,0.38±0.04,N/A,121±13,N/A,1,3
Kepler-992 b,N/A,0.145+0.004−0.024,N/A,1.63+0.04−0.27,1,1
HD 117207 b,1.90+0.07−0.06,N/A,604+22−19,N/A,1,1
EPIC 212424622 b,N/A,0.19+0.06−0.04,N/A,2.2+0.7−0.4,1,1
GAT 1370 b,0.0033±0.0004,N/A,1.05+0.13−0.12,N/A,2,1
GAT 1370 c,0.0035±0.0005,N/A,1.11+0.16−0.15,N/A,2,1
Kepler-1152 b,N/A,0.078+0.004−0.005,N/A,0.87+0.04−0.06,1,1
Kepler-440 b,N/A,0.166+0.021−0.017,N/A,1.86+0.24−0.19,1,1
Kepler-1671 b,N/A,0.1180,N/A,1.323,1,1
GJ 3779 b,0.0252±0.0016,N/A,8.0±0.5,N/A,1,1
Kepler-1062 b,N/A,0.157+0.008−0.009,N/A,1.76+0.09−0.10,1,1
Kepler-1666 b,N/A,0.257,N/A,2.88,2,1
Kepler-1666 c,N/A,0.289,N/A,3.24,2,1
K2-411 b,0.0029,0.088±0.004,0.938,0.99±0.04,1,1
HATS-45 b,0.70±0.15,1.29±0.09,222±48,14.4±1.0,1,1
TOI-257 b,0.14±0.02,0.639±0.013,44±7,7.16±0.15,1,1
Kepler-122 c,N/A,0.535+0.106−0.015,N/A,6.00+1.18−0.16,5,1
Kepler-122 b,N/A,0.21±0.04,N/A,2.4±0.5,5,1
Kepler-122 d,N/A,0.20±0.04,N/A,2.2±0.4,5,1
Kepler-122 e,N/A,0.24±0.05,N/A,2.7±0.6,5,1
Kepler-122 f,N/A,0.156+0.053−0.014,N/A,1.75+0.59−0.16,5,1
Kepler-1099 b,N/A,0.25±0.04,N/A,2.8+0.4−0.5,1,1
HD 80869 b,4.9+0.7−0.3,N/A,1545+207−92,N/A,1,1
Kepler-774 b,N/A,0.28+0.04−0.05,N/A,3.2±0.5,1,1
TOI-5174 b,0.0779,0.477,24.8,5.35,1,1
HATS-2 b,1.345,1.168,427,13.09,1,1
Kepler-1432 b,N/A,0.20+0.06−0.03,N/A,2.2+0.7−0.3,1,1
GJ 720 A b,0.043±0.002,0.336,13.6±0.8,3.77,1,1
Kepler-1297 b,N/A,0.087+0.014−0.008,N/A,0.98+0.16−0.09,1,1
Kepler-231 c,N/A,0.176±0.017,N/A,1.97±0.19,2,1
Kepler-231 b,N/A,0.158±0.011,N/A,1.77±0.12,2,1
Kepler-1579 b,N/A,0.075+0.005−0.004,N/A,0.84+0.06−0.04,1,1
K2-43 b,N/A,0.402+0.039−0.017,N/A,4.51+0.44−0.19,2,1
K2-43 c,N/A,0.216+0.023−0.010,N/A,2.42+0.26−0.11,2,1
HD 213519 b,0.030+0.008−0.005,0.272,9.5+2.6−1.6,3.05,1,1
G 9-40 b,N/A,0.181±0.009,N/A,2.03±0.10,1,1
HD 140901 b,0.046±0.005,0.350,14.6+1.6−1.7,3.92,2,1
HD 140901 c,5+2−4,1.140,1685+739−1291,12.78,2,1
HD 16175 b,4.8±0.4,N/A,1516±118,N/A,1,1
KMT-2018-BLG-0247 b,2.1+2.0−1.0,N/A,671+636−318,N/A,1,1
Kepler-1512 b,N/A,0.105+0.006−0.010,N/A,1.18+0.07−0.11,1,1
K2-406 b,0.0603,0.41±0.03,19.17,4.6±0.3,1,1
HATS-53 b,0.59±0.09,1.34±0.06,189±28,15.0±0.6,1,1
HD 208897 b,1.40±0.08,N/A,445±25,N/A,1,1
Kepler-260 b,N/A,0.18±0.05,N/A,2.1±0.6,2,1
Kepler-260 c,N/A,0.16±0.05,N/A,1.8±0.6,2,1
EPIC 201465501 b,N/A,0.20+0.05−0.09,N/A,2.2+0.5−1.0,1,1
HD 260655 b,0.0067±0.0011,0.11±0.03,2.1±0.3,1.2±0.3,2,1
HD 260655 c,0.0097±0.0015,0.137+0.005−0.004,3.1±0.5,1.53±0.05,2,1
KMT-2018-BLG-1292L b,4.4+0.9−0.7,N/A,1405+286−213,N/A,1,1
HATS-15 b,2.17±0.15,1.10±0.04,690±48,12.4±0.4,1,1
Kepler-1496 b,N/A,0.20+0.08−0.03,N/A,2.2+0.9−0.4,1,1
TOI-2048 b,N/A,0.184±0.018,N/A,2.1±0.2,1,1
Kepler-1235 b,N/A,0.070+0.011−0.005,N/A,0.78+0.12−0.06,1,1
HIP 77257 b,0.043±0.005,N/A,13.6±1.5,N/A,1,1
Kepler-1331 b,N/A,0.094+0.008−0.007,N/A,1.05+0.09−0.08,1,1
HD 191806 b,8.5±0.6,N/A,2708±200,N/A,1,1
HD 4208 b,0.800,N/A,254,N/A,1,1
KOI-2672.01,< 0.0537,0.483,< 17.0823,5.41,2,1
KOI-2672.02,< 0.2521,0.319,< 80.1163,3.58,2,1
Kepler-90 h,< 1.2000,1.01±0.09,< 381.3941,11.3±1.0,8,1
Kepler-90 g,< 0.8000,0.72±0.07,< 254.2627,8.1±0.8,8,1
Kepler-90 f,N/A,0.26±0.05,N/A,2.9±0.5,8,1
Kepler-90 e,N/A,0.24±0.03,N/A,2.7±0.3,8,1
Kepler-90 d,N/A,0.26±0.03,N/A,2.9±0.3,8,1
Kepler-90 c,N/A,0.106±0.013,N/A,1.19±0.14,8,1
Kepler-90 b,N/A,0.117±0.015,N/A,1.31±0.17,8,1
Kepler-90 i,N/A,0.118±0.019,N/A,1.3±0.2,8,1
TYC 8998-760-1 b,14±3,3.0+0.2−0.7,4450±953,34+2−8,2,1
TYC 8998-760-1 c,6.0±1.0,1.1+0.6−0.3,1907±318,12+7−3,2,1
HIP 94235 b,< 1.1920,0.27±0.03,< 378.8515,3.0±0.3,1,1
Kepler-1102 b,N/A,0.24+0.05−0.02,N/A,2.7+0.5−0.2,1,1
Kepler-41 b,0.56+0.10−0.09,1.04±0.04,178+32−29,11.7±0.4,1,1
K2-136 b,N/A,0.088+0.005−0.004,N/A,0.99+0.06−0.04,3,2
K2-136 c,N/A,0.260+0.010−0.009,N/A,2.91+0.11−0.10,3,2
K2-136 d,N/A,0.129+0.010−0.007,N/A,1.45+0.11−0.08,3,2
HD 103949 b,0.035±0.007,N/A,11±2,N/A,1,1
Kepler-1338 b,N/A,0.082+0.017−0.009,N/A,0.92+0.19−0.10,1,1
Kepler-1353 b,N/A,0.161+0.033−0.012,N/A,1.80+0.37−0.13,1,1
Kepler-531 b,N/A,0.248+0.007−0.017,N/A,2.78+0.08−0.19,1,1
Kepler-466 b,N/A,0.254+0.020−0.015,N/A,2.85+0.22−0.17,2,1
Kepler-466 c,N/A,0.112+0.009−0.006,N/A,1.26+0.10−0.07,2,1
Kepler-717 b,N/A,0.22+0.02−0.03,N/A,2.4+0.2−0.3,1,1
WASP-95 b,1.13+0.10−0.04,1.21±0.06,359+32−13,13.6±0.7,1,1
HD 99706 b,1.40±0.10,N/A,445±32,N/A,2,1
HD 99706 c,5.7+1.4−1.0,N/A,1808+454−305,N/A,2,1
HD 207832 b,0.560,N/A,178.0,N/A,2,1
HD 207832 c,0.730,N/A,232,N/A,2,1
4 UMa b,7.1±1.6,N/A,2257±509,N/A,1,1
Kepler-153 b,N/A,0.27+0.16−0.07,N/A,3.0+1.8−0.8,2,1
Kepler-153 c,N/A,0.23+0.14−0.05,N/A,2.6+1.6−0.5,2,1
Kepler-776 b,N/A,0.114+0.010−0.006,N/A,1.28+0.11−0.07,1,1
Kepler-851 b,N/A,0.150+0.024−0.019,N/A,1.7+0.3−0.2,1,1
OGLE-2012-BLG-0406L b,2.7±0.4,N/A,868±137,N/A,1,1
tau Boo A b,6.13±0.17,N/A,1948±54,N/A,1,2
HD 219415 b,1.000,N/A,318,N/A,1,1
TOI-1683 b,0.025±0.006,0.20±0.03,7.9±1.9,2.3±0.3,1,1
HD 153950 b,2.73±0.05,N/A,868±16,N/A,1,1
WASP-176 b,0.85±0.07,1.50+0.05−0.04,272+23−22,16.9+0.6−0.5,1,1
K2-349 b,0.0078,0.123+0.009−0.006,2.48,1.38+0.10−0.07,1,1
WASP-68 b,0.95±0.03,1.24+0.10−0.06,302±10,13.9+1.1−0.7,1,1
K2-373 b,0.0154,0.184+0.013−0.012,4.89,2.06+0.15−0.13,1,1
Kepler-532 b,N/A,0.229+0.019−0.012,N/A,2.57+0.21−0.13,1,1
Kepler-705 b,N/A,0.188+0.009−0.007,N/A,2.11+0.10−0.08,1,1
Kepler-1462 b,N/A,0.34+0.07−0.04,N/A,3.8+0.8−0.4,1,1
KOI-201 b,< 0.6000,0.80+0.07−0.04,< 190.6970,8.9+0.8−0.5,1,1
Kepler-999 b,N/A,0.21+0.06−0.04,N/A,2.3+0.7−0.5,1,1
Kepler-214 c,N/A,0.19±0.04,N/A,2.2±0.4,2,1
Kepler-214 b,N/A,0.24±0.04,N/A,2.7±0.5,2,1
Kepler-393 b,N/A,0.12±0.02,N/A,1.3±0.3,2,1
Kepler-393 c,N/A,0.12±0.03,N/A,1.4±0.3,2,1
Kepler-1918 b,0.0185,0.205,5.88,2.30,1,1
HAT-P-56 b,2.2±0.2,1.47±0.04,693±79,16.4±0.4,1,1
NGTS-2 b,0.74+0.13−0.12,1.59+0.05−0.04,235+41−38,17.9±0.5,1,1
1SWASP J1407 b,14.00,N/A,4450,N/A,1,1
WASP-31 b,0.478,1.537,151.9,17.23,1,1
Kepler-1044 b,N/A,0.24+0.06−0.03,N/A,2.7+0.6−0.3,1,1
HD 28185 b,5.70,N/A,1812,N/A,1,1
Kepler-1142 b,N/A,0.131+0.038−0.016,N/A,1.47+0.43−0.18,1,1
TOI-150 b,2.51±0.12,1.255+0.021−0.019,798±38,14.1±0.2,1,1
HD 115404 A b,0.095+0.023−0.019,0.535,30+7−6,6.00,2,1
HD 115404 A c,10.4+1.4−1.3,1.110,3300+450−404,12.44,2,1
Kepler-1354 b,N/A,0.27+0.11−0.04,N/A,3.0+1.2−0.5,1,1
Kepler-763 b,N/A,0.109+0.008−0.007,N/A,1.22+0.09−0.08,1,1
MOA-2016-BLG-227L b,2.8+2.2−1.5,N/A,890+699−477,N/A,1,1
Kepler-133 c,N/A,0.26±0.04,N/A,2.9±0.5,2,1
Kepler-133 b,N/A,0.16±0.03,N/A,1.8±0.3,2,1
HD 175370 b,4.6±1.0,N/A,1462±318,N/A,1,1
WASP-171 b,1.08±0.09,0.98+0.07−0.04,345±30,11.0+0.8−0.4,1,1
Kepler-948 b,N/A,0.17+0.03−0.04,N/A,1.8+0.3−0.4,1,1
NGTS-16 b,0.67+0.16−0.13,1.30±0.13,212+51−41,14.6±1.5,1,1
Kepler-176 c,N/A,0.24+0.12−0.03,N/A,2.7+1.4−0.3,4,1
Kepler-176 b,N/A,0.13±0.07,N/A,1.5±0.7,4,1
Kepler-176 d,N/A,0.23+0.12−0.03,N/A,2.6+1.3−0.3,4,1
Kepler-176 e,N/A,0.129+0.011−0.013,N/A,1.45+0.12−0.15,4,1
OGLE-2005-BLG-390L b,0.017+0.017−0.009,N/A,5+5−3,N/A,1,1
WASP-100 b,2.03±0.12,1.7±0.3,645±38,19±3,1,1
HD 108236 b,0.0133+0.0013−0.0012,0.144±0.005,4.2±0.4,1.62±0.05,5,1
HD 108236 c,0.028±0.002,0.185±0.005,8.9+0.7−0.6,2.07±0.05,5,1
HD 108236 d,0.0244+0.0029−0.0020,0.227±0.006,7.7+0.9−0.6,2.54+0.06−0.07,5,1
HD 108236 e,0.026+0.012−0.004,0.275±0.005,8.2+3.8−1.2,3.08±0.05,5,1
HD 108236 f,0.0124+0.0014−0.0010,0.180±0.005,3.9+0.5−0.3,2.02+0.05−0.06,5,1
EPIC 212624936 b,0.0059,0.11±0.03,1.869,1.2±0.3,2,1
EPIC 212624936 c,0.0186,0.20±0.04,5.91,2.3±0.5,2,1
Kepler-1513 b,N/A,0.76+0.12−0.07,N/A,8.5+1.4−0.7,1,1
Kepler-150 c,N/A,0.34±0.05,N/A,3.8±0.6,4,1
Kepler-150 d,N/A,0.25±0.04,N/A,2.8±0.4,4,1
Kepler-150 e,N/A,0.28±0.05,N/A,3.2±0.6,4,1
Kepler-150 b,N/A,0.114±0.017,N/A,1.28±0.19,4,1
Kepler-552 b,N/A,0.35+0.07−0.05,N/A,3.9+0.8−0.6,1,1
Kepler-1819 b,0.0456,0.348,14.49,3.90,1,1
WASP-110 b,0.51±0.06,1.24±0.06,162±20,13.9±0.6,1,1
HD 213472 b,3.5+1.1−0.6,N/A,1106+350−188,N/A,1,1
Kepler-578 b,N/A,0.178+0.016−0.020,N/A,2.00+0.18−0.22,1,1
OGLE-2017-BLG-1099 b,3.0+2.4−1.8,N/A,960+772−575,N/A,1,1
Kepler-1498 b,N/A,0.119+0.010−0.008,N/A,1.33+0.11−0.09,1,1
OGLE-2012-BLG-0358L b,1.85±0.19,N/A,588±60,N/A,1,1
HD 73267 b,3.06±0.07,N/A,973±22,N/A,1,1
K2-290 b,0.0343,0.273±0.014,10.90,3.06±0.16,2,1
K2-290 c,0.77±0.05,1.01±0.05,246±15,11.3±0.6,2,1
HD 17674 b,0.87+0.07−0.06,N/A,277+22−19,N/A,1,1
Kepler-1252 b,N/A,0.15+0.04−0.02,N/A,1.7+0.4−0.2,1,1
Kepler-619 b,N/A,0.28+0.06−0.03,N/A,3.2+0.7−0.3,2,1
Kepler-619 c,N/A,0.151+0.035−0.015,N/A,1.69+0.39−0.17,2,1
KMT-2018-BLG-2004 b,0.27±0.12,N/A,86±38,N/A,1,1
HD 63454 b,0.380,N/A,120.8,N/A,1,1
TOI-833 b,0.0060+0.0041−0.0019,0.113±0.006,1.9+1.3−0.6,1.27±0.07,1,1
Kepler-700 b,N/A,0.53+0.08−0.04,N/A,6.0+0.9−0.5,2,1
KOI-847 c,N/A,0.500,N/A,5.60,2,1
Kepler-1043 b,N/A,0.23+0.04−0.02,N/A,2.5+0.4−0.2,1,1
K2-268 b,0.0090,0.134+0.011−0.006,2.86,1.50+0.12−0.07,5,1
K2-268 c,0.0242,0.240+0.069−0.019,7.69,2.7+0.8−0.2,5,1
K2-268 d,0.0089,0.133+0.012−0.006,2.83,1.49+0.13−0.07,5,1
K2-268 e,0.0073,0.119+0.010−0.007,2.33,1.33+0.11−0.08,5,1
K2-268 f,0.0176,0.199+0.013−0.008,5.59,2.23+0.15−0.09,5,1
Kepler-1076 b,N/A,0.071+0.004−0.003,N/A,0.80+0.04−0.03,1,1
EPIC 206215704 b,N/A,0.080+0.017−0.018,N/A,0.90+0.19−0.20,1,1
Kepler-890 b,N/A,0.79+0.26−0.10,N/A,8.9+2.9−1.1,1,1
Kepler-779 b,N/A,0.082±0.006,N/A,0.92±0.07,1,1
OGLE-TR-111 b,0.540,1.077,171.6,12.07,1,1
CoRoT-16 b,0.5±0.8,1.170,168±254,13.11,1,1
WASP-58 b,0.89±0.07,1.4±0.2,283±22,15±2,1,1
Kepler-135 b,N/A,0.16±0.03,N/A,1.8±0.4,2,1
Kepler-135 c,N/A,0.11±0.02,N/A,1.2±0.2,2,1
Kepler-901 b,N/A,0.122+0.006−0.005,N/A,1.37+0.07−0.06,1,1
K2-207 b,N/A,0.233+0.033−0.019,N/A,2.6+0.4−0.2,1,1
GJ 740 b,0.0093±0.0016,N/A,3.0±0.5,N/A,1,1
DP Leo b,6.05,N/A,1923,N/A,1,2
HD 27894 b,0.665+0.009−0.007,N/A,211+3−2,N/A,3,1
HD 27894 c,0.162+0.011−0.040,N/A,51+3−13,N/A,3,1
HD 27894 d,5.4+0.2−1.2,N/A,1721+76−386,N/A,3,1
HD 179079 b,0.0800,N/A,25.4,N/A,1,1
WASP-148 b,0.29±0.03,0.72±0.06,92±8,8.1±0.6,2,1
WASP-148 c,0.40±0.05,N/A,127±16,N/A,2,1
WASP-182 b,0.148±0.011,0.85±0.03,47±3,9.5±0.3,1,1
Kepler-508 b,N/A,0.146+0.023−0.017,N/A,1.64+0.26−0.19,1,1
TOI-1201 b,0.020±0.003,0.215±0.008,6.3±0.9,2.41±0.09,1,1
HAT-P-47 b,0.21±0.04,1.31±0.04,65±12,14.7±0.5,1,1
Kepler-1351 b,N/A,0.058±0.004,N/A,0.65±0.04,1,1
Kepler-1431 b,N/A,0.131+0.037−0.014,N/A,1.47+0.41−0.16,1,1
HD 28192 b,0.31±0.03,1.080,99±9,12.11,1,1
Qatar-9 b,1.19±0.16,1.009±0.014,378±51,11.31±0.16,1,1
HIP 29442 c,0.0142±0.0009,0.141+0.009−0.010,4.5±0.3,1.58+0.10−0.11,3,1
HIP 29442 d,0.0160±0.0013,0.122±0.010,5.1±0.4,1.37±0.11,3,1
HIP 29442 b,0.030±0.003,0.310+0.006−0.007,9.6±0.8,3.47+0.07−0.08,3,1
Kepler-1194 b,N/A,0.135+0.011−0.008,N/A,1.51+0.12−0.09,1,1
Kepler-473 b,N/A,0.36+0.07−0.06,N/A,4.1+0.8−0.7,1,1
OGLE-2011-BLG-251L b,0.5±0.2,N/A,168±67,N/A,1,1
K2-333 b,0.0995,0.55+0.03−0.02,31.6,6.2+0.3−0.2,1,1
Kepler-1569 b,N/A,0.15+0.07−0.03,N/A,1.7+0.7−0.3,1,1
OGLE-2017-BLG-0482L b,0.028+0.028−0.014,N/A,9+9−5,N/A,1,1
Qatar-5 b,4.32±0.18,1.11±0.06,1373±57,12.4±0.7,1,1
HAT-P-25 b,0.567,1.190,180.2,13.34,1,1
KMT-2021-BLG-1105 b,1.3±0.7,N/A,413±216,N/A,1,1
Kepler-1455 b,N/A,0.193+0.013−0.014,N/A,2.16+0.15−0.16,1,1
Kepler-804 b,N/A,0.173+0.021−0.014,N/A,1.94+0.24−0.16,2,1
Kepler-804 c,N/A,0.102+0.018−0.012,N/A,1.14+0.20−0.13,2,1
Rho Coronae Borealis b,1.04±0.02,N/A,332±8,N/A,2,1
Rho Coronae Borealis c,0.079±0.006,N/A,25±2,N/A,2,1
TOI-216 b,0.09+0.06−0.04,0.69+0.14−0.07,30+20−14,7.7+1.6−0.8,2,1
TOI-216 c,0.6+0.5−0.3,1.01+0.05−0.04,200+170−100,11.3+0.6−0.4,2,1
OGLE-2018-BLG-1212L b,0.20+0.16−0.13,0.832,64+51−41,9.33,1,1
BD+55 362 b,0.72±0.08,1.250,229±25,14.01,1,1
Kepler-475 b,N/A,0.222+0.004−0.016,N/A,2.49+0.04−0.18,1,1
HD 137388 b,0.223,N/A,70.9,N/A,1,1
Kepler-1407 b,N/A,0.20+0.05−0.03,N/A,2.3+0.5−0.3,1,1
K2-194 b,N/A,0.32+0.06−0.04,N/A,3.6+0.6−0.5,1,1
EPIC 201702477 b,N/A,0.67±0.10,N/A,7.5±1.1,1,2
Kepler-1880 b,0.0161,0.1890,5.12,2.12,1,1
TOI-763 b,0.031±0.002,0.203±0.010,9.8±0.8,2.28±0.11,2,1
TOI-763 c,0.029±0.003,0.235±0.011,9.3±1.0,2.63±0.12,2,1
Kepler-1037 b,N/A,0.114+0.008−0.006,N/A,1.28+0.09−0.07,1,1
Kepler-1850 b,9.80 ·10-4,0.0650,0.311,0.729,1,1
KMT-2016-BLG-1836L b,2.2+1.9−1.1,N/A,699+604−350,N/A,1,1
Kepler-84 b,N/A,0.23±0.04,N/A,2.5±0.5,5,1
Kepler-84 c,N/A,0.25±0.05,N/A,2.8±0.6,5,1
Kepler-84 e,N/A,0.24±0.04,N/A,2.7±0.5,5,1
Kepler-84 d,N/A,0.13±0.02,N/A,1.4±0.3,5,1
Kepler-84 f,N/A,0.20±0.04,N/A,2.2±0.4,5,1
Kepler-165 b,N/A,0.21+0.13−0.04,N/A,2.4+1.4−0.4,2,1
Kepler-165 c,N/A,0.20+0.12−0.03,N/A,2.3+1.4−0.4,2,1
Kepler-692 b,N/A,0.28+0.03−0.02,N/A,3.1+0.4−0.2,1,1
WASP-2 b,0.93±0.06,1.08±0.04,296+19−18,12.1+0.5−0.4,1,2
Kepler-110 b,N/A,0.17±0.03,N/A,1.9±0.4,2,1
Kepler-110 c,N/A,0.20±0.04,N/A,2.3±0.4,2,1
MOA-2007-BLG-400L b,0.8+0.5−0.3,N/A,264+156−99,N/A,1,1
K2-115 b,N/A,1.08±0.02,N/A,12.1±0.2,1,1
Kepler-1549 b,N/A,0.229+0.020−0.018,N/A,2.6±0.2,1,1
gam Psc b,1.34+0.02−0.31,N/A,426+6−99,N/A,1,1
Kepler-790 b,N/A,0.194+0.015−0.012,N/A,2.17+0.17−0.13,1,1
EPIC 229004835 b,0.033±0.005,0.208+0.007−0.008,10.4+1.6−1.5,2.33+0.08−0.09,1,1
HD 103197 b,0.0980,N/A,31.1,N/A,1,1
KIC 6185331 b,N/A,0.53+0.07−0.05,N/A,5.9+0.8−0.5,1,1
EPIC 201208431 b,N/A,0.22±0.04,N/A,2.4±0.4,1,2
HD 216435 b,1.260,N/A,400,N/A,1,1
Kepler-1988 b,0.0093,0.1380,2.96,1.547,1,1
Kepler-559 b,N/A,0.32+0.06−0.03,N/A,3.6+0.6−0.4,1,1
HATS-23 b,1.47±0.07,1.9+0.3−0.4,467±23,21+3−4,1,1
Kepler-672 b,N/A,0.223+0.029−0.016,N/A,2.50+0.33−0.18,1,1
Kepler-612 b,N/A,0.25+0.06−0.02,N/A,2.8+0.7−0.3,1,1
EPIC 201497682 b,N/A,0.062+0.005−0.004,N/A,0.69+0.06−0.04,1,1
Kepler-1039 b,N/A,0.130+0.008−0.020,N/A,1.46+0.09−0.22,1,1
HD 115594 b,8.3+0.8−0.6,N/A,2635+238−184,N/A,1,1
HD 109246 b,0.770,N/A,245,N/A,1,1
51 Eri b,2.00,1.000,636,11.21,1,3
HD 192699 b,2.40+0.15−0.21,N/A,763+48−67,N/A,1,1
WASP-174 b,1.300,1.3±0.5,413,15±6,1,1
K2-224 c,N/A,0.215+0.014−0.011,N/A,2.41+0.16−0.12,2,1
K2-224 b,N/A,0.139+0.014−0.012,N/A,1.56+0.16−0.13,2,1
Kepler-884 b,N/A,0.110±0.004,N/A,1.23±0.04,1,1
K2-208 b,N/A,0.150+0.014−0.011,N/A,1.68+0.16−0.12,1,1
Kepler-861 b,N/A,0.203+0.011−0.012,N/A,2.28+0.12−0.13,1,1
HD 167768 b,0.85+0.12−0.11,1.240,270+38−35,13.90,1,1
KELT-2A b,1.52±0.09,1.29+0.06−0.05,484±28,14.5+0.7−0.6,1,2
Kepler-389 b,N/A,0.14±0.07,N/A,1.5±0.8,2,1
Kepler-389 c,N/A,0.13±0.07,N/A,1.5±0.8,2,1
HD 38283 b,0.340,N/A,108.1,N/A,1,1
Kepler-1612 b,N/A,0.092+0.016−0.010,N/A,1.03+0.18−0.11,1,1
NN Ser (AB) c,6.96±0.12,N/A,2212±38,N/A,2,2
NN Ser (AB) d,1.74±0.09,N/A,553±29,N/A,2,2
Kepler-1259 b,N/A,0.128+0.006−0.009,N/A,1.43+0.07−0.10,1,1
TOI-2096 c,0.0136,0.171±0.008,4.32,1.92±0.09,2,1
TOI-2096 b,0.0065,0.111+0.007−0.006,2.08,1.24+0.08−0.07,2,1
Kepler-1499 b,N/A,0.106+0.022−0.012,N/A,1.19+0.25−0.13,1,1
Kepler-715 b,N/A,0.34+0.07−0.04,N/A,3.8+0.8−0.5,1,1
HD 204313 b,4.3±0.3,N/A,1360±95,N/A,3,1
HD 204313 c,0.055±0.005,N/A,17.6±1.7,N/A,3,1
HD 204313 d,1.7±0.3,N/A,534±95,N/A,3,1
Kepler-1365 b,N/A,0.082+0.012−0.009,N/A,0.92+0.13−0.10,2,1
Kepler-1365 c,N/A,0.071+0.011−0.007,N/A,0.80+0.12−0.08,2,1
Kepler-1275 b,N/A,0.13+0.06−0.02,N/A,1.5+0.7−0.3,1,1
Kepler-1995 b,0.0533,0.412,16.94,4.62,1,1
KMT-2016-BLG-1397L b,7+5−4,N/A,2225+1653−1367,N/A,1,1
Kepler-151 b,N/A,0.28+0.14−0.05,N/A,3.1+1.6−0.5,2,1
Kepler-151 c,N/A,0.190+0.095−0.004,N/A,2.13+1.06−0.04,2,1
OGLE-2018-BLG-1269L b,0.7+0.4−0.2,N/A,213+130−67,N/A,1,1
Kepler-691 b,N/A,0.186±0.008,N/A,2.08±0.09,1,1
K2-218 b,N/A,0.229+0.025−0.013,N/A,2.57+0.28−0.15,1,1
24 Boo b,0.91+0.13−0.10,N/A,289+41−32,N/A,1,1
WASP-173 A b,3.69±0.18,1.20±0.06,1173±57,13.5±0.7,1,2
K2-65 b,N/A,0.123+0.022−0.008,N/A,1.38+0.25−0.09,1,1
K2-225 b,N/A,0.24+0.04−0.03,N/A,2.7+0.5−0.3,1,1
Kepler-661 b,N/A,0.274+0.011−0.019,N/A,3.07+0.12−0.21,1,1
Kepler-1355 b,N/A,0.130+0.011−0.009,N/A,1.46+0.12−0.10,1,1
Kepler-752 b,N/A,0.251+0.023−0.019,N/A,2.8+0.3−0.2,1,1
WASP-41 b,0.94±0.05,1.18±0.03,299±16,13.2±0.3,2,1
WASP-41 c,3.2±0.2,N/A,1011±64,N/A,2,1
WASP-25 b,0.580,1.260,184.3,14.12,1,1
Kepler-800 b,N/A,0.25+0.03−0.02,N/A,2.8±0.3,1,1
HAT-P-9 b,0.75±0.06,1.39±0.07,238±20,15.6+0.8−0.7,1,1
K2-75 b,N/A,0.23+0.03−0.02,N/A,2.6+0.4−0.2,2,1
K2-75 c,N/A,0.23+0.03−0.02,N/A,2.6+0.4−0.2,2,1
Kepler-754 b,N/A,0.18+0.04−0.02,N/A,2.0+0.5−0.3,1,1
Omega Serpentis b,1.700,N/A,540,N/A,1,1
L 168-9 b,0.0145±0.0018,0.124±0.008,4.6±0.6,1.39±0.09,1,1
Kepler-1278 b,N/A,0.090+0.028−0.011,N/A,1.01+0.31−0.12,1,1
HD 109271 b,0.0540,N/A,17.16,N/A,2,1
HD 109271 c,0.0760,N/A,24.2,N/A,2,1
TOI-2567 b,0.20±0.03,0.97+0.03−0.02,64±11,10.9+0.3−0.2,1,1
K2-286 b,N/A,0.187±0.018,N/A,2.1±0.2,1,1
Kepler-1267 b,N/A,0.27+0.09−0.04,N/A,3.0+1.0−0.4,1,1
Kepler-1482 b,N/A,0.090+0.009−0.010,N/A,1.01+0.10−0.11,1,1
HD 13908 b,0.86±0.04,N/A,275±11,N/A,2,1
HD 13908 c,5.1±0.2,N/A,1630±79,N/A,2,1
WASP-63 b,0.38±0.03,1.43+0.10−0.06,121±10,16.0+1.1−0.7,1,1
Kepler-723 b,N/A,1.09+0.14−0.07,N/A,12.2+1.6−0.8,1,1
Kepler-1655 b,0.016+0.010−0.009,0.197±0.007,5±3,2.21±0.08,1,1
GU Psc b,11±2,N/A,3496±636,N/A,1,1
Kepler-462 b,0.17+0.33−0.07,0.268+0.018−0.009,54+105−24,3.00+0.20−0.10,2,1
Kepler-462 c,0.019+0.034−0.015,0.357±0.018,6+11−5,4.0±0.2,2,1
Kepler-1438 b,N/A,0.084+0.017−0.009,N/A,0.94+0.19−0.10,1,1
K2-366 b,0.0194,0.210+0.017−0.015,6.17,2.35+0.19−0.17,1,1
Kepler-104 b,N/A,0.28±0.05,N/A,3.2±0.5,3,1
Kepler-104 c,N/A,0.29±0.05,N/A,3.2±0.6,3,1
Kepler-104 d,N/A,0.33±0.06,N/A,3.7±0.6,3,1
HD 154672 b,5.02,N/A,1595,N/A,1,1
Kepler-1262 b,N/A,0.162+0.029−0.015,N/A,1.82+0.33−0.17,1,1
Kepler-684 b,N/A,0.30±0.03,N/A,3.4±0.3,1,1
Kepler-655 b,N/A,0.24+0.04−0.02,N/A,2.7+0.4−0.3,1,1
HAT-P-69 b,3.6±0.6,1.68+0.05−0.03,1138±184,18.8+0.6−0.4,1,1
WASP-14 b,7.34,1.281,2333,14.36,1,2
Kepler-188 c,N/A,0.29+0.13−0.04,N/A,3.3+1.5−0.5,2,1
Kepler-188 b,N/A,0.15±0.07,N/A,1.7±0.8,2,1
HD 168863 b,6.8±1.1,1.130,2155+354−348,12.67,1,1
HD 64114 b,0.056±0.011,N/A,18±3,N/A,1,1
Kepler-947 b,N/A,0.20±0.02,N/A,2.3±0.2,1,1
Kepler-1291 b,N/A,0.148+0.009−0.016,N/A,1.66+0.10−0.18,1,1
HIP 81208 C b,14.8±0.4,1.090,4704±127,12.22,1,1
OGLE-2015-BLG-0563L b,0.39+0.14−0.23,N/A,124+44−73,N/A,1,1
VHS 1256-1257 b,11.2+9.7−1.8,N/A,3560+3083−572,N/A,1,2
Kepler-1840 b,0.0256,0.248,8.14,2.78,1,1
KOI-372 b,3.2±0.2,0.747±0.017,1033±64,8.37±0.19,2,1
KOI-372 c,> 1.2000,N/A,> 381.3941,N/A,2,1
CoRoT-36 b,0.7+0.5−0.7,1.41±0.14,216+149−216,15.8±1.6,1,1
Kepler-1127 b,N/A,0.17+0.03−0.04,N/A,2.0+0.3−0.4,1,1
Kepler-74 b,0.63±0.12,0.96±0.02,200±38,10.8±0.2,1,1
HATS-40 b,1.6±0.2,1.58+0.16−0.12,505±76,17.7+1.8−1.3,1,1
WASP-43 b,2.03,1.036,646,11.61,1,1
Kepler-53 b,N/A,0.26+0.12−0.03,N/A,2.9+1.4−0.4,3,1
Kepler-53 d,N/A,0.193+0.096−0.005,N/A,2.17+1.07−0.05,3,1
Kepler-53 c,N/A,0.34+0.17−0.08,N/A,3.8+1.9−0.9,3,1
K2-68 b,N/A,0.163+0.013−0.009,N/A,1.83+0.14−0.10,1,1
KMT-2021-BLG-1898 b,0.76±0.05,N/A,242±16,N/A,1,1
Kepler-908 b,N/A,0.109+0.009−0.007,N/A,1.22+0.10−0.08,1,1
Kepler-1895 b,0.0162,0.1890,5.15,2.12,1,1
K2-73 b,N/A,0.235+0.032−0.017,N/A,2.63+0.36−0.19,1,1
OGLE-2003-BLG-235L b,2.6+0.8−0.6,N/A,826+254−191,N/A,1,1
Kepler-1084 b,N/A,0.099+0.021−0.013,N/A,1.11+0.24−0.15,1,1
HD 10647 b,0.940,N/A,299,N/A,1,1
Kepler-838 b,N/A,0.24+0.04−0.02,N/A,2.7+0.5−0.2,1,1
Kepler-251 c,N/A,0.25±0.04,N/A,2.8±0.5,4,1
Kepler-251 d,N/A,0.25±0.04,N/A,2.8±0.5,4,1
Kepler-251 b,N/A,0.12±0.02,N/A,1.4±0.2,4,1
Kepler-251 e,N/A,0.25±0.04,N/A,2.8±0.5,4,1
Kepler-582 b,N/A,0.33+0.05−0.03,N/A,3.7+0.5−0.3,1,1
OGLE-TR-211 b,0.750,1.260,238,14.12,1,1
HD 167677 b,2.9+0.9−1.0,1.180,906+302−318,13.23,1,1
Kepler-436 b,N/A,0.24±0.02,N/A,2.7±0.2,2,1
Kepler-436 c,N/A,0.208+0.017−0.012,N/A,2.33+0.19−0.13,2,1
Kepler-668 b,N/A,0.241+0.021−0.016,N/A,2.70+0.24−0.18,1,1
eta Cet b,2.46±0.12,N/A,782±38,N/A,2,1
eta Cet c,3.2±0.2,N/A,1004±64,N/A,2,1
Kepler-899 b,N/A,0.24+0.04−0.02,N/A,2.7+0.5−0.3,1,1
Kepler-1398 b,N/A,0.080+0.025−0.011,N/A,0.90+0.28−0.12,2,1
Kepler-1398 c,N/A,0.092+0.033−0.013,N/A,1.03+0.37−0.15,2,1
Kepler-1165 c,0.0354,0.300,11.25,3.36,2,1
Kepler-1165 b,0.0095,0.138+0.045−0.017,3.02,1.55+0.50−0.19,2,1
HD 69123 b,3.04±0.16,N/A,966±51,N/A,1,1
Kepler-101 b,0.161+0.016−0.015,0.52+0.08−0.07,51±5,5.8+0.9−0.8,2,1
Kepler-101 c,< 0.0119,0.112+0.017−0.015,< 3.7822,1.26+0.19−0.17,2,1
Kepler-1171 b,N/A,0.23+0.06−0.04,N/A,2.6+0.7−0.5,1,1
WASP-113 b,0.47±0.05,1.41+0.10−0.14,151±17,15.8+1.1−1.6,1,1
EPIC 201595106 b,0.0070,0.116±0.009,2.24,1.30±0.10,1,1
GJ 685 b,0.028+0.005−0.006,N/A,9.0+1.7−1.8,N/A,1,1
Kepler-1216 b,N/A,0.124+0.020−0.010,N/A,1.39+0.22−0.11,1,1
HD 95872 b,4.6±0.3,N/A,1462±95,N/A,1,1
HATS-4 b,1.32±0.03,1.02±0.04,420±9,11.4±0.4,1,1
NGTS-20 b,2.98±0.16,1.07±0.04,947±51,12.0±0.4,1,1
Kepler-1124 b,N/A,0.114+0.011−0.006,N/A,1.28+0.12−0.07,1,1
TOI-2525 b,0.084±0.005,0.774±0.010,26.7±1.6,8.68±0.11,2,1
TOI-2525 c,0.66±0.03,0.904±0.010,209±10,10.13±0.11,2,1
KOI-1599 b,0.0283±0.0009,0.170±0.018,9.0±0.3,1.9±0.2,2,1
KOI-1599 c,0.0145±0.0009,0.17±0.03,4.6±0.3,1.9±0.3,2,1
HD 217958 b,0.59+0.28−0.13,1.260,188+89−42,14.12,1,1
Wendelstein-2 b,0.7+0.5−0.3,1.16±0.02,232+172−99,13.0±0.2,1,1
Kepler-1137 b,N/A,0.20+0.07−0.04,N/A,2.2+0.8−0.4,1,1
NGTS-10 b,2.16+0.09−0.11,1.21+0.12−0.08,687+29−34,13.5+1.3−0.9,1,1
GJ 143 b,0.071+0.007−0.006,0.233+0.015−0.014,22.7+2.2−1.9,2.61+0.17−0.16,2,1
GJ 143 c,0.0116,0.080+0.006−0.005,3.70,0.90+0.07−0.06,2,1
HD 52265 b,1.05±0.03,N/A,334±10,N/A,1,1
Kepler-923 b,N/A,0.123+0.026−0.017,N/A,1.38+0.29−0.19,1,1
K2-72 b,N/A,0.096±0.010,N/A,1.08±0.11,4,1
K2-72 c,N/A,0.103±0.012,N/A,1.15±0.13,4,1
K2-72 d,N/A,0.090±0.011,N/A,1.01±0.12,4,1
K2-72 e,N/A,0.115±0.012,N/A,1.29±0.13,4,1
WASP-59 b,0.86±0.04,0.78±0.07,274±14,8.7±0.8,1,1
K2-404 b,0.0218,0.226±0.007,6.93,2.53±0.08,1,1
KIC 5437945 b,N/A,0.57±0.14,N/A,6.4±1.6,2,1
KOI-3791.02,N/A,0.54+0.26−0.13,N/A,6.1+2.9−1.5,2,1
TOI-3362 b,5.03+0.07−0.05,1.14±0.04,1598+22−15,12.8±0.5,1,1
HD 117618 b,0.1780,N/A,56.6,N/A,2,1
HD 117618.02,0.20±0.10,N/A,64±32,N/A,2,1
Kepler-832 b,N/A,0.184+0.029−0.015,N/A,2.06+0.33−0.17,1,1
Kepler-1143 b,N/A,0.149+0.012−0.010,N/A,1.67+0.13−0.11,2,1
Kepler-1143 c,N/A,0.32+0.04−0.03,N/A,3.6+0.5−0.3,2,1
Kepler-759 b,N/A,0.20+0.04−0.02,N/A,2.3+0.5−0.2,1,1
Kepler-1924 b,0.0237,0.237,7.53,2.66,1,1
HD 72892 b,5.5±0.4,N/A,1732±118,N/A,1,1
Kepler-624 b,N/A,0.21+0.03−0.02,N/A,2.3+0.3−0.2,1,1
BD+15 2375 b,1.1±0.3,N/A,337±86,N/A,1,1
Kepler-1937 b,0.0295,0.270,9.38,3.03,1,1
WASP-46 b,1.91±0.13,1.17±0.04,607±41,13.2±0.4,1,1
Kepler-839 b,N/A,0.23+0.04−0.02,N/A,2.6+0.4−0.2,1,1
Kepler-51 b,0.007+0.005−0.003,0.63±0.03,2.1+1.5−0.8,7.1±0.3,3,1
Kepler-51 c,0.0126±0.0013,0.80+0.25−0.15,4.0±0.4,9.0+2.8−1.7,3,1
Kepler-51 d,0.024±0.004,0.86±0.04,7.6±1.1,9.7±0.5,3,1
Kepler-170 b,N/A,0.29±0.02,N/A,3.3±0.2,2,1
Kepler-170 c,N/A,0.261±0.015,N/A,2.92±0.17,2,1
TOI-244 b,0.0084±0.0009,0.136±0.011,2.7±0.3,1.52±0.12,1,1
Kepler-1481 b,N/A,0.110+0.007−0.005,N/A,1.23+0.08−0.06,1,1
Kepler-196 b,N/A,0.173±0.014,N/A,1.94±0.15,2,1
Kepler-196 c,N/A,0.204±0.015,N/A,2.29±0.17,2,1
HD 29021 b,2.4±0.2,N/A,763±64,N/A,1,1
Kepler-998 b,N/A,0.21+0.05−0.03,N/A,2.3+0.6−0.3,1,1
FU Tau B,15.00,N/A,4767,N/A,1,1
Kepler-1051 b,N/A,0.30+0.11−0.06,N/A,3.4+1.2−0.7,1,1
HD 164604 b,2.70,N/A,858,N/A,1,1
HATS-18 b,1.98±0.08,1.33±0.07,629±24,14.9±0.8,1,1
Kepler-1830 b,0.0348,0.297,11.06,3.33,1,1
Kepler-200 b,N/A,0.19±0.04,N/A,2.2±0.4,2,1
Kepler-200 c,N/A,0.14±0.03,N/A,1.6±0.3,2,1
Gliese 674 b,0.0370,N/A,11.76,N/A,1,1
HD 169142 b,3±2,1.170,953±636,13.11,1,1
Kepler-447 b,1.4±0.5,1.6±0.6,435+153−146,18+7−6,1,1
BD+02.3313 b,34.1±1.1,N/A,10838±350,N/A,1,1
Kepler-673 b,N/A,0.58+0.05−0.04,N/A,6.5±0.5,1,1
Kepler-1832 b,0.0064,0.1090,2.02,1.222,1,1
HD 18742 b,2.70,N/A,858,N/A,1,1
Kepler-1196 b,N/A,0.199+0.033−0.019,N/A,2.2+0.4−0.2,1,1
Kepler-1163 b,N/A,0.092+0.015−0.010,N/A,1.03+0.17−0.11,1,1
TYC 3318-01333-1 b,3.4±0.3,N/A,1087±111,N/A,1,1
K2-129 b,N/A,0.093+0.009−0.008,N/A,1.04+0.10−0.09,1,1
WASP-4 b,1.19+0.09−0.10,1.32±0.04,377+29−31,14.8±0.4,1,1
K2-190 b,N/A,0.121+0.016−0.009,N/A,1.36+0.18−0.10,2,1
K2-190 c,N/A,0.097+0.013−0.008,N/A,1.09+0.15−0.09,2,1
HD 48265 b,1.160,N/A,369,N/A,1,1
NGTS-3 A b,2.4±0.3,1.5±0.4,756±83,17±4,1,2
Kepler-798 b,N/A,0.21+0.09−0.03,N/A,2.4+1.0−0.3,1,1
HD 131664 b,85.2,N/A,27079,N/A,1,1
KMT-2019-BLG-1806L b,0.015±0.005,0.1790,4.7±1.6,2.01,1,1
EPIC 228836835 b,0.0043,0.098+0.027−0.018,1.367,1.1+0.3−0.2,1,1
HATS-52 b,2.24±0.15,1.38±0.09,712±48,15.5±1.0,1,1
HD 178911 B b,6.29,N/A,2000,N/A,1,3
TOI-2669 b,0.61±0.19,1.76±0.16,194±60,19.7±1.8,1,1
Kepler-213 b,N/A,0.15±0.03,N/A,1.7±0.3,2,1
Kepler-213 c,N/A,0.21±0.04,N/A,2.4±0.5,2,1
EPIC 210490365 b,< 3.0000,0.31+0.09−0.03,< 953.4852,3.4+1.0−0.3,1,1
HIP 34222 b,0.830,N/A,264,N/A,1,1
KIC 9632895 b,0.020±0.050,0.562±0.003,6±16,6.30±0.04,1,2
Kepler-32 b,N/A,0.191±0.008,N/A,2.15±0.09,5,1
Kepler-32 c,N/A,0.20±0.02,N/A,2.3±0.3,5,1
Kepler-32 d,N/A,0.218±0.010,N/A,2.44±0.11,5,1
Kepler-32 e,N/A,0.100±0.006,N/A,1.12±0.07,5,1
Kepler-32 f,N/A,0.073±0.005,N/A,0.82±0.06,5,1
KMT-2016-BLG-1107L b,3.3+3.5−1.8,N/A,1043+1102−583,N/A,1,1
TOI-1238 b,0.012+0.004−0.003,0.1079,3.8+1.2−1.1,1.209,2,1
TOI-1238 c,0.026±0.006,0.188±0.013,8.3±1.9,2.11±0.14,2,1
Kepler-1417 b,N/A,0.089+0.018−0.010,N/A,1.00+0.20−0.11,1,1
HD 202696 b,2.00+0.22−0.10,N/A,634+70−32,N/A,2,1
HD 202696 c,1.86+0.18−0.23,N/A,592+56−72,N/A,2,1
Kepler-1083 b,N/A,0.300+0.014−0.056,N/A,3.36+0.16−0.63,1,1
BD+48 740 b,1.7±0.7,N/A,540±222,N/A,1,1
K2-273 b,N/A,0.39±0.11,N/A,4.4±1.3,1,1
Kepler-253 c,N/A,0.241+0.101−0.010,N/A,2.71+1.13−0.11,3,1
Kepler-253 d,N/A,0.29+0.12−0.03,N/A,3.2+1.3−0.3,3,1
Kepler-253 b,N/A,0.15±0.06,N/A,1.7±0.7,3,1
Kepler-1294 b,N/A,0.28+0.05−0.03,N/A,3.2+0.5−0.3,1,1
Kepler-1218 b,N/A,0.128+0.013−0.012,N/A,1.43+0.15−0.13,1,1
2MASS J0809+4434,13±8,1.35±0.11,4132±2543,15.1±1.2,1,1
Kepler-1383 b,N/A,0.13+0.06−0.03,N/A,1.4+0.6−0.3,1,1
BD-08 2823 b,0.045±0.007,N/A,14±2,N/A,2,1
BD-08 2823 c,0.33±0.03,N/A,105±10,N/A,2,1
K2-198 c,N/A,0.127+0.007−0.003,N/A,1.42+0.08−0.03,3,1
K2-198 d,N/A,0.218+0.012−0.005,N/A,2.44+0.13−0.06,3,1
K2-198 b,N/A,0.374+0.020−0.009,N/A,4.19+0.22−0.10,3,1
TOI-2152 b,2.8±0.4,1.28±0.05,899±121,14.4±0.6,1,1
Kepler-371 b,N/A,0.17±0.05,N/A,1.9±0.5,2,1
Kepler-371 c,N/A,0.16±0.04,N/A,1.8±0.5,2,1
Kepler-648 b,N/A,0.287+0.011−0.021,N/A,3.22+0.12−0.24,1,1
MOA-2020-BLG-208L b,0.14+0.13−0.08,0.688,46+42−24,7.71,1,1
WD 0806-661 B,8.00,N/A,2543,N/A,1,1
KMT-2021-BLG-0912 b,7+2−3,N/A,2199+677−826,N/A,1,1
Kepler-643 b,N/A,0.91+0.03−0.02,N/A,10.2±0.3,1,1
Kepler-1104 b,N/A,0.110+0.012−0.009,N/A,1.23+0.13−0.10,1,1
Kepler-1266 b,0.0226,0.230+0.012−0.041,7.18,2.58+0.13−0.46,2,1
Kepler-1266 c,0.0109,0.1500,3.46,1.681,2,1
Kepler-1564 b,N/A,0.131+0.017−0.012,N/A,1.47+0.19−0.13,1,1
WASP-96 b,0.48±0.03,1.20±0.06,153±10,13.5±0.7,1,1
HAT-P-27 b,0.620,1.020,197.1,11.43,1,1
HD 20868 b,1.99±0.05,N/A,632±16,N/A,1,1
Kepler-729 b,N/A,0.32+0.04−0.02,N/A,3.6+0.4−0.2,1,1
Kepler-1302 b,N/A,0.128+0.013−0.008,N/A,1.43+0.15−0.09,1,1
Kepler-227 b,N/A,0.28+0.14−0.05,N/A,3.2+1.6−0.6,2,1
Kepler-227 c,N/A,0.28+0.14−0.05,N/A,3.1+1.6−0.5,2,1
Kepler-1154 b,N/A,0.21+0.10−0.04,N/A,2.3+1.1−0.5,2,1
Kepler-1154 c,N/A,0.21+0.09−0.04,N/A,2.4+1.0−0.5,2,1
Kepler-989 b,N/A,0.197±0.012,N/A,2.21±0.13,1,1
Kepler-493 b,N/A,1.4+0.4−0.2,N/A,15+5−3,1,1
Kepler-1195 b,N/A,0.186+0.017−0.015,N/A,2.08+0.19−0.17,1,1
K2-336 b,0.0062,0.109+0.008−0.004,1.983,1.22+0.09−0.04,1,1
Kepler-207 d,N/A,0.30±0.06,N/A,3.4±0.6,3,1
Kepler-207 b,N/A,0.14±0.03,N/A,1.6±0.3,3,1
Kepler-207 c,N/A,0.14±0.03,N/A,1.5±0.3,3,1
HD 189733 A b,1.138,1.138,362,12.76,1,2
Kepler-360 b,N/A,0.15±0.07,N/A,1.7±0.8,2,1
Kepler-360 c,N/A,0.19±0.09,N/A,2.1±1.0,2,1
HD 122430 b,3.71,N/A,1179,N/A,1,1
TOI-3757 b,0.27±0.03,1.07±0.04,85±9,12.0+0.4−0.5,1,1
WASP-101 b,0.50±0.04,1.41±0.05,159±13,15.8±0.6,1,1
xi Aql b,2.80,N/A,890,N/A,1,1
HATS-29 b,0.65±0.06,1.25±0.06,208±20,14.0±0.7,1,1
HD 103774 b,0.367,N/A,116.6,N/A,1,1
HD 155193 b,0.75±0.06,1.250,238±19,14.01,1,1
HD 102956 b,0.960,N/A,305,N/A,1,1
Kepler-576 b,N/A,0.29+0.07−0.04,N/A,3.3+0.8−0.4,1,1
HD 70573 b,6.10,N/A,1939,N/A,1,1
GJ 2056 b,0.051±0.011,N/A,16±4,N/A,1,1
EPIC 211945201 b,N/A,0.51±0.03,N/A,5.8±0.3,1,1
Kepler-788 b,N/A,0.23+0.08−0.04,N/A,2.5+0.9−0.4,1,1
HATS-33 b,1.19±0.05,1.23+0.11−0.08,379±17,13.8+1.2−0.9,1,1
K2-117 c,N/A,0.184±0.011,N/A,2.06±0.12,2,1
K2-117 b,N/A,0.181±0.009,N/A,2.03±0.10,2,1
Kepler-865 b,N/A,0.22+0.04−0.02,N/A,2.5+0.5−0.2,1,1
HD 13167 b,3.31±0.16,N/A,1052±51,N/A,1,1
Kepler-285 b,N/A,0.12±0.05,N/A,1.4±0.6,2,1
Kepler-285 c,N/A,0.10±0.04,N/A,1.1±0.5,2,1
FL Lyr b,> 2.0000,N/A,> 635.6568,N/A,1,2
Kepler-168 c,N/A,0.245+0.110−0.019,N/A,2.7+1.2−0.2,2,1
Kepler-168 b,N/A,0.13±0.06,N/A,1.5±0.7,2,1
HD 150433 b,0.1680,N/A,53.4,N/A,1,1
Kepler-335 b,N/A,0.31±0.06,N/A,3.5±0.7,2,1
Kepler-335 c,N/A,0.28±0.06,N/A,3.1±0.7,2,1
HD 108147 b,0.261,N/A,83.0,N/A,1,1
Kepler-1560 b,N/A,0.079+0.016−0.008,N/A,0.89+0.18−0.09,1,1
TOI-5398 b,N/A,1.040,N/A,11.66,1,1
Kepler-1702 b,N/A,0.1430,N/A,1.603,1,1
HD 4308 b,0.0405,N/A,12.87,N/A,1,1
Kepler-689 b,N/A,0.26+0.03−0.02,N/A,2.9+0.3−0.2,1,1
Kepler-63 b,< 0.3775,0.557±0.018,< 119.9751,6.2±0.2,1,1
OGLE-2019-BLG-0960 b,0.007±0.003,N/A,2.3±0.8,N/A,1,1
HD 219077 b,10.39,N/A,3302,N/A,1,1
Gliese 676 A d,0.014±0.002,N/A,4.4±0.6,N/A,4,2
Gliese 676 A e,0.036±0.005,N/A,11.4±1.6,N/A,4,2
Gliese 676 A b,5.0±0.3,N/A,1573±99,N/A,4,2
Gliese 676 A c,3.00,N/A,953,N/A,4,2
Kepler-234 b,N/A,0.34+0.15−0.06,N/A,3.8+1.7−0.7,2,1
Kepler-234 c,N/A,0.32+0.14−0.05,N/A,3.6+1.6−0.6,2,1
Kepler-591 b,N/A,0.30+0.05−0.02,N/A,3.4+0.5−0.2,1,1
XO-1 b,0.900,1.184,286,13.27,1,1
Kepler-1193 b,N/A,0.118+0.019−0.015,N/A,1.32+0.21−0.17,1,1
Kepler-1380 b,N/A,0.128+0.023−0.010,N/A,1.43+0.26−0.11,1,1
HAT-P-46 b,0.49+0.08−0.05,1.28+0.27−0.13,157+26−17,14.4+3.0−1.5,2,1
HAT-P-46 c,2.0±0.3,N/A,636±95,N/A,2,1
Kepler-33 b,N/A,0.1586,N/A,1.777,5,1
Kepler-33 c,0.003+0.008−0.002,0.292,0.8+2.5−0.7,3.27,5,1
Kepler-33 d,0.015±0.006,0.488,4.7±2.0,5.46,5,1
Kepler-33 e,0.021±0.004,0.366,6.7+1.2−1.3,4.11,5,1
Kepler-33 f,0.036+0.006−0.007,0.406,11.5+1.8−2.1,4.56,5,1
K2-215 b,N/A,0.189+0.023−0.014,N/A,2.12+0.26−0.16,1,1
KELT-24 b,5.2±0.2,1.27±0.02,1646+67−70,14.3±0.2,1,1
Kepler-1814 c,0.0118,0.1480,3.75,1.659,2,1
Kepler-1814 b,0.0195,0.211,6.20,2.37,2,1
HD 124330 b,0.75±0.06,1.250,238±19,14.01,1,1
Kepler-1514 b,5.3±0.2,1.11±0.02,1678±70,12.4±0.3,2,1
Kepler-1514 c,N/A,0.105+0.005−0.004,N/A,1.18+0.06−0.04,2,1
Qatar-3 b,4.3±0.5,1.10±0.14,1370±149,12.3±1.6,1,1
HD 24040 b,3.9±0.4,1.160,1227±114,13.00,2,1
HD 24040 c,0.20±0.03,0.834,64±9,9.35,2,1
Kepler-1023 b,N/A,0.235+0.027−0.016,N/A,2.63+0.30−0.18,1,1
Kepler-1584 b,N/A,0.144+0.036−0.019,N/A,1.6+0.4−0.2,1,1
HD 142415 b,1.620,N/A,515,N/A,1,1
Kepler-1638 b,N/A,0.17+0.03−0.02,N/A,1.9+0.3−0.2,1,1
Kepler-632 b,N/A,0.197+0.029−0.007,N/A,2.21+0.33−0.08,1,1
TOI-3688 A b,0.98+0.10−0.11,1.17+0.05−0.04,311+32−35,13.1±0.5,1,1
HD 131496 b,2.20,N/A,699,N/A,1,1
Kepler-1006 b,N/A,0.137+0.024−0.012,N/A,1.54+0.27−0.13,1,1
HAT-P-7 b,1.709,1.459,543,16.35,1,2
Kepler-228 d,N/A,0.37+0.17−0.08,N/A,4.1+1.9−0.9,3,1
Kepler-228 c,N/A,0.25+0.11−0.02,N/A,2.8+1.3−0.2,3,1
Kepler-228 b,N/A,0.14±0.06,N/A,1.6±0.7,3,1
Kepler-777 b,N/A,0.131±0.007,N/A,1.47±0.08,1,1
Kepler-769 b,N/A,0.26+0.12−0.04,N/A,2.9+1.3−0.5,2,1
Kepler-769 c,N/A,0.16+0.07−0.02,N/A,1.8+0.8−0.3,2,1
eps Coronae Borealis b,6.7±0.3,N/A,2129±95,N/A,1,2
DMPP-4 b,0.038±0.006,0.315,12.2+1.8−1.9,3.53,1,1
Kepler-1206 b,N/A,0.146+0.008−0.007,N/A,1.64+0.09−0.08,1,1
DE CVn b,12±3,N/A,3814±953,N/A,1,1
Kepler-1936 b,0.0320,0.282,10.17,3.16,1,1
KELT-8 b,0.87+0.07−0.06,1.86+0.18−0.16,276+21−19,20.8+2.0−1.8,1,1
HD 128311 b,1.83+0.15−0.18,N/A,582+48−57,N/A,2,1
HD 128311 c,3.20±0.08,N/A,1017±25,N/A,2,1
Kepler-677 b,N/A,0.48+0.10−0.04,N/A,5.4+1.2−0.4,1,1
Kepler-902 b,N/A,0.227+0.029−0.016,N/A,2.54+0.33−0.18,1,1
Kepler-959 b,N/A,0.39+0.11−0.08,N/A,4.4+1.2−0.9,1,1
Kepler-1094 b,N/A,0.28+0.11−0.04,N/A,3.2+1.2−0.5,1,1
Kepler-241 b,N/A,0.212+0.094−0.003,N/A,2.38+1.05−0.03,2,1
Kepler-241 c,N/A,0.234+0.101−0.010,N/A,2.63+1.13−0.11,2,1
TOI-3331 A b,2.27±0.16,1.16±0.04,721±51,13.0±0.5,1,1
Kepler-1641 b,N/A,0.28+0.10−0.05,N/A,3.1+1.1−0.6,2,1
Kepler-1641 c,N/A,0.26+0.09−0.04,N/A,2.9+1.0−0.5,2,1
HD 79498 b,1.340,N/A,426,N/A,1,1
Kepler-696 b,N/A,0.55+0.14−0.06,N/A,6.1+1.6−0.7,1,1
Kepler-49 b,N/A,0.214±0.008,N/A,2.40±0.09,4,1
Kepler-49 c,N/A,0.188±0.008,N/A,2.10±0.09,4,1
Kepler-49 d,N/A,0.146±0.006,N/A,1.63±0.07,4,1
Kepler-49 e,N/A,0.142±0.007,N/A,1.59±0.08,4,1
WASP-127 b,0.18±0.02,1.37±0.04,57±6,15.4±0.4,1,1
EPIC 203826436 b,N/A,0.144±0.015,N/A,1.61±0.17,3,1
EPIC 203826436 c,N/A,0.24±0.02,N/A,2.7±0.3,3,1
EPIC 203826436 d,N/A,0.24±0.03,N/A,2.7±0.4,3,1
HD 96167 b,0.680,N/A,216,N/A,1,1
Kepler-818 b,N/A,0.46+0.07−0.04,N/A,5.1+0.8−0.4,1,1
MOA-2010-BLG-477L b,1.5+0.8−0.3,N/A,477+254−95,N/A,1,1
Kepler-357 d,N/A,0.313+0.186−0.004,N/A,3.50+2.08−0.04,3,1
Kepler-357 b,N/A,0.168+0.098−0.007,N/A,1.88+1.10−0.08,3,1
Kepler-357 c,N/A,0.24+0.14−0.05,N/A,2.7+1.6−0.6,3,1
KOI-2113 b,N/A,0.206+0.077−0.015,N/A,2.31+0.86−0.17,2,1
KOI-2113 c,N/A,0.241+0.089−0.018,N/A,2.7+1.0−0.2,2,1
TOI-470 b,0.0546,0.39±0.03,17.35,4.3±0.3,1,1
KMT-2019-BLG-0953L b,0.05+0.06−0.03,0.362,16+19−10,4.06,1,1
HATS-7 b,0.120±0.012,0.56+0.05−0.03,38±4,6.3+0.5−0.4,1,1
Kepler-1698 b,N/A,0.0960,N/A,1.076,1,1
Kepler-387 b,N/A,0.09±0.02,N/A,1.1±0.2,2,1
Kepler-387 c,N/A,0.08±0.02,N/A,0.9±0.2,2,1
Kepler-1344 b,N/A,0.164+0.045−0.018,N/A,1.8+0.5−0.2,1,1
HD 183263 b,3.63±0.03,N/A,1155±11,N/A,2,1
HD 183263 c,9.0+1.1−1.7,N/A,2860+350−540,N/A,2,1
WASP-13 b,0.50±0.04,1.41±0.05,159±12,15.8±0.6,1,1
Kepler-222 b,N/A,0.29+0.13−0.04,N/A,3.2+1.4−0.4,3,1
Kepler-222 d,N/A,0.34+0.15−0.06,N/A,3.8+1.7−0.6,3,1
Kepler-222 c,N/A,0.423+0.189−0.006,N/A,4.74+2.11−0.07,3,1
HATS-13 b,0.54±0.07,1.21±0.04,173±23,13.6±0.4,1,1
TOI-1693 b,0.009+0.007−0.003,0.126±0.009,2.8+2.2−1.0,1.41±0.10,1,1
Kepler-1538 b,N/A,0.25+0.06−0.03,N/A,2.8+0.7−0.3,1,1
V391 Peg b,3.2±0.7,N/A,1017±222,N/A,1,1
Kepler-1922 b,0.0184,0.204,5.85,2.29,1,1
Kepler-1606 b,N/A,0.185+0.021−0.013,N/A,2.07+0.24−0.15,1,1
TOI-622 b,0.30±0.07,0.82±0.03,96+22−23,9.2±0.3,1,1
K2-127 b,N/A,0.75±0.03,N/A,8.4±0.3,1,1
Kepler-802 b,N/A,0.32±0.04,N/A,3.5+0.5−0.4,1,1
51 Peg b,0.460+0.060−0.010,> 1.6000,146+19−3,> 17.9344,1,1
Kepler-584 b,N/A,0.38+0.14−0.05,N/A,4.2+1.6−0.6,1,1
GJ 896 A b,2.3±0.6,N/A,718±181,N/A,1,2
HD 98736 b,2.3±0.8,N/A,741±248,N/A,1,1
HD 108341 b,3.5+3.4−1.2,N/A,1112+1081−381,N/A,1,1
TOI-1268 b,0.29±0.04,0.82±0.06,92±13,9.2±0.7,1,1
HD 87646 b,12.4±0.7,N/A,3941±222,N/A,1,1
MOA-2011-BLG-291L b,0.06+0.11−0.04,N/A,18+34−12,N/A,1,1
Kepler-693 b,N/A,0.91+0.04−0.07,N/A,10.2+0.5−0.8,1,1
Kepler-341 c,N/A,0.15±0.08,N/A,1.7±0.9,4,1
Kepler-341 d,N/A,0.17±0.09,N/A,1.9±1.0,4,1
Kepler-341 b,N/A,0.11±0.06,N/A,1.2±0.6,4,1
Kepler-341 e,N/A,0.181+0.094−0.003,N/A,2.03+1.05−0.03,4,1
TOI-237 b,0.009+0.006−0.003,0.129±0.011,2.9+1.9−1.0,1.44±0.12,1,1
Kepler-1821 b,0.0228,0.231,7.25,2.59,1,1
K2-123 b,N/A,0.246±0.014,N/A,2.76±0.16,1,1
Kepler-1430 b,N/A,0.105+0.008−0.007,N/A,1.18+0.09−0.08,1,1
K2-227 b,N/A,0.152+0.107−0.018,N/A,1.7+1.2−0.2,1,1
Kepler-278 b,N/A,0.371±0.015,N/A,4.16±0.16,2,1
Kepler-278 c,N/A,0.33±0.04,N/A,3.7±0.4,2,1
WASP-121 b,1.18±0.06,1.81±0.04,376±20,20.3±0.4,1,1
Kepler-1509 b,N/A,0.165+0.033−0.014,N/A,1.85+0.37−0.16,1,1
Kepler-1646 b,N/A,0.11+0.03−0.02,N/A,1.2+0.3−0.2,1,1
Kepler-1364 b,N/A,0.19+0.07−0.04,N/A,2.2+0.8−0.4,1,1
HD 16905 b,9.1+1.3−1.4,1.120,2885+413−454,12.55,1,1
EPIC 201393098 b,N/A,0.25±0.05,N/A,2.8±0.6,1,1
OGLE-2018-BLG-0383 b,0.020+0.017−0.009,N/A,6+5−3,N/A,1,1
Kepler-977 b,N/A,0.234±0.015,N/A,2.62±0.17,1,1
HD 158038 b,1.800,N/A,572,N/A,1,1
OGLE-2015-BLG-0954L b,3.4+3.7−1.6,N/A,1081+1176−509,N/A,1,1
WASP-15 b,0.542,1.428,172.3,16.01,1,1
K2-164 b,N/A,0.29+0.05−0.04,N/A,3.2+0.5−0.4,1,1
Kepler-1224 b,N/A,0.119+0.011−0.007,N/A,1.33+0.12−0.08,1,1
Kepler-1583 b,N/A,0.054+0.008−0.004,N/A,0.61+0.09−0.04,1,1
Kepler-1717 b,0.0290,0.267,9.22,2.99,1,1
WASP-158 b,2.8±0.2,1.07±0.15,887±73,12.0±1.7,1,1
HD 107148 c,0.063±0.010,0.420,20±3,4.71,2,1
HD 107148 b,0.21±0.04,0.856,67±11,9.59,2,1
Kepler-1362 b,N/A,0.232+0.011−0.017,N/A,2.60+0.12−0.19,1,1
HD 46375 A b,0.249,N/A,79.1,N/A,1,2
HD 45652 b,0.470,N/A,149.4,N/A,1,1
Kepler-50 b,0.0160,0.1558,5.07,1.747,2,1
Kepler-50 c,0.0260,0.1978,8.28,2.22,2,1
Kepler-232 b,N/A,0.28+0.13−0.04,N/A,3.1+1.5−0.5,2,1
Kepler-232 c,N/A,0.35+0.17−0.08,N/A,3.9+1.9−0.9,2,1
EPIC 201757695 b,N/A,0.081+0.005−0.006,N/A,0.91+0.06−0.07,1,1
NY Vir b,2.7±0.3,N/A,845±83,N/A,2,2
NY Vir c,5.5±0.2,N/A,1761±64,N/A,2,2
HD 39392 b,13.20±0.08,N/A,4195±25,N/A,1,1
K2-357 b,0.0420,0.332+0.021−0.019,13.35,3.7±0.2,1,1
TOI-4329 b,0.45±0.09,1.50±0.19,143±29,17±2,1,1
HD 33283 b,0.330,N/A,104.9,N/A,1,1
Kepler-1505 b,N/A,0.083±0.004,N/A,0.93±0.04,1,1
TOI-1266 b,0.04±0.03,0.211+0.014−0.011,14+11−9,2.37+0.16−0.12,2,1
TOI-1266 c,0.007+0.006−0.005,0.139+0.013−0.012,2.2+2.0−1.5,1.56+0.15−0.13,2,1
BD-11 4672 b,0.65+0.05−0.06,N/A,207+16−19,N/A,2,1
BD-11 4672 c,0.048±0.009,N/A,15±3,N/A,2,1
Kepler-1835 b,0.0385,0.315,12.24,3.53,1,1
HD 152843 b,0.036+0.021−0.019,0.304+0.013−0.011,12+7−6,3.41+0.14−0.12,2,1
HD 152843 c,< 0.0865,0.520±0.013,< 27.4922,5.83±0.14,2,1
HD 180902 b,1.600,N/A,509,N/A,1,1
HD 175607 b,0.028±0.004,N/A,9.0±1.1,N/A,2,1
HD 175607 c,0.11±0.02,N/A,35±7,N/A,2,1
HD 212301 b,0.450,N/A,143.0,N/A,1,1
YZ Cet b,0.0024±0.0004,N/A,0.75±0.13,N/A,3,1
YZ Cet c,0.0031±0.0004,N/A,0.98±0.14,N/A,3,1
YZ Cet d,0.0036±0.0005,N/A,1.14±0.17,N/A,3,1
Kepler-1401 b,N/A,0.150+0.033−0.016,N/A,1.68+0.37−0.18,1,1
Kepler-938 b,N/A,0.198+0.022−0.014,N/A,2.22+0.25−0.16,1,1
Kepler-1190 b,N/A,0.119+0.004−0.010,N/A,1.33+0.04−0.11,1,1
KMT-2018-BLG-1743 b,0.9±0.7,N/A,294+215−216,N/A,1,1
Kepler-1493 b,N/A,0.13±0.02,N/A,1.4+0.3−0.2,1,1
GJ 414 A b,0.024+0.008−0.007,N/A,8±2,N/A,2,2
GJ 414 A c,0.17±0.03,N/A,54±9,N/A,2,2
TOI-125 b,0.030±0.003,0.243±0.007,9.5±0.9,2.72±0.08,3,1
TOI-125 c,0.021±0.003,0.246±0.009,6.6±1.0,2.76±0.10,3,1
TOI-125 d,0.043±0.004,0.261±0.015,13.6±1.2,2.93±0.17,3,1
OGLE-2018-BLG-1367L b,0.9+0.8−0.4,1.230,302+238−140,13.79,1,1
Kepler-1603 b,N/A,0.115+0.042−0.017,N/A,1.29+0.47−0.19,1,1
HD 102117 b,0.1720,N/A,54.7,N/A,1,1
EPIC 201912552 b,0.025±0.006,0.212±0.020,8.0±1.9,2.4±0.2,2,1
K2-18 c,0.024±0.004,N/A,7.5±1.3,N/A,2,1
Kepler-757 b,N/A,0.12+0.04−0.02,N/A,1.4+0.5−0.2,1,1
TOI-715 b,0.0095,0.138±0.006,3.02,1.55±0.07,1,1
Kepler-355 c,N/A,0.25+0.11−0.02,N/A,2.8+1.2−0.2,2,1
Kepler-355 b,N/A,0.13±0.06,N/A,1.5±0.7,2,1
Kepler-1690 b,N/A,0.251,N/A,2.81,1,1
K2-294 b,N/A,0.148+0.019−0.017,N/A,1.66+0.21−0.19,1,1
HD 86950 b,3.6±0.7,N/A,1144±222,N/A,1,1
WASP-98 b,0.83±0.07,1.10±0.04,264±22,12.3±0.4,1,1
Kepler-26 b,0.0161+0.0021−0.0019,0.268±0.013,5.1+0.7−0.6,3.00±0.14,4,1
Kepler-26 c,0.0195+0.0021−0.0019,0.27±0.03,6.2+0.7−0.6,3.0±0.3,4,1
Kepler-26 d,N/A,0.098±0.005,N/A,1.09±0.06,4,1
Kepler-26 e,N/A,0.220±0.014,N/A,2.46±0.15,4,1
Kepler-1408 b,N/A,0.079+6.148−0.013,N/A,0.89+68.91−0.15,1,1
HD 14067 b,7.8±0.7,N/A,2479±222,N/A,1,1
Kepler-812 b,N/A,0.32+0.12−0.06,N/A,3.6+1.3−0.7,1,1
Kepler-1545 b,N/A,0.241+0.020−0.016,N/A,2.70+0.22−0.18,1,1
Kepler-218 c,N/A,0.29±0.02,N/A,3.2±0.3,3,1
Kepler-218 b,N/A,0.135±0.011,N/A,1.51±0.12,3,1
Kepler-218 d,N/A,0.237+0.025−0.016,N/A,2.66+0.28−0.18,3,1
OGLE-2016-BLG-0613L AB b,4+3−2,N/A,1329+1014−772,N/A,1,2
CoRoT-21 b,2.26,1.300,718,14.57,1,1
Kepler-239 b,N/A,0.212±0.014,N/A,2.38±0.15,2,1
Kepler-239 c,N/A,0.23±0.04,N/A,2.6±0.4,2,1
Kepler-1292 b,N/A,0.162+0.026−0.012,N/A,1.82+0.29−0.13,1,1
HAT-P-13 b,0.850,1.280,270,14.35,2,1
HAT-P-13 c,14.50,N/A,4609,N/A,2,1
HD 95127 b,5.0+0.6−0.4,N/A,1592+194−140,N/A,1,1
Gamma Leonis b,8.8±1.0,N/A,2791±318,N/A,1,2
WASP-133 b,1.16±0.09,1.21±0.05,369±29,13.6±0.6,1,1
Kepler-869 b,N/A,0.32+0.07−0.06,N/A,3.6+0.8−0.6,1,1
Kepler-378 b,N/A,0.068±0.014,N/A,0.77±0.15,2,1
Kepler-378 c,N/A,0.064±0.005,N/A,0.72±0.05,2,1
Kepler-476 b,N/A,0.28+0.04−0.03,N/A,3.1+0.5−0.3,1,1
Kepler-874 b,N/A,0.35+0.10−0.05,N/A,3.9+1.1−0.6,1,1
Kepler-1141 b,N/A,0.073+0.011−0.007,N/A,0.82+0.12−0.08,1,1
HD 30669 b,0.47±0.06,N/A,149±19,N/A,1,1
Kepler-1003 b,N/A,0.16+0.04−0.02,N/A,1.8+0.5−0.2,1,1
Kepler-158 b,N/A,0.19±0.03,N/A,2.2±0.4,2,1
Kepler-158 c,N/A,0.17±0.03,N/A,1.9±0.3,2,1
Kepler-995 b,N/A,0.241+0.017−0.015,N/A,2.70+0.19−0.17,1,1
Kepler-1065 b,N/A,0.33+0.06−0.03,N/A,3.7+0.6−0.4,2,1
Kepler-1065 c,N/A,0.143+0.021−0.015,N/A,1.60+0.24−0.17,2,1
HD 31253 b,0.50±0.07,N/A,159±22,N/A,1,1
HIP 97166 b,0.063±0.005,0.244±0.012,20.0±1.5,2.74±0.13,2,1
HIP 97166 c,9.9±1.8,N/A,3147±572,N/A,2,1
Kepler-848 b,N/A,0.15+0.03−0.02,N/A,1.7+0.3−0.2,1,1
HD 1502 b,3.10,N/A,985,N/A,1,1
KMT-2019-BLG-0842L b,0.032+0.018−0.017,N/A,10+6−5,N/A,1,1
Kepler-1372 b,N/A,0.113+0.039−0.012,N/A,1.27+0.44−0.13,1,1
TOI-2427 b,0.013+0.010−0.005,0.161±0.011,4.1+3.1−1.5,1.80±0.12,1,1
HD 89744 A b,7.20,N/A,2288,N/A,1,2
Kepler-631 b,N/A,0.26+0.03−0.02,N/A,2.9+0.3−0.2,1,1
Kepler-1555 b,N/A,0.144+0.041−0.015,N/A,1.61+0.46−0.17,1,1
HATS-27 b,0.53±0.13,1.50+0.20−0.11,168±41,16.8+2.2−1.2,1,1
Kepler-284 b,N/A,0.20±0.09,N/A,2.3±1.0,2,1
Kepler-284 c,N/A,0.238+0.108−0.016,N/A,2.67+1.21−0.18,2,1
HD 42618 b,0.045±0.008,N/A,14+3−2,N/A,1,1
KMT-2018-BLG-1976L b,2.0+1.2−1.1,N/A,623+391−356,N/A,1,1
HD 184010 d,0.45+0.04−0.06,1.280,143+13−19,14.35,3,1
HD 184010 b,0.31+0.03−0.04,1.080,99+10−13,12.11,3,1
HD 184010 c,0.30+0.03−0.06,1.060,95+10−19,11.88,3,1
TOI-1670 b,0.04±0.03,0.184+0.017−0.013,14+10−9,2.06+0.19−0.15,2,1
TOI-1670 c,0.63+0.09−0.08,0.99±0.03,200+29−25,11.1±0.3,2,1
Kepler-932 b,N/A,0.122+0.012−0.009,N/A,1.37+0.13−0.10,1,1
HAT-P-26 b,0.0590,0.565,18.75,6.33,1,1
WASP-74 b,0.95±0.06,1.56±0.06,302±19,17.5±0.7,1,1
L 363-38 b,0.0147±0.0014,0.1790,4.7±0.4,2.01,1,1
HD 82886 b,1.300,N/A,413,N/A,1,1
Kepler-109 b,< 0.0230,0.216±0.006,< 7.2986,2.42±0.07,2,1
Kepler-109 c,< 0.0686,0.230±0.006,< 21.7954,2.57±0.07,2,1
Kepler-1598 b,N/A,0.085+0.025−0.009,N/A,0.95+0.28−0.10,1,1
TOI-269 b,0.028±0.004,0.247±0.011,8.8±1.4,2.77±0.12,1,1
CoRoT-11 b,2.49,1.390,791,15.58,1,1
WASP-32 b,3.60±0.07,1.19±0.06,1144±22,13.3±0.7,1,1
Kepler-1644 b,N/A,0.168+0.046−0.014,N/A,1.88+0.52−0.16,1,1
TOI-206 b,0.007+0.004−0.002,0.116±0.004,2.2+1.3−0.7,1.30±0.05,1,1
Kepler-762 b,N/A,1.13+0.24−0.11,N/A,12.7+2.6−1.3,1,1
Kepler-1453 b,N/A,0.238+0.039−0.019,N/A,2.7+0.4−0.2,1,1
K2-121 b,N/A,0.68±0.03,N/A,7.6+0.4−0.3,1,1
GJ 15 A b,0.0095±0.0014,N/A,3.0+0.5−0.4,N/A,2,2
GJ 15 A c,0.11+0.08−0.06,N/A,36+25−18,N/A,2,2
TOI-813 b,N/A,0.60±0.03,N/A,6.7±0.4,1,1
Kepler-1358 b,N/A,0.100+0.006−0.009,N/A,1.12+0.07−0.10,1,1
CoRoT-4 b,0.720,1.190,229,13.34,1,1
KOI-1194 b,N/A,0.108+0.012−0.009,N/A,1.21+0.13−0.10,3,1
KOI-1194 c,N/A,0.23+0.03−0.02,N/A,2.6+0.3−0.2,3,1
KOI-1194.02,N/A,0.184+0.020−0.016,N/A,2.06+0.22−0.18,3,1
OGLE-2013-BLG-0341L B b,0.0052±0.0006,N/A,1.66±0.18,N/A,1,2
TOI-4463 A b,0.79±0.04,1.18+0.06−0.04,252+12−13,13.3+0.7−0.5,1,1
HIP 41378 b,N/A,0.26±0.04,N/A,2.9±0.4,6,1
HIP 41378 c,N/A,0.23±0.04,N/A,2.6±0.4,6,1
HIP 41378 d,N/A,0.35±0.05,N/A,4.0±0.6,6,1
HIP 41378 e,N/A,0.49±0.07,N/A,5.5±0.8,6,1
HIP 41378 f,N/A,0.91±0.12,N/A,10.2±1.4,6,1
HIP 41378 g,0.022±0.005,N/A,7.0±1.5,N/A,6,1
K2-221 b,N/A,0.150+0.015−0.009,N/A,1.68+0.17−0.10,1,1
Kepler-952 b,N/A,0.68+0.15−0.07,N/A,7.6+1.6−0.8,1,1
Kepler-1139 b,N/A,0.106+0.015−0.007,N/A,1.19+0.17−0.08,1,1
Kepler-651 b,N/A,0.211+0.020−0.012,N/A,2.37+0.22−0.13,1,1
Kepler-1934 b,0.0022,0.0810,0.702,0.908,1,1
HD 202206 b,17.40,N/A,5530,N/A,2,1
HD 202206 c,2.44,N/A,776,N/A,2,1
WASP-178 b,1.66±0.12,1.81±0.09,528±38,20.3±1.0,1,1
Kepler-206 c,N/A,0.16±0.03,N/A,1.8±0.3,3,1
Kepler-206 b,N/A,0.11±0.02,N/A,1.2±0.2,3,1
Kepler-206 d,N/A,0.11±0.02,N/A,1.2±0.2,3,1
K2-233 c,N/A,0.119±0.007,N/A,1.33±0.08,3,1
K2-233 d,N/A,0.236±0.010,N/A,2.65±0.11,3,1
K2-233 b,N/A,0.125+0.006−0.005,N/A,1.40+0.07−0.06,3,1
WASP-42 b,0.50±0.04,1.08±0.06,159±11,12.1±0.6,1,1
K2-393 b,0.0193,0.210+0.016−0.015,6.13,2.35+0.18−0.17,1,1
Kepler-1263 b,N/A,0.102+0.025−0.011,N/A,1.14+0.28−0.12,1,1
Kepler-1680 b,N/A,0.1210,N/A,1.356,1,1
TOI-628 b,6.3±0.3,1.06+0.06−0.03,2012±95,11.9+0.7−0.4,1,1
Kepler-962 b,N/A,0.176±0.007,N/A,1.97±0.08,1,1
CoRoT-23 b,2.80,1.050,890,11.77,1,1
Kepler-1543 b,N/A,0.24+0.11−0.04,N/A,2.7+1.2−0.5,1,1
2M 0746+20 b,30.0,0.970,9535,10.87,1,1
HD 199509 b,0.136+0.012−0.016,0.663,43+4−5,7.43,1,1
HD 102329 b,5.9±0.3,N/A,1875±95,N/A,2,1
HD 102329 c,1.5+0.3−0.2,N/A,483+95−79,N/A,2,1
Kepler-885 b,N/A,0.22±0.04,N/A,2.5±0.4,1,1
Kepler-749 b,N/A,0.28±0.02,N/A,3.1+0.2−0.3,1,1
Kepler-1341 b,N/A,0.27+0.04−0.03,N/A,3.0±0.4,1,1
HD 214823 b,19.2±1.4,N/A,6102±445,N/A,1,1
HD 332231 b,0.24±0.02,0.87±0.03,78±7,9.7±0.3,1,1
Kepler-936 b,N/A,0.129+0.018−0.009,N/A,1.45+0.20−0.10,1,1
Upsilon Andromedae A b,1.780,N/A,566,N/A,4,2
Upsilon Andromedae A c,10.78,N/A,3426,N/A,4,2
Upsilon Andromedae A d,8.86,N/A,2816,N/A,4,2
Upsilon Andromedae A e,1.059,N/A,337,N/A,4,2
Kepler-1525 b,N/A,0.081+0.005−0.004,N/A,0.91+0.06−0.04,1,1
Kepler-38 (AB) b,N/A,0.396,N/A,4.44,1,2
HD 95544 b,6.8±0.3,N/A,2174±99,N/A,1,1
OGLE-2016-BLG-1227L b,0.8+1.3−0.4,N/A,251+413−124,N/A,1,1
HD 49674 b,0.1150,N/A,36.6,N/A,1,1
Kepler-1476 b,N/A,0.149+0.033−0.012,N/A,1.67+0.37−0.13,1,1
HD 11977 b,6.5±0.2,N/A,2066±64,N/A,1,1
KMT-2021-BLG-1391L b,0.014±0.007,0.1760,5±2,1.973,1,1
Kepler-93 b,0.013±0.002,0.1319±0.0017,4.0±0.7,1.478±0.019,2,1
Kepler-93 c,> 8.5000,N/A,> 0.0270 ·105,N/A,2,1
Epsilon Indi A b,2.7+2.2−0.4,N/A,861+696−140,N/A,1,3
HD 204941 b,0.266,N/A,84.5,N/A,1,1
Kepler-388 b,N/A,0.074±0.009,N/A,0.83±0.10,2,1
Kepler-388 c,N/A,0.078±0.010,N/A,0.88±0.11,2,1
K2-277 b,N/A,0.185±0.011,N/A,2.07±0.12,1,1
WASP-82 b,1.24±0.04,1.67+0.07−0.05,394±13,18.7+0.8−0.6,1,1
Kepler-1620 b,N/A,0.14+0.06−0.02,N/A,1.6+0.6−0.3,1,1
K2-192 b,N/A,0.140+0.013−0.010,N/A,1.57+0.15−0.11,1,1
HD 134606 b,0.0292,N/A,9.28,N/A,3,1
HD 134606 c,0.0382,N/A,12.14,N/A,3,1
HD 134606 d,0.1210,N/A,38.5,N/A,3,1
Kepler-1348 b,N/A,0.17+0.04−0.02,N/A,1.9+0.4−0.2,1,1
Kepler-272 c,N/A,0.16±0.09,N/A,1.8±1.0,3,1
Kepler-272 d,N/A,0.21+0.11−0.02,N/A,2.3+1.2−0.2,3,1
Kepler-272 b,N/A,0.13±0.07,N/A,1.5±0.8,3,1
HD 142 A b,1.250,N/A,397,N/A,2,2
HD 142 A c,5.30,N/A,1684,N/A,2,2
Kepler-277 b,0.276+0.473−0.012,0.27±0.04,88+150−4,3.0±0.4,2,1
Kepler-277 c,0.209+0.318−0.008,0.31±0.04,66+101−3,3.4±0.5,2,1
Kepler-1536 b,N/A,0.28+0.03−0.05,N/A,3.1+0.4−0.5,1,1
Kepler-464 b,N/A,0.294+0.014−0.012,N/A,3.30+0.16−0.13,1,1
KOI-7913 b,N/A,0.200±0.016,N/A,2.24±0.18,1,1
Kepler-905 b,N/A,0.126±0.004,N/A,1.41±0.04,1,1
HD 13724 b,27+4−2,N/A,8508+1398−699,N/A,1,1
KOI-285 b,< 0.1620,0.326±0.012,< 51.4882,3.65±0.13,3,1
KOI-285 c,< 0.0890,0.219±0.005,< 28.2867,2.45±0.05,3,1
KOI-285 d,N/A,0.184±0.005,N/A,2.07±0.06,3,1
Kepler-1572 b,N/A,0.084+0.017−0.007,N/A,0.94+0.19−0.08,1,1
Kepler-1280 b,N/A,0.17+0.07−0.03,N/A,1.9+0.8−0.3,1,1
HD 96127 b,4.00,N/A,1271,N/A,1,1
WASP-185 b,0.98±0.06,1.25±0.08,311±19,14.0±0.9,1,1
TOI-2411 b,0.012+0.007−0.005,0.150±0.010,3.9+2.3−1.5,1.68±0.11,1,1
WASP-147 b,0.28±0.03,1.11+0.14−0.09,87±9,12.5+1.6−1.0,1,1
Kepler-674 b,N/A,0.151+0.009−0.006,N/A,1.69+0.10−0.07,1,1
Kepler-1300 b,N/A,0.12±0.03,N/A,1.4±0.3,1,1
TOI-122 b,0.028+0.028−0.010,0.243±0.016,9+9−3,2.72±0.18,1,1
TOI-270 b,N/A,0.111+0.008−0.007,N/A,1.24+0.09−0.08,3,1
TOI-270 c,N/A,0.216±0.012,N/A,2.42±0.13,3,1
TOI-270 d,N/A,0.190±0.011,N/A,2.13±0.12,3,1
TOI-2076 b,N/A,0.293±0.004,N/A,3.28±0.04,3,1
TOI-2076 c,N/A,4.44±0.05,N/A,49.7±0.5,3,1
TOI-2076 d,N/A,0.369±0.006,N/A,4.14±0.07,3,1
TOI-481 b,1.53±0.03,0.990±0.010,486±10,11.10±0.11,1,1
Kepler-603 b,N/A,0.24+0.05−0.02,N/A,2.6+0.6−0.3,3,1
Kepler-603 c,N/A,0.58+0.13−0.06,N/A,6.5+1.5−0.6,3,1
Kepler-603 d,N/A,0.118+0.022−0.012,N/A,1.32+0.25−0.13,3,1
Kepler-766 b,N/A,0.30+0.08−0.04,N/A,3.4+0.9−0.4,1,1
Kepler-144 b,N/A,0.12±0.02,N/A,1.4±0.3,2,1
Kepler-144 c,N/A,0.12±0.02,N/A,1.4±0.3,2,1
Kepler-765 b,N/A,0.22+0.05−0.02,N/A,2.4+0.5−0.2,1,1
Kepler-1502 b,N/A,0.28+0.10−0.06,N/A,3.2+1.1−0.6,1,1
Kepler-1384 b,N/A,0.173+0.038−0.018,N/A,1.9+0.4−0.2,1,1
FW Tau b,10±4,N/A,3178±1271,N/A,1,2
HD 148164 b,1.2±0.2,N/A,391±79,N/A,2,1
HD 148164 c,5.2±0.8,N/A,1640±261,N/A,2,1
HATS-11 b,0.85±0.12,1.51±0.08,270±38,16.9±0.9,1,1
Kepler-1064 b,N/A,0.138+0.006−0.004,N/A,1.55+0.07−0.04,1,1
WASP-193 b,0.14±0.03,1.46±0.06,44±9,16.4+0.7−0.6,1,1
Kepler-276 c,N/A,0.31+0.15−0.06,N/A,3.5+1.7−0.7,3,1
Kepler-276 b,N/A,0.26+0.12−0.03,N/A,2.9+1.4−0.4,3,1
Kepler-276 d,N/A,0.26+0.12−0.03,N/A,2.9+1.3−0.3,3,1
K2-141 b,0.0160±0.0013,0.135±0.004,5.1±0.4,1.51±0.04,2,1
K2-141 c,0.0233,0.6+0.4−0.2,7.40,7+5−3,2,1
Kepler-1015 b,N/A,0.32+0.12−0.06,N/A,3.6+1.3−0.7,1,1
HD 149143 b,1.360,N/A,432,N/A,1,1
Kepler-669 b,N/A,0.43+0.11−0.05,N/A,4.8+1.3−0.5,1,1
HD 185603 b,4±4,1.74±0.07,1118±1118,19.4±0.8,1,1
HD 8673 b,14.20,N/A,4513,N/A,1,2
Kepler-266 b,N/A,0.226+0.109−0.018,N/A,2.5+1.2−0.2,2,1
Kepler-266 c,N/A,0.35+0.17−0.08,N/A,4.0+1.9−0.9,2,1
Kepler-944 b,N/A,0.235+0.024−0.019,N/A,2.6+0.3−0.2,1,1
Kepler-1287 b,N/A,0.137+0.020−0.012,N/A,1.54+0.22−0.13,1,1
KELT-18 b,1.18±0.11,1.57±0.04,375±35,17.6+0.5−0.4,1,1
HD 95086 b,4.4±0.8,1.320,1398±254,14.80,1,1
Kepler-344 b,N/A,0.24+0.11−0.02,N/A,2.7+1.2−0.2,2,1
Kepler-344 c,N/A,0.27+0.13−0.03,N/A,3.0+1.4−0.4,2,1
K2-257 b,N/A,0.074+0.005−0.004,N/A,0.83+0.06−0.04,1,1
CoRoT-26 b,0.52±0.05,1.26+0.13−0.07,165±16,14.1+1.5−0.8,1,1
Kepler-229 c,N/A,0.45+0.16−0.07,N/A,5.0+1.8−0.8,3,1
Kepler-229 d,N/A,0.35+0.13−0.03,N/A,3.9+1.4−0.4,3,1
Kepler-229 b,N/A,0.20±0.07,N/A,2.2±0.8,3,1
Kepler-1132 b,N/A,0.210+0.017−0.015,N/A,2.35+0.19−0.17,1,1
Kepler-484 b,N/A,0.203+0.006−0.004,N/A,2.28+0.07−0.04,1,1
HD 213240 A b,4.50,N/A,1430,N/A,1,2
Kepler-1670 b,N/A,0.299,N/A,3.35,1,1
Kepler-1318 b,N/A,0.277+0.015−0.013,N/A,3.10+0.17−0.15,1,1
GJ 9689 b,0.030±0.004,N/A,9.6±1.4,N/A,1,1
Kepler-386 c,N/A,0.14±0.08,N/A,1.6±0.9,2,1
Kepler-386 b,N/A,0.13±0.07,N/A,1.4±0.8,2,1
Kepler-562 b,N/A,0.47+0.06−0.04,N/A,5.2+0.6−0.4,1,1
Kepler-1982 b,0.0012,0.0770,0.381,0.863,1,1
Kepler-268 b,N/A,0.23±0.04,N/A,2.6±0.5,2,1
Kepler-268 c,N/A,0.31±0.06,N/A,3.5±0.7,2,1
Kepler-575 b,N/A,0.213+0.046−0.019,N/A,2.4+0.5−0.2,1,1
TOI-1235 b,0.022+0.002−0.003,0.155+0.008−0.007,6.9±0.8,1.74+0.09−0.08,1,1
Kepler-544 b,N/A,0.189+0.017−0.012,N/A,2.12+0.19−0.13,1,1
HD 125271 b,11.1+1.7−1.4,1.110,3514+549−447,12.44,1,1
Kepler-590 b,N/A,0.36+0.10−0.04,N/A,4.0+1.1−0.5,1,1
HD 93963 A b,N/A,0.120±0.004,N/A,1.35±0.04,2,1
HD 93963 A c,N/A,0.288±0.005,N/A,3.23±0.06,2,1
KMT-2017-BLG-0165L b,0.11+0.05−0.04,N/A,34+15−12,N/A,1,1
Kepler-337 c,N/A,0.19±0.05,N/A,2.1±0.6,2,1
Kepler-337 b,N/A,0.14±0.04,N/A,1.6±0.4,2,1
Kepler-226 c,N/A,0.21±0.08,N/A,2.3±0.9,3,1
Kepler-226 b,N/A,0.14±0.06,N/A,1.6±0.6,3,1
Kepler-226 d,N/A,0.11±0.04,N/A,1.2±0.5,3,1
Kepler-1389 b,N/A,0.158+0.004−0.012,N/A,1.77+0.04−0.13,1,1
Kepler-1248 b,N/A,0.105+0.018−0.010,N/A,1.18+0.20−0.11,1,1
HIP 79431 b,2.10,N/A,667,N/A,1,1
WASP-78 b,1.160,1.750,369,19.62,1,1
Kepler-1122 b,N/A,0.182+0.024−0.012,N/A,2.04+0.27−0.13,1,1
YBP1194 b,0.33±0.03,N/A,106±10,N/A,1,1
K2-265 b,0.021±0.003,0.153±0.010,6.5±0.8,1.71±0.11,1,1
Kepler-1237 b,N/A,0.255+0.035−0.019,N/A,2.9+0.4−0.2,1,1
TOI-532 b,0.19±0.03,0.519±0.017,61+10−9,5.82±0.19,1,1
HD 167042 b,1.70+0.09−0.12,N/A,540+29−38,N/A,1,1
Kepler-76 b,2.0+0.4−0.3,1.36±0.12,639+118−111,15.2±1.3,1,1
K2-351 b,0.0220,0.227+0.022−0.017,6.99,2.54+0.25−0.19,1,1
HD 37124 b,0.675,N/A,215,N/A,3,1
HD 37124 c,0.652,N/A,207,N/A,3,1
HD 37124 d,0.696,N/A,221,N/A,3,1
Kepler-173 c,N/A,0.221+0.110−0.019,N/A,2.5+1.2−0.2,2,1
Kepler-173 b,N/A,0.12±0.06,N/A,1.3±0.7,2,1
HD 5891 b,7.60,N/A,2415,N/A,1,1
K2-319 b,N/A,0.249+0.010−0.009,N/A,2.79+0.11−0.10,1,1
TOI-2583 A b,0.25±0.06,1.29+0.04−0.03,79±18,14.5±0.4,1,1
HD 22946 d,0.0836,0.233±0.005,26.6,2.61±0.06,3,1
HD 22946 b,0.0431,0.122±0.004,13.71,1.37±0.04,3,1
HD 22946 c,0.0306,0.208±0.003,9.72,2.33±0.03,3,1
Kepler-119 b,N/A,0.33+0.12−0.03,N/A,3.7+1.4−0.4,2,1
Kepler-119 c,N/A,0.08±0.03,N/A,0.9±0.4,2,1
Kepler-1461 b,N/A,0.181+0.008−0.014,N/A,2.03+0.09−0.16,1,1
Kepler-1254 b,N/A,0.138+0.008−0.011,N/A,1.55+0.09−0.12,3,1
Kepler-1254 c,N/A,0.116+0.006−0.011,N/A,1.30+0.07−0.12,3,1
Kepler-1254 d,N/A,0.117+0.008−0.010,N/A,1.31+0.09−0.11,3,1
TOI-4308 b,0.0202,0.216+0.011−0.012,6.42,2.42+0.12−0.13,1,1
HD 144899 b,0.064+0.021−0.016,0.425,20+7−5,4.76,1,1
OGLE-2018-BLG-0596L b,0.044±0.005,N/A,13.9±1.6,N/A,1,1
K2-53 b,N/A,0.232±0.009,N/A,2.60±0.10,1,1
Kepler-1173 b,N/A,0.079+0.021−0.006,N/A,0.89+0.24−0.07,1,1
Kepler-1981 b,0.1970,0.840,62.6,9.42,1,1
Kepler-1361 b,N/A,0.077±0.011,N/A,0.86±0.12,1,1
Kepler-827 b,N/A,0.50+0.06−0.04,N/A,5.6+0.7−0.5,1,1
Kepler-849 b,N/A,0.64+0.13−0.12,N/A,7.1+1.5−1.4,1,1
K2-284 b,N/A,0.248+0.012−0.011,N/A,2.78+0.13−0.12,1,1
K2-83 b,N/A,0.111±0.009,N/A,1.24±0.10,2,1
K2-83 c,N/A,0.132±0.009,N/A,1.48±0.10,2,1
L 98-59 b,0.0013±0.0005,0.076+0.006−0.004,0.41±0.16,0.85+0.06−0.04,4,1
L 98-59 c,0.0070±0.0008,0.124+0.008−0.007,2.2±0.3,1.38+0.10−0.07,4,1
L 98-59 d,0.0061±0.0009,0.136+0.011−0.009,1.9±0.3,1.52+0.12−0.10,4,1
L 98-59 e,0.0096+0.0010−0.0012,N/A,3.1+0.3−0.4,N/A,4,1
Kepler-137 c,N/A,0.171±0.013,N/A,1.92±0.14,2,1
Kepler-137 b,N/A,0.134±0.010,N/A,1.50±0.11,2,1
Kepler-1333 b,N/A,0.25+0.04−0.02,N/A,2.8+0.4−0.2,1,1
K2-177 b,N/A,0.189+0.025−0.014,N/A,2.12+0.28−0.16,1,1
Kepler-369 c,N/A,0.128±0.005,N/A,1.44±0.06,2,1
Kepler-369 b,N/A,0.103±0.005,N/A,1.15±0.06,2,1
HATS-14 b,1.07±0.07,1.04+0.03−0.02,340±22,11.7+0.3−0.2,1,1
TOI-954 b,0.174+0.018−0.017,0.85+0.05−0.06,55+6−5,9.6+0.6−0.7,1,1
WASP-145 A b,0.76±0.04,0.68±0.07,242±13,7.6±0.8,1,2
WASP-109 b,0.91±0.13,1.44±0.05,289±41,16.2±0.6,1,1
Kepler-1144 b,N/A,0.178+0.027−0.014,N/A,2.00+0.30−0.16,1,1
K2-80 b,N/A,0.188+0.027−0.012,N/A,2.11+0.30−0.13,3,1
K2-80 c,N/A,0.133+0.017−0.009,N/A,1.49+0.19−0.10,3,1
K2-80 d,N/A,0.228+0.025−0.013,N/A,2.55+0.28−0.14,3,1
Kepler-792 b,N/A,0.17+0.04−0.02,N/A,2.0+0.5−0.2,1,1
HD 331093 b,1.50±0.11,1.210,477±35,13.56,1,1
Kepler-463 b,N/A,0.27+0.04−0.03,N/A,3.0+0.4−0.3,1,1
HD 29985 b,5.9+1.5−1.6,1.140,1882+476−510,12.78,1,1
Kepler-986 b,N/A,0.211+0.026−0.017,N/A,2.37+0.29−0.19,1,1
K2-325 b,N/A,0.196+0.012−0.013,N/A,2.20+0.13−0.15,1,1
K2-26 b,N/A,0.24±0.04,N/A,2.7+0.5−0.4,1,1
Kepler-442 b,N/A,0.120+0.010−0.016,N/A,1.35+0.11−0.18,1,1
Kepler-1457 b,N/A,0.178+0.028−0.018,N/A,2.0+0.3−0.2,1,1
UZ For (AB) d,7.70,N/A,2447,N/A,1,1
Kepler-1503 b,N/A,0.203+0.017−0.021,N/A,2.28+0.19−0.24,1,1
TOI-2285 b,< 0.0614,0.155±0.007,< 19.5147,1.74±0.08,1,1
HD 154345 b,1.15±0.03,N/A,366±10,N/A,1,1
K2-244 b,N/A,0.156+0.012−0.009,N/A,1.75+0.13−0.10,1,1
Kepler-27 b,N/A,0.365,N/A,4.09,2,1
Kepler-27 c,N/A,0.447,N/A,5.01,2,1
Kepler-1978 b,0.0239,0.268,7.60,3.00,1,1
EPIC 220504338 b,1.28±0.12,0.91+0.10−0.07,407±38,10.2+1.1−0.8,1,1
Gl 378 b,0.041±0.006,N/A,13±2,N/A,1,1
HD 173416 b,2.70,N/A,858,N/A,1,1
Kepler-1416 b,N/A,0.079+0.029−0.012,N/A,0.89+0.33−0.13,1,1
CoRoT-1 b,1.03±0.12,1.49±0.08,327±38,16.7±0.9,1,1
Kepler-1688 b,N/A,0.1130,N/A,1.267,1,1
Kepler-873 b,N/A,0.34+0.15−0.05,N/A,3.8+1.6−0.5,1,1
K2-61 b,N/A,0.172+0.029−0.013,N/A,1.93+0.32−0.15,1,1
HATS-6 b,0.32±0.07,0.998±0.019,101±22,11.2±0.2,1,1
Kepler-1637 b,N/A,0.079+0.016−0.008,N/A,0.89+0.18−0.09,1,1
WASP-21 b,0.276±0.019,1.16±0.05,88±6,13.0±0.6,1,1
K2-347 b,0.0201,0.215+0.010−0.009,6.39,2.41+0.11−0.10,1,1
Kepler-1225 b,N/A,0.16+0.05−0.02,N/A,1.8+0.6−0.2,1,1
Kepler-157 c,N/A,0.20±0.04,N/A,2.3±0.4,3,1
Kepler-157 b,N/A,0.12±0.02,N/A,1.3±0.3,3,1
Kepler-157 d,N/A,0.130+0.014−0.009,N/A,1.46+0.16−0.10,3,1
TOI-1728 b,0.084+0.017−0.016,0.451+0.014−0.015,27±5,5.06+0.16−0.17,1,1
HD 101930 b,0.300,N/A,95.3,N/A,1,1
HD 176051 b,1.5±0.3,N/A,477±95,N/A,1,2
WASP-22 b,0.588,1.158,186.9,12.98,1,1
Kepler-1490 b,N/A,0.27+0.03−0.06,N/A,3.0+0.4−0.6,1,1
CoRoT-20 b,4.3±0.2,0.84±0.04,1367±64,9.4±0.4,2,1
CoRoT-20 c,17.0±1.0,N/A,5403±318,N/A,2,1
KOI-523 b,0.018±0.003,0.312+0.017−0.013,5.8+0.9−0.8,3.50+0.19−0.15,2,1
KOI-523 c,0.046+0.009−0.008,0.78±0.03,15±3,8.7+0.4−0.3,2,1
Kepler-1404 b,N/A,0.179+0.012−0.019,N/A,2.01+0.13−0.21,1,1
HIP 54373 b,0.027±0.006,N/A,8.6±1.8,N/A,2,1
HIP 54373 c,0.039±0.007,N/A,12±2,N/A,2,1
Kepler-1561 b,N/A,0.097+0.023−0.016,N/A,1.09+0.26−0.18,1,1
HD 32518 b,3.0±0.7,N/A,966±216,N/A,1,1
K2-252 b,N/A,0.155+0.015−0.011,N/A,1.74+0.17−0.12,1,1
Kepler-605 b,N/A,0.128+0.015−0.008,N/A,1.43+0.17−0.09,2,1
Kepler-605 c,N/A,0.077+0.010−0.005,N/A,0.86+0.11−0.06,2,1
WASP-94 A b,0.45+0.04−0.03,1.72+0.06−0.05,144+11−10,19.3+0.7−0.6,2,2
WASP-94 B b,0.62±0.03,N/A,196±9,N/A,2,2
Kepler-546 b,N/A,0.62+0.17−0.07,N/A,7.0+1.9−0.8,1,1
HD 114613 b,0.48±0.04,N/A,153±13,N/A,1,1
Kepler-922 b,N/A,0.127+0.016−0.010,N/A,1.42+0.18−0.11,1,1
HD 4760 b,14±2,N/A,4418±763,N/A,1,1
Kepler-343 b,N/A,0.22±0.05,N/A,2.5±0.5,2,1
Kepler-343 c,N/A,0.18±0.03,N/A,2.1±0.4,2,1
CoRoT-22 b,0.04+0.04−0.03,0.435+0.015−0.035,12+14−9,4.88+0.17−0.39,1,1
Kepler-1711 b,0.0137,0.1720,4.35,1.928,1,1
EPIC 216468514 b,0.84±0.08,1.44±0.15,267±25,16.1±1.7,1,1
HR 5183 b,3.23+0.15−0.14,N/A,1027+48−44,N/A,1,1
Kepler-687 b,N/A,0.314+0.014−0.018,N/A,3.52+0.16−0.20,1,1
Kepler-94 b,0.034±0.004,0.320±0.014,10.8±1.4,3.59±0.15,2,1
Kepler-94 c,9.8±0.6,N/A,3125±200,N/A,2,1
Kepler-892 b,N/A,0.25+0.03−0.02,N/A,2.8+0.4−0.3,1,1
Kepler-1409 b,N/A,0.093+0.007−0.006,N/A,1.04+0.08−0.07,1,1
Gliese 785 b,0.0532,N/A,16.90,N/A,2,1
Gliese 785 c,0.0754,N/A,24.0,N/A,2,1
Kepler-778 b,N/A,0.150+0.009−0.012,N/A,1.68+0.10−0.13,1,1
Kepler-768 b,N/A,0.160+0.018−0.012,N/A,1.79+0.20−0.13,1,1
K2-48 b,N/A,0.20±0.02,N/A,2.2±0.2,1,1
HD 21693 b,0.0322,N/A,10.23,N/A,2,1
HD 21693 c,0.0647,N/A,20.6,N/A,2,1
2MASS J0951-8023,15±2,1.45±0.05,4767±636,16.3±0.6,1,1
Kepler-1405 b,N/A,0.35+0.08−0.04,N/A,4.0+0.9−0.4,1,1
TOI-2257 b,0.018+0.013−0.007,0.196±0.010,6+4−2,2.19±0.11,1,1
HD 10975 b,0.45+0.06−0.15,N/A,143+19−48,N/A,1,1
PSR B0329+54 b,0.0062±0.0006,N/A,1.97±0.19,N/A,1,1
K2-175 b,N/A,0.18+0.03−0.02,N/A,2.0+0.4−0.3,1,1
Kepler-1049 b,N/A,0.085+0.009−0.014,N/A,0.95+0.10−0.16,1,1
Kepler-568 b,N/A,0.202±0.007,N/A,2.26±0.08,1,1
HD 231701 b,1.080,N/A,343,N/A,1,1
83 Leonis B b,0.079±0.006,N/A,25.1±1.9,N/A,2,2
83 Leonis B c,0.36±0.06,N/A,114±19,N/A,2,2
HD 145457 b,2.90,N/A,922,N/A,1,1
HD 109749 A b,0.280,N/A,89.0,N/A,1,2
EPIC 201238110 b,N/A,0.167+0.018−0.040,N/A,1.9+0.2−0.4,1,1
Kepler-345 c,N/A,0.109±0.006,N/A,1.23±0.07,2,1
Kepler-345 b,N/A,0.067±0.005,N/A,0.76±0.06,2,1
HIP 948 b,21+10−9,1.080,6547+3133−2706,12.11,1,1
K2-105 b,0.09±0.06,0.32±0.04,30±19,3.6±0.4,1,1
HD 77338 b,0.0488,N/A,15.50,N/A,1,1
EPIC 212297394 b,N/A,0.118+0.007−0.008,N/A,1.32+0.08−0.09,1,1
HD 6718 b,1.560,N/A,496,N/A,1,1
BD+49 828 b,1.6+0.4−0.2,N/A,509+127−64,N/A,1,1
Kepler-1738 b,0.0263,0.252,8.36,2.82,1,1
Kepler-1672 b,N/A,0.265,N/A,2.97,1,1
K2-249 b,N/A,0.25±0.02,N/A,2.8+0.3−0.2,1,1
HD 163296 b,0.300,N/A,95.3,N/A,2,1
HD 163296 c,0.300,N/A,95.3,N/A,2,1
Kepler-443 b,N/A,0.208+0.017−0.020,N/A,2.33+0.19−0.22,1,1
Kepler-1969 b,0.0109,0.1500,3.46,1.681,1,1
Kepler-65 b,N/A,0.127±0.003,N/A,1.42±0.03,4,1
Kepler-65 c,N/A,0.230±0.005,N/A,2.58±0.06,4,1
Kepler-65 d,N/A,0.136±0.004,N/A,1.52±0.04,4,1
Kepler-65 e,0.82+0.63−0.16,N/A,261+200−51,N/A,4,1
Kepler-1593 b,N/A,0.28±0.03,N/A,3.2±0.3,1,1
GJ 725 B b,0.0038,N/A,1.201,N/A,1,2
NGC 2423 3 b,10.60,N/A,3369,N/A,1,1
HIP 65 A b,3.21±0.08,2.0+0.6−0.5,1021±25,23+7−5,1,1
Kepler-395 c,N/A,0.120±0.008,N/A,1.35±0.09,2,1
Kepler-395 b,N/A,0.094±0.007,N/A,1.05±0.08,2,1
HATS-55 b,0.92±0.08,1.25±0.03,293±24,14.0±0.3,1,1
Kepler-279 c,N/A,0.49±0.09,N/A,5.5±1.0,3,1
Kepler-279 b,N/A,0.33±0.06,N/A,3.7±0.7,3,1
Kepler-279 d,N/A,0.45±0.09,N/A,5.1±1.0,3,1
HD 152581 b,1.500,N/A,477,N/A,1,1
Kepler-424 b,1.03±0.13,0.89+0.08−0.06,327±41,10.0+0.9−0.7,2,1
Kepler-424 c,7.0±0.6,N/A,2215±197,N/A,2,1
Gliese 179 b,0.82±0.07,N/A,261±22,N/A,1,1
Kepler-243 b,N/A,0.223+0.106−0.015,N/A,2.50+1.18−0.16,2,1
Kepler-243 c,N/A,0.18±0.09,N/A,2.0±1.0,2,1
Kepler-495 b,N/A,0.47+0.04−0.03,N/A,5.2+0.4−0.3,1,1
Kepler-375 c,N/A,0.24±0.09,N/A,2.7±1.0,2,1
Kepler-375 b,N/A,0.13±0.05,N/A,1.5±0.5,2,1
K2-49 b,N/A,0.17±0.05,N/A,1.9±0.5,1,1
HAT-P-53 b,1.48±0.06,1.32±0.09,472±18,14.8±1.0,1,1
WASP-36 b,2.28,1.269,724,14.22,1,1
Kepler-1954 b,0.0123,0.1610,3.91,1.805,1,1
24 Sex b,2.0+0.3−0.4,N/A,632+83−121,N/A,2,1
24 Sex c,0.9+0.3−0.2,N/A,273+111−70,N/A,2,1
Kepler-445 b,> 0.0126,0.14±0.02,> 3.9992,1.6±0.2,3,1
Kepler-445 c,> 0.0252,0.23±0.03,> 7.9985,2.6±0.4,3,1
Kepler-445 d,> 0.0094,0.114±0.017,> 2.9993,1.28±0.19,3,1
HD 108874 b,1.360,N/A,432,N/A,2,1
HD 108874 c,1.018,N/A,324,N/A,2,1
Kepler-1388 b,N/A,0.231±0.012,N/A,2.59±0.13,4,1
Kepler-1388 c,N/A,0.202+0.012−0.010,N/A,2.26+0.13−0.11,4,1
Kepler-1388 d,N/A,0.255+0.011−0.017,N/A,2.86+0.12−0.19,4,1
Kepler-1388 e,N/A,0.219+0.012−0.013,N/A,2.45+0.13−0.15,4,1
Kepler-1314 b,N/A,0.456±0.017,N/A,5.11±0.19,1,1
Lupus-TR 3b,0.81±0.18,0.89±0.07,257±57,10.0±0.8,1,1
Kepler-171 b,N/A,0.213+0.096−0.005,N/A,2.39+1.07−0.05,3,1
Kepler-171 c,N/A,0.233+0.105−0.014,N/A,2.61+1.17−0.15,3,1
Kepler-171 d,N/A,0.17±0.08,N/A,1.9±0.9,3,1
HD 55696 b,3.9±0.7,N/A,1230±229,N/A,1,1
Kepler-1884 b,0.0124,0.1620,3.94,1.816,1,1
Kepler-1107 b,N/A,0.120+0.009−0.007,N/A,1.35+0.10−0.08,1,1
Kepler-1031 b,N/A,0.078+0.019−0.010,N/A,0.87+0.21−0.11,1,1
KIC 7177553 A(ab) b,5±2,N/A,1589±636,N/A,1,4
WASP-114 b,1.77±0.06,1.34±0.06,562±20,15.0±0.7,1,1
GJ 1132 b,0.0052±0.0007,0.101±0.005,1.7±0.2,1.13±0.06,2,1
GJ 1132 c,0.0083±0.0014,N/A,2.6±0.4,N/A,2,1
K2-369 b,0.0072,0.117+0.009−0.008,2.28,1.31+0.10−0.09,1,1
Kepler-771 b,N/A,0.162+0.028−0.019,N/A,1.8+0.3−0.2,1,1
Kepler-1532 b,N/A,0.120+0.016−0.011,N/A,1.35+0.18−0.12,1,1
Kepler-1618 b,N/A,0.11+0.05−0.02,N/A,1.3+0.5−0.2,1,1
Kepler-1234 b,N/A,0.251+0.014−0.072,N/A,2.81+0.16−0.81,1,1
Kepler-1021 b,N/A,0.208+0.022−0.016,N/A,2.33+0.25−0.18,1,1
Kepler-255 c,N/A,0.272+0.108−0.016,N/A,3.05+1.21−0.18,3,1
Kepler-255 b,N/A,0.14±0.06,N/A,1.6±0.6,3,1
Kepler-255 d,N/A,0.118+0.012−0.009,N/A,1.32+0.13−0.10,3,1
2MASS J0459-2853,8.0±1.0,1.32±0.03,2543±318,14.8±0.3,1,1
Kepler-1710 b,0.0325,0.285,10.33,3.19,1,1
HATS-71 b,0.5±0.2,1.080±0.016,143±76,12.11±0.18,1,1
BD+45 564 b,1.36±0.12,1.210,432±38,13.56,1,1
KELT-4A b,0.90±0.06,1.70+0.05−0.04,287±19,19.0±0.5,1,3
Kepler-1191 b,N/A,0.135+0.012−0.010,N/A,1.51+0.13−0.11,1,1
Kepler-1035 b,N/A,0.104+0.025−0.010,N/A,1.17+0.28−0.11,1,1
WASP-84 b,0.70±0.04,0.97±0.03,222±12,10.9±0.3,1,1
TOI-2046 b,2.3±0.3,1.44±0.11,731±89,16.1±1.2,1,1
K2-266 b,0.034+0.035−0.020,0.29+0.16−0.12,11+11−6,3.3+1.8−1.3,4,1
K2-266 c,( 9+5−4 )·10-4,0.063+0.009−0.008,0.29+0.17−0.11,0.71+0.10−0.09,4,1
K2-266 d,0.028+0.018−0.012,0.261+0.012−0.011,9+6−4,2.93+0.13−0.12,4,1
K2-266 e,0.045+0.020−0.016,0.244+0.012−0.010,14+6−5,2.73+0.13−0.11,4,1
EPIC 206024342 b,N/A,0.15+0.05−0.03,N/A,1.7+0.6−0.3,1,1
OGLE-2014-BLG-0124L b,0.51±0.16,N/A,162±51,N/A,1,1
K2-184 b,N/A,0.137+0.013−0.008,N/A,1.54+0.15−0.09,1,1
SAND364 b,1.57±0.11,N/A,499±35,N/A,1,1
KOI-1612.01,< 0.0160,0.073±0.003,< 5.0853,0.82±0.03,1,1
Kepler-1427 b,N/A,0.098+0.021−0.011,N/A,1.10+0.24−0.12,1,1
HD 220689 b,1.060,N/A,337,N/A,1,1
KMT-2021-BLG-1931 b,0.014±0.007,N/A,5±2,N/A,1,1
Kepler-505 b,N/A,0.232+0.010−0.008,N/A,2.60+0.11−0.09,1,1
HD 195689 b,N/A,N/A,N/A,N/A,1,1
GJ 1265 b,0.0233±0.0016,N/A,7.4±0.5,N/A,1,1
HD 137496 b,0.0127±0.0017,0.117±0.005,4.0±0.5,1.31±0.06,2,1
HD 137496 c,7.66±0.11,N/A,2435±35,N/A,2,1
UKIRT-2017-BLG-001L b,1.3±0.4,N/A,407+118−140,N/A,1,1
Kepler-639 b,N/A,0.21+0.05−0.03,N/A,2.4+0.5−0.3,1,1
HD 16141 A b,0.215,N/A,68.3,N/A,1,2
HD 72490 b,1.77±0.08,N/A,562±25,N/A,1,1
Kepler-1166 b,N/A,0.151+0.055−0.012,N/A,1.69+0.62−0.13,1,1
K2-383 b,0.0097,0.140+0.011−0.009,3.07,1.57+0.12−0.10,1,1
Kepler-608 b,N/A,0.33+0.06−0.04,N/A,3.6+0.7−0.4,1,1
Kepler-524 b,N/A,0.170+0.012−0.011,N/A,1.91+0.13−0.12,2,1
Kepler-524 c,N/A,0.086+0.007−0.006,N/A,0.96+0.08−0.07,2,1
HD 10180 b,0.004±0.003,N/A,1.3±0.8,N/A,9,1
HD 10180 c,0.0416±0.0014,N/A,13.2±0.4,N/A,9,1
HD 10180 i,0.006+0.005−0.006,N/A,1.9+1.6−1.8,N/A,9,1
HD 10180 d,0.038±0.002,N/A,12.0±0.7,N/A,9,1
HD 10180 e,0.081±0.003,N/A,25.6±1.0,N/A,9,1
HD 10180 j,0.016±0.010,N/A,5±3,N/A,9,1
HD 10180 f,0.072±0.005,N/A,22.9±1.5,N/A,9,1
HD 10180 g,0.073±0.005,N/A,23.3±1.5,N/A,9,1
HD 10180 h,0.207±0.014,N/A,66±4,N/A,9,1
OGLE-2019-BLG-1492 b,0.12+0.08−0.06,N/A,37+25−20,N/A,1,1
Kepler-1282 b,N/A,0.138+0.019−0.010,N/A,1.55+0.21−0.11,1,1
75 Cet b,3.00,N/A,953,N/A,1,1
Kepler-1599 b,N/A,0.14+0.03−0.02,N/A,1.6+0.3−0.2,1,1
EPIC 206042996 b,N/A,0.145+0.015−0.017,N/A,1.63+0.17−0.19,1,1
EPIC 228735255 b,1.02±0.07,1.095±0.018,324±22,12.3±0.2,1,1
Kepler-1617 b,N/A,0.107+0.033−0.014,N/A,1.20+0.37−0.16,1,1
K2-381 c,0.0147,0.178+0.016−0.013,4.67,2.00+0.18−0.15,3,1
K2-381 d,0.0110,0.151+0.016−0.012,3.50,1.69+0.18−0.13,3,1
K2-381 b,0.0040,0.096+0.013−0.009,1.259,1.08+0.15−0.10,3,1
Kepler-1470 b,N/A,0.095+0.008−0.007,N/A,1.06+0.09−0.08,1,1
Kepler-162 c,N/A,0.28+0.15−0.06,N/A,3.1+1.7−0.6,2,1
Kepler-162 b,N/A,0.11±0.06,N/A,1.3±0.7,2,1
HD 181433 b,0.0238,N/A,7.56,N/A,3,1
HD 181433 c,0.640,N/A,203,N/A,3,1
HD 181433 d,0.540,N/A,171.6,N/A,3,1
Kepler-637 b,N/A,0.42+0.04−0.05,N/A,4.8+0.5−0.6,1,1
Kepler-732 b,N/A,0.194+0.011−0.014,N/A,2.17+0.12−0.16,2,1
Kepler-732 c,N/A,0.113+0.006−0.009,N/A,1.27+0.07−0.10,2,1
Kepler-269 b,N/A,0.225+0.105−0.014,N/A,2.52+1.17−0.15,2,1
Kepler-269 c,N/A,0.15±0.07,N/A,1.7±0.8,2,1
Kepler-312 c,N/A,0.29±0.06,N/A,3.2±0.6,2,1
Kepler-312 b,N/A,0.12±0.02,N/A,1.3±0.3,2,1
OGLE-TR-113 b,1.26±0.16,1.05+0.06−0.05,400±51,11.8±0.6,1,1
K2-405 b,0.0596,0.408+0.008−0.011,18.94,4.57+0.09−0.12,1,1
Kepler-169 e,N/A,0.20±0.03,N/A,2.2±0.3,5,1
Kepler-169 c,N/A,0.110±0.007,N/A,1.24±0.08,5,1
Kepler-169 b,N/A,0.103±0.007,N/A,1.15±0.08,5,1
Kepler-169 d,N/A,0.114±0.008,N/A,1.28±0.09,5,1
Kepler-169 f,N/A,0.24±0.02,N/A,2.6±0.2,5,1
Kepler-1541 b,N/A,0.103+0.009−0.007,N/A,1.15+0.10−0.08,1,1
Kepler-1042 b,N/A,0.195+0.010−0.014,N/A,2.19+0.11−0.16,1,1
KMT-2019-BLG-1216L b,0.09±0.05,0.533,30±16,5.97,1,1
Kepler-469 b,N/A,1.6±0.3,N/A,18+4−3,1,1
HD 56957 b,6+3−4,1.140,1893+903−1292,12.78,1,1
HD 203473 b,7.8±1.1,N/A,2479±350,N/A,1,1
Kepler-859 b,N/A,0.276+0.016−0.013,N/A,3.09+0.18−0.15,1,1
Kepler-13 A b,9.28±0.16,1.51±0.04,2949±51,16.9±0.4,1,3
HAT-P-34 b,3.33,1.197,1058,13.42,1,1
Kepler-1467 b,N/A,0.29+0.03−0.02,N/A,3.3+0.3−0.2,1,1
HD 224538 b,6.0±0.4,N/A,1897±133,N/A,1,1
Kepler-1424 b,N/A,0.103+0.014−0.011,N/A,1.15+0.16−0.12,1,1
NGTS-15 b,0.75+0.10−0.09,1.10±0.10,239+32−29,12.3±1.1,1,1
K2-384 b,0.0040,0.096+0.021−0.005,1.265,1.08+0.24−0.06,5,1
K2-384 c,0.0057,0.106+0.005−0.007,1.818,1.19+0.06−0.08,5,1
K2-384 e,0.0075,0.120+0.012−0.007,2.37,1.35+0.13−0.08,5,1
K2-384 f,0.0175,0.198+0.008−0.007,5.56,2.22+0.09−0.08,5,1
K2-384 d,0.0079,0.124+0.011−0.007,2.52,1.39+0.12−0.08,5,1
Kepler-805 b,N/A,0.258+0.012−0.022,N/A,2.89+0.13−0.25,1,1
HD 73583 b,0.031±0.010,0.253±0.009,10±3,2.83±0.10,2,1
HD 73583 c,0.030±0.006,0.211±0.009,9.6±1.8,2.37±0.10,2,1
K2-189 b,N/A,0.135+0.013−0.009,N/A,1.51+0.15−0.10,2,1
K2-189 c,N/A,0.221+0.029−0.013,N/A,2.48+0.32−0.14,2,1
Kepler-8 b,0.59+0.13−0.12,1.42+0.05−0.06,188+41−38,15.9+0.6−0.7,1,1
OGLE-2016-BLG-1067L b,0.43+0.21−0.17,N/A,137+67−54,N/A,1,1
Kepler-701 b,N/A,0.25+0.02−0.04,N/A,2.8+0.2−0.4,1,1
HD 106252 b,7.56,N/A,2403,N/A,1,1
Kepler-128 b,0.0041+0.0060−0.0019,0.103±0.015,1.3+1.9−0.6,1.15±0.16,2,1
Kepler-128 c,0.005+0.007−0.002,0.103±0.015,1.5+2.2−0.7,1.15±0.16,2,1
HD 20794 b,0.0085±0.0009,N/A,2.7±0.3,N/A,4,1
HD 20794 c,0.0076±0.0013,N/A,2.4±0.4,N/A,4,1
HD 20794 d,0.0151±0.0019,N/A,4.8±0.6,N/A,4,1
HD 20794 e,0.015±0.003,N/A,4.8+1.0−0.9,N/A,4,1
Kepler-1697 b,N/A,0.1120,N/A,1.255,1,1
HAT-P-52 b,0.82±0.03,1.01±0.07,260±9,11.3±0.8,1,1
HIP 68468 b,0.0110,N/A,3.50,N/A,2,1
HIP 68468 c,0.0940,N/A,29.9,N/A,2,1
HATS-39 b,0.63±0.13,1.57±0.12,200±41,17.6±1.3,1,1
Kepler-953 b,N/A,0.38±0.03,N/A,4.2+0.4−0.3,2,1
Kepler-953 c,N/A,0.106+0.010−0.008,N/A,1.19+0.11−0.09,2,1
TOI-5205 b,1.08±0.06,1.03±0.03,343±19,11.5±0.3,1,1
TOI-1075 b,0.013+0.009−0.004,0.153±0.007,4.1+2.7−1.4,1.72±0.08,1,1
Kepler-1429 b,N/A,0.115+0.031−0.012,N/A,1.29+0.35−0.13,1,1
Kepler-24 c,N/A,0.36+0.48−0.02,N/A,4.1+5.4−0.3,4,1
Kepler-24 b,N/A,0.31±0.08,N/A,3.5±0.9,4,1
Kepler-24 e,N/A,0.25±0.06,N/A,2.8±0.7,4,1
Kepler-24 d,N/A,0.15±0.04,N/A,1.7±0.4,4,1
EPIC 201338508 c,N/A,0.20±0.06,N/A,2.3±0.6,2,1
EPIC 201338508 b,N/A,0.17±0.04,N/A,1.9±0.4,2,1
Kepler-1140 b,N/A,0.25+0.04−0.03,N/A,2.8±0.4,1,1
HAT-P-12 b,0.211,0.959,67.1,10.75,1,1
HD 147379 b,0.078+0.006−0.008,N/A,24.7+1.8−2.4,N/A,1,2
EPIC 201505350 c,0.050+0.024−0.009,0.43+0.06−0.04,16+8−3,4.9+0.6−0.4,3,1
EPIC 201505350 b,0.14±0.04,0.69±0.04,44±12,7.7±0.4,3,1
EPIC 201505350 d,N/A,0.102±0.012,N/A,1.14±0.13,3,1
Kepler-1303 b,N/A,0.127+0.031−0.012,N/A,1.42+0.35−0.13,1,1
2MASS J02495639-0557352 c,11.6+1.3−1.0,N/A,3687+413−318,N/A,1,2
Kepler-950 b,N/A,0.80+0.14−0.07,N/A,9.0+1.6−0.8,1,1
K2-71 b,N/A,0.19±0.03,N/A,2.2±0.3,1,1
CoRoT-30 b,2.9±0.2,1.01±0.08,922±70,11.3±0.9,1,1
Kepler-1285 b,N/A,0.087+0.009−0.007,N/A,0.98+0.10−0.08,1,1
Ross 128 b,0.0044±0.0007,N/A,1.4±0.2,N/A,1,1
OGLE-2018-BLG-1544 b,11±6,N/A,3560+2002−1875,N/A,1,1
Kepler-1687 b,N/A,0.1480,N/A,1.659,1,1
Kepler-607 c,0.0253,0.246,8.04,2.76,2,1
Kepler-607 b,0.0019,0.078+0.005−0.006,0.591,0.87+0.06−0.07,2,1
Kepler-969 b,N/A,0.185±0.004,N/A,2.07±0.04,2,1
Kepler-969 c,N/A,0.088+0.002−0.004,N/A,0.99+0.02−0.04,2,1
HAT-P-16 b,4.19±0.13,1.19±0.04,1333±41,13.3±0.4,1,2
OGLE-TR-132 b,1.170,1.23±0.07,372,13.8±0.8,1,1
Kepler-1330 b,N/A,0.147+0.036−0.012,N/A,1.65+0.40−0.13,1,1
Kepler-439 b,N/A,0.200+0.014−0.040,N/A,2.24+0.16−0.45,1,1
WASP-140 b,2.44±0.07,1.44+0.42−0.18,776±22,16+5−2,1,1
WASP-183 b,0.50±0.05,1.5+0.9−0.3,160±15,16+11−4,1,1
K2-371 b,N/A,1.16±0.08,N/A,13.0±0.9,1,1
Kepler-563 b,N/A,0.276+0.015−0.018,N/A,3.09+0.17−0.20,1,1
Kepler-281 c,N/A,0.484+0.188−0.005,N/A,5.42+2.10−0.06,2,1
Kepler-281 b,N/A,0.257+0.102−0.011,N/A,2.88+1.14−0.12,2,1
Kepler-221 c,N/A,0.27±0.02,N/A,3.0±0.3,4,1
Kepler-221 d,N/A,0.25±0.02,N/A,2.8±0.3,4,1
Kepler-221 e,N/A,0.24±0.02,N/A,2.7±0.3,4,1
Kepler-221 b,N/A,0.156±0.015,N/A,1.75±0.17,4,1
Kappa And b,22+8−9,N/A,6992+2543−2860,N/A,1,1
TOI-824 b,0.058±0.006,0.261+0.018−0.017,18.5+1.8−1.9,2.93+0.20−0.19,1,1
Kepler-1227 b,N/A,0.20+0.05−0.02,N/A,2.3+0.5−0.2,1,1
Kepler-263 b,N/A,0.24+0.13−0.04,N/A,2.7+1.5−0.5,2,1
Kepler-263 c,N/A,0.23+0.12−0.03,N/A,2.5+1.4−0.4,2,1
HD 68988 b,1.97±0.10,1.200,626±32,13.45,2,1
HD 68988 c,15.0+2.8−1.5,1.090,4767+890−477,12.22,2,1
Kepler-372 c,N/A,0.19±0.08,N/A,2.1±0.9,3,1
Kepler-372 d,N/A,0.15±0.07,N/A,1.7±0.7,3,1
Kepler-372 b,N/A,0.12±0.05,N/A,1.4±0.6,3,1
EPIC 211969807 b,N/A,0.170+0.009−0.018,N/A,1.91+0.10−0.20,1,1
Kepler-963 b,N/A,0.237+0.027−0.017,N/A,2.66+0.30−0.19,1,1
KOI-1257 b,1.4±0.3,0.94±0.12,461±111,10.5±1.3,1,2
HAT-P-1 b,0.524,1.217,166.5,13.64,1,1
KIC 5951458 b,N/A,0.6+2.3−0.4,N/A,7+26−4,1,1
HD 219134 b,0.0149±0.0006,0.143±0.005,4.74±0.19,1.60±0.06,7,1
HD 219134 c,0.0137±0.0007,0.135±0.004,4.4±0.2,1.51±0.05,7,1
HD 219134 f,0.0230±0.0013,N/A,7.3±0.4,N/A,7,1
HD 219134 d,0.051±0.002,N/A,16.2±0.6,N/A,7,1
HD 219134 g,0.034±0.004,N/A,10.8±1.3,N/A,7,1
HD 219134 e,0.223+0.189−0.006,N/A,70.9+60.1−1.9,N/A,7,1
HD 219134 h,0.28±0.06,N/A,89±18,N/A,7,1
GJ 3090 b,0.011±0.002,0.190±0.010,3.3±0.7,2.13±0.11,1,1
Kepler-91 b,0.66±0.06,1.40±0.04,210±19,15.7±0.4,2,1
Kepler-91 b Trojan,0.025±0.019,0.26±0.06,8±6,2.9±0.7,2,1
Kepler-1775 b,0.0406,0.325,12.90,3.64,1,1
K2-179 b,N/A,0.224+0.014−0.011,N/A,2.51+0.16−0.12,1,1
Kepler-166 b,N/A,0.207+0.107−0.015,N/A,2.32+1.20−0.17,3,1
Kepler-166 c,N/A,0.22+0.11−0.02,N/A,2.4+1.3−0.2,3,1
Kepler-166 d,N/A,0.154+0.013−0.009,N/A,1.73+0.15−0.10,3,1
HAT-P-62 b,0.76±0.09,1.07±0.03,242±28,12.0±0.3,1,1
BD+20 2457 b,21.4,N/A,6808,N/A,2,1
BD+20 2457 c,12.47,N/A,3963,N/A,2,1
Kepler-398 b,N/A,0.085±0.009,N/A,0.95±0.10,3,1
Kepler-398 c,N/A,0.092±0.010,N/A,1.03±0.11,3,1
Kepler-398 d,N/A,0.079+0.003−0.004,N/A,0.89+0.03−0.04,3,1
LSPM J2116+0234 b,0.042±0.003,N/A,13.3+1.0−1.1,N/A,1,1
Kepler-1808 b,0.0296,0.270,9.41,3.03,1,1
TOI-1221 b,3.50,0.260+0.012−0.011,1112,2.91+0.13−0.12,1,1
Kepler-1156 b,N/A,0.118+0.012−0.008,N/A,1.32+0.13−0.09,1,1
HD 86081 b,1.500,N/A,477,N/A,1,1
HATS-50 b,0.39±0.10,1.13±0.07,124±32,12.7±0.8,1,1
Kepler-1363 b,N/A,0.112+0.008−0.007,N/A,1.26+0.09−0.08,1,1
Kepler-1257 b,N/A,0.136+0.016−0.011,N/A,1.52+0.18−0.12,1,1
Gliese 163 b,0.031±0.007,N/A,10±2,N/A,5,1
Gliese 163 c,0.024+0.009−0.007,N/A,8+3−2,N/A,5,1
Gliese 163 d,0.06±0.02,N/A,20±8,N/A,5,1
Gliese 163 e,0.04+0.03−0.02,N/A,14+8−7,N/A,5,1
Gliese 163 f,0.021±0.014,N/A,7±4,N/A,5,1
Kepler-697 b,N/A,0.37+0.05−0.03,N/A,4.1+0.5−0.3,1,1
WASP-72 b,1.410,1.010,448,11.32,1,1
WASP-144 b,0.44±0.06,0.85±0.05,140±19,9.5±0.6,1,1
Kepler-1103 b,N/A,0.20+0.05−0.02,N/A,2.3+0.6−0.3,1,1
HIP 70849 b,9.00,N/A,2860,N/A,1,2
Kepler-1497 b,N/A,0.148+0.026−0.014,N/A,1.66+0.29−0.16,1,1
Kepler-1492 b,N/A,0.133+0.025−0.014,N/A,1.49+0.28−0.16,1,1
Kepler-334 c,N/A,0.13±0.02,N/A,1.5±0.3,3,1
Kepler-334 b,N/A,0.102±0.019,N/A,1.1±0.2,3,1
Kepler-334 d,N/A,0.13±0.02,N/A,1.4±0.3,3,1
HD 18015 b,3.2±0.2,N/A,1011±73,N/A,1,1
Kepler-1162 b,N/A,0.197+0.045−0.019,N/A,2.2+0.5−0.2,1,1
GJ 9404 b,0.037±0.006,0.310,11.9±1.9,3.47,1,1
HD 5319 b,1.76±0.07,N/A,559±22,N/A,2,1
HD 5319 c,1.15±0.08,N/A,366±25,N/A,2,1
Kepler-658 b,N/A,0.145±0.005,N/A,1.63±0.06,1,1
Kepler-1518 b,N/A,0.27+0.08−0.06,N/A,3.0+0.9−0.6,1,1
Kepler-924 b,N/A,0.27+0.10−0.05,N/A,3.1+1.1−0.6,1,1
Kepler-282 d,N/A,0.21±0.05,N/A,2.3±0.6,4,1
Kepler-282 e,N/A,0.23±0.06,N/A,2.6±0.6,4,1
Kepler-282 b,N/A,0.09±0.02,N/A,1.0±0.3,4,1
Kepler-282 c,N/A,0.11±0.03,N/A,1.2±0.3,4,1
Kepler-671 b,N/A,0.240+0.044−0.018,N/A,2.7+0.5−0.2,1,1
HIP 65891 b,6.0±0.5,N/A,1907±156,N/A,1,1
Kepler-799 b,0.1190,0.61+0.08−0.05,37.8,6.9+0.9−0.6,2,1
Kepler-799 c,0.0256,0.248,8.14,2.78,2,1
Kepler-273 b,N/A,0.14±0.08,N/A,1.5±0.9,2,1
Kepler-273 c,N/A,0.180+0.105−0.014,N/A,2.02+1.17−0.15,2,1
Kepler-1168 b,N/A,0.223+0.016−0.012,N/A,2.50+0.18−0.13,1,1
Kepler-1522 b,N/A,0.154+0.021−0.012,N/A,1.73+0.24−0.13,1,1
WASP-52 b,0.46±0.02,1.27±0.03,146±6,14.2±0.3,1,1
K2-263 b,0.047±0.010,0.215±0.011,15±3,2.41±0.12,1,1
K2-156 b,N/A,0.102+0.009−0.007,N/A,1.14+0.10−0.08,1,1
HD 64121 b,2.56±0.19,N/A,814±60,N/A,1,1
KMT-2019-BLG-2974 b,0.28+0.28−0.18,N/A,89+89−57,N/A,1,1
Kepler-955 b,N/A,0.279+0.024−0.015,N/A,3.13+0.27−0.17,1,1
K2-340 b,0.0354,0.30+0.04−0.03,11.25,3.4+0.4−0.3,1,1
KOI-370.02,N/A,0.23±0.03,N/A,2.6±0.3,2,1
KOI-370.01,N/A,0.350±0.010,N/A,3.92±0.11,2,1
Kepler-629 b,N/A,0.123+0.005−0.004,N/A,1.38+0.06−0.04,1,1
TOI-1842 b,0.21±0.04,1.04±0.06,68±13,11.7±0.7,1,1
EPIC 211990866 b,N/A,0.312±0.018,N/A,3.5±0.2,1,1
TOI-4406 b,0.30±0.03,1.00±0.02,95±10,11.2±0.2,1,1
Kepler-1109 b,N/A,0.20+0.04−0.02,N/A,2.2+0.4−0.2,1,1
OGLE-2017-BLG-1140L b,1.6+0.4−0.3,N/A,509+127−95,N/A,1,1
HD 185269 b,0.940,N/A,299,N/A,1,3
K2-380 b,0.0248,0.243+0.017−0.016,7.88,2.72+0.19−0.18,1,1
Kepler-1393 b,N/A,0.071+0.004−0.007,N/A,0.80+0.04−0.08,1,1
KMT-2018-BLG-2602 b,1.1+0.7−0.6,N/A,366+222−191,N/A,1,1
HD 30856 b,1.800,N/A,572,N/A,1,1
TOI-1634 b,0.015±0.002,0.160±0.007,4.9±0.7,1.79±0.08,1,1
K2-289 b,N/A,0.81±0.03,N/A,9.1±0.3,1,1
K2-331 b,0.0121,0.160+0.012−0.009,3.85,1.79+0.13−0.10,2,1
K2-331 c,0.0247,0.243+0.012−0.009,7.85,2.72+0.13−0.10,2,1
HD 11964 A b,0.58±0.03,N/A,185±9,N/A,2,2
HD 11964 A c,0.079±0.010,N/A,25±3,N/A,2,2
WASP-33 b,2.09±0.14,1.59±0.07,665±44,17.9±0.8,1,1
Kepler-411 c,0.083±0.019,0.394±0.006,26±6,4.42±0.07,4,1
Kepler-411 b,0.081±0.008,0.214±0.005,26±3,2.40±0.06,4,1
Kepler-411 d,0.048±0.016,0.296±0.009,15±5,3.32±0.10,4,1
Kepler-411 e,0.034±0.003,N/A,10.8±1.1,N/A,4,1
Kepler-911 b,N/A,0.232±0.009,N/A,2.60±0.10,1,1
WASP-135 b,1.90±0.08,1.30±0.09,604±25,14.6±1.0,1,1
Kepler-1170 b,N/A,0.215+0.017−0.015,N/A,2.41+0.19−0.17,1,1
HD 27442 A b,1.350,N/A,429,N/A,1,2
GJ 1061 b,0.0043±0.0005,N/A,1.37+0.16−0.15,N/A,3,1
GJ 1061 c,0.0055±0.0007,N/A,1.7±0.2,N/A,3,1
GJ 1061 d,0.0052+0.0008−0.0007,N/A,1.6±0.2,N/A,3,1
Kepler-894 b,N/A,0.25±0.03,N/A,2.8±0.3,1,1
Gliese 876 b,2.67±0.05,N/A,849+16−17,N/A,4,1
Gliese 876 c,0.843±0.019,N/A,268±6,N/A,4,1
Gliese 876 d,0.022+0.011−0.003,N/A,6.9+3.4−0.8,N/A,4,1
Gliese 876 e,0.054+0.007−0.006,N/A,17.2+2.2−2.0,N/A,4,1
HD 238914 b,6±3,N/A,1907±858,N/A,1,1
Kepler-479 b,N/A,0.189+0.008−0.006,N/A,2.12+0.09−0.07,1,1
HD 164922 e,0.033±0.003,0.288,10.5±1.0,3.23,4,1
HD 164922 c,0.041+0.009−0.006,0.327,13.0+3.0−2.0,3.67,4,1
HD 164922 b,0.36+0.03−0.04,1.190,116+10−12,13.34,4,1
HD 164922 d,0.013±0.003,0.1630,4.0±1.0,1.827,4,1
TOI-4184 b,0.0204,0.217±0.019,6.48,2.4±0.2,1,1
HD 105779 b,0.64±0.06,N/A,203±19,N/A,1,1
TOI-3693 b,1.0±0.2,1.12±0.02,324±76,12.6±0.3,1,1
HAT-P-2 b,8.74,0.951,2778,10.66,1,1
11 Com b,19.4±1.5,N/A,6166±477,N/A,1,1
LP 890-9 c,0.0796,0.122+0.005−0.003,25.3,1.37+0.06−0.03,2,1
LP 890-9 b,0.0415,0.118+0.005−0.002,13.20,1.32+0.06−0.02,2,1
Kepler-581 b,N/A,0.23+0.05−0.03,N/A,2.6+0.6−0.3,1,1
Kepler-1728 b,0.0284,0.264,9.03,2.96,1,1
Kepler-1645 b,N/A,0.159+0.038−0.018,N/A,1.8+0.4−0.2,1,1
HD 175167 b,7.80,N/A,2479,N/A,1,1
WTS-1 b,4.01,1.490,1274,16.70,1,1
HD 63433 b,N/A,0.192±0.009,N/A,2.15±0.10,2,1
HD 63433 c,N/A,0.238±0.011,N/A,2.67±0.12,2,1
HIP 57274 b,0.0360,N/A,11.44,N/A,3,1
HIP 57274 c,0.410,N/A,130.3,N/A,3,1
HIP 57274 d,0.527,N/A,167.5,N/A,3,1
Kepler-1135 b,N/A,0.165+0.029−0.014,N/A,1.85+0.33−0.16,1,1
Kepler-990 b,N/A,0.23+0.06−0.04,N/A,2.6+0.7−0.4,2,1
Kepler-990 c,N/A,0.136+0.031−0.017,N/A,1.52+0.35−0.19,2,1
Kepler-647 b,N/A,0.104+0.012−0.010,N/A,1.17+0.13−0.11,2,1
Kepler-647 c,N/A,0.357,N/A,4.00,2,1
Kepler-1387 b,N/A,0.083+0.004−0.008,N/A,0.93+0.04−0.09,1,1
HATS-20 b,0.27±0.04,0.78±0.06,87±11,8.7±0.6,1,1
Kepler-250 c,N/A,0.21+0.12−0.03,N/A,2.3+1.3−0.3,3,1
Kepler-250 d,N/A,0.20+0.11−0.02,N/A,2.2+1.3−0.3,3,1
Kepler-250 b,N/A,0.10±0.06,N/A,1.2±0.7,3,1
LkCa 15 b,0.500,N/A,158.9,N/A,3,1
LkCa 15 c,0.500,N/A,158.9,N/A,3,1
LkCa 15 d,0.500,N/A,158.9,N/A,3,1
Kepler-1273 b,N/A,0.222+0.029−0.017,N/A,2.49+0.33−0.19,1,1
WASP-50 b,1.470,1.150,467,12.89,1,1
Kepler-1298 b,N/A,0.12±0.02,N/A,1.3±0.2,1,1
HD 106515 A b,9.61,N/A,3054,N/A,1,1
HATS-35 b,1.22±0.08,1.46+0.07−0.04,388±25,16.4+0.8−0.5,1,1
TAP 26 b,1.7±0.3,N/A,550±86,N/A,1,1
EPIC 201635569 b,N/A,0.44±0.04,N/A,5.0±0.4,1,1
K2-407 c,0.0076,0.121+0.009−0.008,2.42,1.36+0.10−0.09,2,1
K2-407 b,0.0069,0.114+0.009−0.008,2.19,1.28+0.10−0.09,2,1
Kepler-656 b,N/A,0.278+0.019−0.030,N/A,3.1+0.2−0.3,1,1
KIC 10068024 b,2.0±0.4,N/A,636±127,N/A,1,1
Kepler-1375 b,N/A,0.15+0.06−0.03,N/A,1.7+0.7−0.3,1,1
NGTS-13 b,4.8±0.4,1.14±0.05,1538±140,12.8±0.5,1,1
KMT-2021-BLG-1303 b,0.4±0.2,N/A,121+70−64,N/A,1,1
Kepler-114 c,N/A,0.137±0.008,N/A,1.53±0.09,3,1
Kepler-114 b,N/A,0.115±0.012,N/A,1.29±0.13,3,1
Kepler-114 d,N/A,0.221±0.013,N/A,2.47±0.14,3,1
Kepler-1632 b,N/A,0.22+0.07−0.03,N/A,2.5+0.8−0.3,1,1
TOI-1130 b,N/A,0.326±0.009,N/A,3.65±0.10,2,1
TOI-1130 c,0.97±0.04,1.5+0.3−0.2,310±14,17+3−2,2,1
K2-84 b,N/A,0.21±0.03,N/A,2.4±0.3,2,1
K2-84 c,N/A,0.18±0.03,N/A,2.0±0.3,2,1
TOI-1694 b,0.082±0.007,0.485±0.016,26±2,5.44±0.18,2,1
TOI-1694 c,1.05±0.05,1.230,334±16,13.79,2,1
Kepler-1630 b,N/A,0.195+0.018−0.009,N/A,2.19+0.20−0.10,1,1
OGLE-2017-BLG-1806L b,0.017+0.015−0.009,0.1920,5+5−3,2.15,1,1
Kepler-1373 b,N/A,0.103+0.048−0.017,N/A,1.15+0.54−0.19,1,1
Kepler-293 b,N/A,0.28+0.12−0.03,N/A,3.1+1.3−0.3,2,1
Kepler-293 c,N/A,0.35+0.15−0.06,N/A,3.9+1.7−0.6,2,1
KIC 10024862 b,N/A,0.49+0.20−0.14,N/A,5.5+2.2−1.6,1,1
Kepler-965 b,N/A,0.30+0.05−0.04,N/A,3.4+0.5−0.4,1,1
HAT-P-59 b,1.54±0.07,1.123±0.013,489±21,12.59±0.15,1,1
K2-315 b,N/A,0.085±0.005,N/A,0.95±0.06,1,1
Kepler-1556 b,N/A,0.175+0.036−0.013,N/A,1.96+0.40−0.15,1,1
Kepler-1352 b,N/A,0.079+0.022−0.010,N/A,0.89+0.25−0.11,1,1
PSR J1311-3430 b,12±2,N/A,3814±636,N/A,1,1
Kepler-854 b,N/A,1.5+0.6−0.2,N/A,17+7−2,1,1
Kepler-695 b,N/A,0.82+0.06−0.05,N/A,9.2+0.7−0.6,1,1
K2-395 c,0.0360,0.30+0.03−0.02,11.44,3.4±0.3,2,1
K2-395 b,0.0228,0.232+0.017−0.016,7.25,2.60+0.19−0.18,2,1
HD 130322 b,1.020,N/A,324,N/A,1,1
K2-385 b,0.0094,0.137+0.013−0.011,2.98,1.54+0.15−0.12,1,1
K2-402 b,0.0241,0.239+0.019−0.017,7.66,2.68+0.21−0.19,1,1
HD 93083 b,0.370,N/A,117.6,N/A,1,1
TOI-1408 b,1.7±0.2,1.500,537±64,16.81,1,1
Kepler-108 b,0.31+0.16−0.07,0.58+0.08−0.10,98+51−22,6.6+0.9−1.2,2,2
Kepler-108 c,0.17+0.10−0.09,0.51+0.07−0.09,54+32−30,5.8+0.8−1.0,2,2
WASP-139 b,0.117±0.017,0.80±0.05,37±5,9.0±0.6,1,1
Kepler-488 b,N/A,1.41+0.34−0.14,N/A,15.8+3.8−1.5,1,1
HD 183579 b,0.062+0.013−0.012,0.317+0.013−0.011,20±4,3.55+0.15−0.12,1,1
Kepler-502 b,N/A,0.43+0.13−0.06,N/A,4.8+1.5−0.7,1,1
Qatar-10 b,0.74±0.09,1.54±0.04,234±29,17.3±0.4,1,1
HD 216770 b,0.650,N/A,207,N/A,1,1
NGTS-24 b,0.52+0.12−0.11,1.21±0.06,165+38−35,13.6±0.7,1,1
Kepler-29 b,0.016+0.005−0.004,0.227±0.011,5.0+1.5−1.3,2.54±0.12,2,1
Kepler-29 c,0.014±0.003,0.209+0.011−0.010,4.5±1.1,2.34+0.12−0.11,2,1
TOI-2207 b,0.64±0.12,0.99±0.03,203±38,11.2±0.3,1,1
HD 5583 b,5.8±0.5,N/A,1837±168,N/A,1,1
CoRoT-29 b,0.8±0.2,0.97±0.13,270±64,10.9±1.5,1,1
Kepler-942 b,N/A,0.190+0.021−0.007,N/A,2.13+0.24−0.08,1,1
WASP-75 b,1.07±0.05,1.27±0.05,340±16,14.2±0.5,1,1
HD 6434 b,0.440±0.010,N/A,140±3,N/A,1,1
Kepler-688 b,N/A,0.87+0.16−0.09,N/A,9.8+1.8−1.0,1,1
HD 145934 b,2.3±0.3,N/A,725±83,N/A,1,1
HD 220842 b,3.18±0.15,N/A,1011±48,N/A,1,1
Kepler-1382 b,N/A,0.17+0.04−0.03,N/A,1.9+0.4−0.3,1,1
KOI-1843.03,0.0014+0.0012−0.0005,0.054+0.011−0.007,0.44+0.38−0.16,0.61+0.12−0.08,3,1
Kepler-974 b,N/A,0.140+0.005−0.026,N/A,1.57+0.06−0.29,3,1
KOI-1843.02,N/A,0.071±0.015,N/A,0.80±0.17,3,1
XO-3 b,11.79,1.217,3747,13.64,1,1
Kepler-879 b,N/A,0.23+0.06−0.03,N/A,2.6+0.7−0.3,1,1
K2-376 b,0.0115,0.155±0.011,3.66,1.74±0.12,1,1
Kepler-880 b,N/A,0.24+0.09−0.04,N/A,2.7+1.1−0.4,1,1
EPIC 204221263 b,0.038±0.009,0.138±0.014,12±3,1.55±0.16,2,1
EPIC 204221263 c,0.031±0.014,0.22±0.03,10±4,2.4±0.3,2,1
Kepler-77 b,0.43±0.03,0.960±0.016,137±10,10.76±0.18,1,1
HD 169830 b,2.88,N/A,915,N/A,2,1
HD 169830 c,3.54±0.10,N/A,1125±32,N/A,2,1
HIP 113103 b,0.0126,0.163+0.009−0.006,4.00,1.83+0.10−0.07,2,1
HIP 113103 c,0.0200,0.214+0.009−0.007,6.36,2.40+0.10−0.08,2,1
Gliese 849 b,0.91±0.04,N/A,290±11,N/A,2,1
Gliese 849 c,0.94±0.07,N/A,300±22,N/A,2,1
Kepler-322 c,N/A,0.152±0.016,N/A,1.71±0.18,2,1
Kepler-322 b,N/A,0.092±0.010,N/A,1.03±0.11,2,1
HD 125612 b,3.00,N/A,953,N/A,3,1
HD 125612 c,0.0580,N/A,18.43,N/A,3,1
HD 125612 d,7.20,N/A,2288,N/A,3,1
K2-155 b,N/A,0.161+0.018−0.009,N/A,1.80+0.20−0.10,3,1
K2-155 c,N/A,0.232+0.062−0.018,N/A,2.6+0.7−0.2,3,1
K2-155 d,N/A,0.170+0.062−0.018,N/A,1.9+0.7−0.2,3,1
HD 164509 b,0.480,N/A,152.6,N/A,1,1
WASP-89 b,5.9±0.4,1.04±0.04,1875±127,11.7±0.4,1,1
Kepler-1222 b,N/A,0.070±0.005,N/A,0.78±0.06,1,1
HIP 56640 b,3.67±0.14,N/A,1166±44,N/A,1,1
Kepler-1444 b,N/A,0.194+0.037−0.017,N/A,2.17+0.41−0.19,1,1
Kepler-237 c,N/A,0.190+0.100−0.009,N/A,2.12+1.12−0.10,2,1
Kepler-237 b,N/A,0.13±0.07,N/A,1.4±0.8,2,1
gamma Libra b,1.02±0.14,N/A,324±44,N/A,2,1
gamma Librai c,4.6+0.5−0.4,N/A,1456+143−137,N/A,2,1
TOI-2796 b,0.44+0.10−0.11,1.540,140+32−35,17.26,1,1
Kepler-474 b,N/A,0.27+0.04−0.03,N/A,3.1+0.5−0.4,1,1
HIP 67537 b,11.1±0.6,N/A,3528±191,N/A,1,1
K2-337 b,0.0232,0.234+0.017−0.012,7.37,2.62+0.19−0.13,1,1
Kepler-438 b,N/A,0.100+0.014−0.015,N/A,1.12+0.16−0.17,1,1
Kepler-107 e,N/A,0.31±0.02,N/A,3.5±0.3,4,1
Kepler-107 c,N/A,0.165±0.016,N/A,1.85±0.18,4,1
Kepler-107 b,N/A,0.142±0.005,N/A,1.59±0.06,4,1
Kepler-107 d,N/A,0.098±0.005,N/A,1.09±0.06,4,1
HD 114762 b,10.98,N/A,3490,N/A,1,2
Kepler-1857 b,0.0142,0.1750,4.51,1.962,1,1
Kepler-1415 b,N/A,0.115+0.011−0.007,N/A,1.29+0.12−0.08,1,1
Kepler-1261 b,N/A,0.202±0.012,N/A,2.26±0.13,1,1
Kepler-1097 b,N/A,0.29±0.02,N/A,3.3±0.3,1,1
TOI-203 b,N/A,N/A,N/A,N/A,1,1
Kepler-492 b,N/A,0.86+0.11−0.05,N/A,9.6+1.2−0.6,1,1
HD 12661 b,2.30,N/A,731,N/A,2,1
HD 12661 c,1.570,N/A,499,N/A,2,1
Kepler-1511 b,N/A,0.15+0.06−0.02,N/A,1.7+0.7−0.2,1,1
KMT-2016-BLG-1105L b,0.007+0.023−0.005,0.1180,2.3+7.4−1.6,1.323,1,1
Kepler-103 b,< 0.0944,0.307±0.008,< 29.9938,3.44±0.09,2,1
Kepler-103 c,< 0.2988,0.468±0.013,< 94.9805,5.25±0.14,2,1
K2-352 c,0.0137,0.171+0.012−0.006,4.35,1.92+0.13−0.07,3,1
K2-352 d,0.0176,0.199+0.012−0.008,5.59,2.23+0.13−0.09,3,1
K2-352 b,0.0077,0.122+0.009−0.006,2.45,1.37+0.10−0.07,3,1
HD 134987 b,1.590,N/A,505,N/A,2,1
HD 134987 c,0.820,N/A,261,N/A,2,1
Kepler-510 b,N/A,0.220+0.021−0.011,N/A,2.47+0.24−0.12,1,1
Kepler-1357 b,N/A,0.114+0.018−0.010,N/A,1.28+0.20−0.11,1,1
PSR J1719-1438 b,1.210,< 0.5900,385,< 6.6133,1,1
Kepler-472 b,N/A,0.287+0.012−0.025,N/A,3.22+0.13−0.28,1,1
HD 219139 b,0.78+0.05−0.20,N/A,248+16−64,N/A,1,1
Kepler-935 b,N/A,0.120+0.007−0.006,N/A,1.35+0.08−0.07,1,1
TOI-1136 b,0.0134,0.170+0.019−0.013,4.26,1.91+0.21−0.15,6,1
TOI-1136 g,0.0218,0.226+0.010−0.011,6.93,2.53+0.11−0.12,6,1
TOI-1136 e,0.0235,0.235+0.006−0.008,7.47,2.63+0.07−0.09,6,1
TOI-1136 d,0.0609,0.413+0.007−0.006,19.36,4.63+0.08−0.07,6,1
TOI-1136 f,0.0451,0.346±0.010,14.33,3.88±0.11,6,1
TOI-1136 c,0.0272,0.257+0.005−0.006,8.64,2.88+0.06−0.07,6,1
BD+48 738 b,0.910,N/A,289,N/A,1,1
KOI-55 b,0.0014,0.0680,0.445,0.762,2,1
KOI-55 c,0.0021,0.0780,0.667,0.874,2,1
Kepler-271 b,N/A,0.081±0.015,N/A,0.91±0.16,3,1
Kepler-271 c,N/A,0.091±0.016,N/A,1.02±0.18,3,1
Kepler-271 d,N/A,0.059±0.004,N/A,0.66±0.04,3,1
HR 810 b,2.26,N/A,718,N/A,1,1
TCP J05074264+2447555L b,0.03±0.02,N/A,9±7,N/A,1,1
Kepler-1976 b,N/A,1.043,N/A,11.69,1,1
Kepler-1801 c,0.0277,0.362,8.80,4.06,2,1
Kepler-1801 b,0.0245,0.242,7.79,2.71,2,1
KMT-2021-BLG-1253 b,0.06+0.06−0.03,N/A,19+20−10,N/A,1,1
BD+20 594 b,0.051±0.019,0.199+0.013−0.010,16±6,2.23+0.14−0.11,1,1
HD 11505 b,8+3−2,1.120,2650+893−684,12.55,1,1
Kepler-5 b,2.11±0.06,1.43+0.04−0.05,672+18−19,16.0+0.5−0.6,1,1
TOI-4138 b,0.67±0.03,1.49±0.04,213±10,16.7±0.4,1,1
Gliese 436 b,0.080+0.007−0.006,0.361±0.015,25.4+2.1−2.0,4.05±0.17,3,1
UCF-1.01,N/A,0.059±0.004,N/A,0.66±0.04,3,1
UCF-1.02,N/A,0.058±0.005,N/A,0.65±0.06,3,1
Kepler-28 b,N/A,0.328,N/A,3.68,2,1
Kepler-28 c,N/A,0.310,N/A,3.47,2,1
KELT-15 b,0.9±0.2,1.44+0.11−0.06,289+67−70,16.2+1.2−0.6,1,1
HD 200964 b,1.85+0.14−0.08,N/A,588+44−25,N/A,2,1
HD 200964 c,0.90+0.12−0.06,N/A,284+39−20,N/A,2,1
Kepler-1428 b,N/A,0.146+0.012−0.009,N/A,1.64+0.13−0.10,1,1
HIP 71135 b,0.059±0.013,N/A,19±4,N/A,1,1
TOI-1259 A b,0.44±0.05,1.02±0.03,140±16,11.5±0.3,1,2
WASP-129 b,1.00±0.10,0.93±0.03,318±32,10.4±0.3,1,1
WASP-18 b,10.43,N/A,3315,N/A,2,1
WASP-18 c,0.17±0.04,N/A,55±12,N/A,2,1
OGLE-2013-BLG-1721L b,0.6±0.3,N/A,203+111−99,N/A,1,1
Kepler-1108 b,N/A,0.130+0.012−0.010,N/A,1.46+0.13−0.11,1,1
HD 100777 b,1.160,N/A,369,N/A,1,1
HD 80653 b,0.0176±0.0014,0.144±0.006,5.6±0.4,1.61±0.07,1,1
Kepler-315 b,N/A,0.34±0.07,N/A,3.9±0.8,2,1
Kepler-315 c,N/A,0.38±0.09,N/A,4.2±1.0,2,1
OGLE-2014-BLG-1722L b,0.17+0.16−0.10,N/A,55+51−33,N/A,2,1
OGLE-2014-BLG-1722L c,0.26+0.27−0.16,N/A,84+86−51,N/A,2,1
Kepler-795 b,N/A,0.150+0.016−0.012,N/A,1.68+0.18−0.13,1,1
Kepler-471 b,N/A,1.3+0.5−0.3,N/A,15+5−3,1,1
KOI-188 b,0.25±0.08,0.98±0.02,79±25,11.0±0.2,1,1
Kepler-1105 b,N/A,0.179+0.005−0.022,N/A,2.01+0.06−0.25,1,1
Wolf 359 b,0.14+0.09−0.08,N/A,44+30−24,N/A,2,1
Wolf 359 c,0.012+0.006−0.005,N/A,3.8+1.9−1.6,N/A,2,1
Kepler-340 c,N/A,0.31±0.07,N/A,3.4±0.8,2,1
Kepler-340 b,N/A,0.23±0.05,N/A,2.6±0.6,2,1
TOI-277 b,0.0236,0.236±0.016,7.50,2.65±0.18,1,1
Kepler-79 d,N/A,0.69+0.12−0.03,N/A,7.8+1.4−0.4,4,1
Kepler-79 c,N/A,0.35±0.06,N/A,4.0±0.7,4,1
Kepler-79 b,N/A,0.33±0.06,N/A,3.7±0.7,4,1
Kepler-79 e,N/A,0.31±0.06,N/A,3.4±0.7,4,1
Kepler-1396 b,N/A,0.18+0.07−0.03,N/A,2.1+0.8−0.4,1,1
KMT-2019-BLG-0414L b,5+4−2,1.150,1452+1189−655,12.89,1,1
Kepler-887 b,N/A,0.164+0.024−0.015,N/A,1.84+0.27−0.17,2,1
Kepler-887 c,N/A,0.101+0.015−0.010,N/A,1.13+0.17−0.11,2,1
Ross 458 C,12.50,1.100,3973,12.33,1,2
Pr0211 b,1.88±0.03,N/A,598±10,N/A,2,1
Pr0211 c,7.8±0.3,N/A,2476±105,N/A,2,1
Kepler-401 b,N/A,0.16±0.04,N/A,1.7±0.4,3,1
Kepler-401 c,N/A,0.20±0.04,N/A,2.2±0.4,3,1
Kepler-401 d,N/A,0.20+0.04−0.02,N/A,2.3+0.4−0.3,3,1
Kepler-1001 b,N/A,0.28+0.03−0.04,N/A,3.1+0.3−0.5,2,1
Kepler-1001 c,N/A,0.1410,N/A,1.580,2,1
K2-34 b,1.78±0.13,1.35±0.07,566+43−42,15.1±0.8,1,1
2M1207 b,5±3,N/A,1589±953,N/A,1,1
HD 106270 b,9.8±0.3,N/A,3108±89,N/A,1,1
TOI-5803 b,0.0338,0.292±0.011,10.74,3.27±0.12,1,1
Kepler-1653 b,N/A,0.194+0.014−0.021,N/A,2.17+0.16−0.24,1,1
SWEEPS-4,< 3.8000,0.810,< 1207.7480,9.08,1,1
Kepler-1631 b,N/A,0.120+0.018−0.013,N/A,1.35+0.20−0.15,1,1
HD 26161 b,0.043+0.027−0.012,N/A,14+8−4,N/A,1,1
TOI-4562 b,2.3±0.5,1.118+0.014−0.013,731+153−149,12.53+0.16−0.15,1,1
Kepler-1029 b,N/A,0.112+0.007−0.006,N/A,1.26+0.08−0.07,1,1
KMT-2021-BLG-0171L b,0.035+0.017−0.014,N/A,11±5,N/A,1,1
Kepler-1537 b,N/A,0.105+0.005−0.008,N/A,1.18+0.06−0.09,1,1
Kepler-958 b,N/A,0.184+0.009−0.007,N/A,2.06+0.10−0.08,1,1
Kepler-517 b,N/A,0.24+0.03−0.02,N/A,2.7+0.3−0.2,1,1
tau Gem b,20.6,N/A,6547,N/A,1,2
K2-212 b,N/A,0.213+0.013−0.008,N/A,2.39+0.14−0.09,1,1
Kepler-1994 b,2.70 ·10-4,0.0560,0.0858,0.628,1,1
Kepler-519 b,N/A,0.187+0.005−0.004,N/A,2.10+0.06−0.04,1,1
Kepler-10 b,0.0102±0.0009,0.1340+0.0027−0.0018,3.2±0.3,1.50+0.03−0.02,3,1
Kepler-10 c,0.023±0.004,0.214+0.008−0.004,7.4+1.3−1.2,2.40+0.09−0.04,3,1
KOI-72.X,0.019+0.005−0.003,N/A,5.9+1.7−1.0,N/A,3,1
OGLE-2015-BLG-1670L b,0.06±0.03,N/A,18+10−9,N/A,1,1
HD 159243 b,1.13±0.05,N/A,359±16,N/A,2,1
HD 159243 c,1.90±0.13,N/A,604±41,N/A,2,1
K2-131 b,N/A,0.157+0.020−0.012,N/A,1.76+0.22−0.13,1,1
HD 162020 b,14.40,N/A,4577,N/A,1,1
K2-226 b,N/A,0.133+0.016−0.010,N/A,1.49+0.18−0.11,1,1
WASP-44 b,0.87±0.06,1.10±0.08,277±20,12.3±0.9,1,1
Kepler-130 c,N/A,0.256±0.008,N/A,2.87±0.09,3,1
Kepler-130 b,N/A,0.093±0.004,N/A,1.04±0.04,3,1
Kepler-130 d,N/A,0.149±0.015,N/A,1.68±0.16,3,1
AU Mic b,0.1800,0.375±0.018,57.2,4.2±0.2,1,1
TOI-4137 b,1.01±0.17,1.21±0.04,321±54,13.6±0.4,1,1
Kepler-606 b,N/A,0.29+0.11−0.04,N/A,3.3+1.3−0.5,1,1
Kepler-1418 b,N/A,0.148+0.007−0.012,N/A,1.66+0.08−0.13,1,1
PSR J2322-2650 b,0.7949±0.0002,N/A,252.64±0.06,N/A,1,1
K2-187 d,N/A,0.29+0.05−0.02,N/A,3.2+0.5−0.2,4,1
K2-187 e,N/A,0.202+0.020−0.012,N/A,2.26+0.22−0.13,4,1
K2-187 c,N/A,0.152+0.022−0.010,N/A,1.70+0.25−0.11,4,1
K2-187 b,N/A,0.123+0.014−0.008,N/A,1.38+0.16−0.09,4,1
Kepler-1385 b,N/A,0.076+0.018−0.012,N/A,0.85+0.20−0.13,1,1
EPIC 201629650 b,N/A,0.17±0.09,N/A,2.0±1.0,1,2
HIP 9618 b,0.031±0.010,0.348±0.004,10±3,3.90±0.04,2,1
HIP 9618 c,0.058±0.005,0.298±0.003,18.3±1.7,3.34±0.03,2,1
HD 4917 b,1.61±0.09,N/A,513±29,N/A,1,1
MOA-2011-BLG-293L b,4.8±0.3,N/A,1526±95,N/A,1,1
HIP 5158 b,1.440,N/A,458,N/A,2,1
HIP 5158 c,15.04,N/A,4780,N/A,2,1
Kepler-983 b,N/A,0.211+0.006−0.016,N/A,2.37+0.07−0.18,1,1
CoRoT-14 b,7.60,1.090,2415,12.22,1,1
Kepler-1397 b,N/A,0.153+0.017−0.012,N/A,1.71+0.19−0.13,1,1
HAT-P-32 b,0.941,2.04,299,22.8,1,2
OGLE-2013-BLG-0723L B b,0.0022±0.0002,N/A,0.70±0.06,N/A,1,2
K2-63 b,N/A,0.29±0.09,N/A,3.2±1.0,2,1
K2-63 c,N/A,0.35±0.11,N/A,3.9±1.2,2,1
Wendelstein-1 b,0.59+0.17−0.13,1.031±0.006,188+52−41,11.56±0.07,1,1
OGLE-2016-BLG-0263L b,4+6−2,N/A,1303+2066−795,N/A,1,1
Kepler-1705 b,0.0141+0.0015−0.0014,0.181+0.011−0.013,4.5+0.5−0.4,2.03+0.12−0.14,2,1
Kepler-1705 c,0.0170+0.0019−0.0018,0.183±0.013,5.4±0.6,2.05±0.15,2,1
TOI-2236 b,1.6±0.4,1.28±0.03,502±127,14.4±0.4,1,1
K2-389 b,0.0170,0.195+0.011−0.010,5.40,2.19+0.12−0.11,2,1
K2-389 c,0.0152,0.182+0.013−0.012,4.83,2.04+0.15−0.13,2,1
HD 233604 b,6.58,N/A,2090,N/A,1,1
Kepler-589 b,0.0182,0.203+0.016−0.011,5.78,2.28+0.18−0.12,2,1
Kepler-589 c,0.0046,0.1000,1.446,1.121,2,1
Kepler-254 b,N/A,0.35+0.17−0.08,N/A,4.0+1.9−0.9,3,1
Kepler-254 c,N/A,0.196+0.094−0.003,N/A,2.20+1.05−0.03,3,1
Kepler-254 d,N/A,0.228+0.108−0.017,N/A,2.55+1.22−0.19,3,1
HD 181342 b,3.30,N/A,1049,N/A,1,1
KELT-11 b,0.195±0.019,1.37+0.18−0.12,62±6,15.4+2.0−1.3,1,1
Kepler-407 b,< 0.0101,0.0975±0.0018,< 3.1993,1.09±0.02,2,1
Kepler-407 c,13±6,N/A,3999±2000,N/A,2,1
Kepler-888 b,N/A,0.157+0.007−0.005,N/A,1.76+0.08−0.06,1,1
Kepler-1575 b,N/A,0.117+0.018−0.012,N/A,1.31+0.20−0.13,1,1
Kepler-1843 b,0.0245,0.242,7.79,2.71,1,1
HD 2039 b,4.90,N/A,1557,N/A,1,1
HD 181720 b,0.370,N/A,117.6,N/A,1,1
EPIC 201736247 b,N/A,0.23±0.03,N/A,2.6±0.3,1,1
HIP 109600 b,2.68±0.12,N/A,852±38,N/A,1,1
Kepler-1776 b,0.0230,0.233,7.31,2.61,1,1
Kepler-1715 b,0.0504,0.369,16.02,4.14,1,1
Kepler-1557 b,N/A,0.136+0.045−0.019,N/A,1.5+0.5−0.2,1,1
Kepler-680 b,N/A,0.22+0.07−0.02,N/A,2.4+0.8−0.2,1,1
Kepler-1643 b,N/A,0.205+0.022−0.013,N/A,2.30+0.25−0.15,1,1
EPIC 201549860 b,N/A,0.172+0.012−0.010,N/A,1.93+0.13−0.11,2,2
EPIC 201549860 c,N/A,0.118±0.007,N/A,1.32±0.08,2,2
Kepler-392 b,N/A,0.091±0.019,N/A,1.0±0.2,2,1
Kepler-392 c,N/A,0.10±0.02,N/A,1.1±0.2,2,1
HD 62509 b,2.90,N/A,922,N/A,1,1
HD 195019 A b,3.70,N/A,1176,N/A,1,2
K2-365 b,0.0276,0.259+0.017−0.016,8.77,2.90+0.19−0.18,1,1
PH-1 A(ab) b,N/A,0.563,N/A,6.31,1,4
TOI-712 b,0.018+0.006−0.004,0.183+0.011−0.007,5.6+1.9−1.3,2.05+0.12−0.08,3,1
TOI-712 c,0.027+0.010−0.006,0.241+0.008−0.007,8.7+3.1−1.9,2.70+0.09−0.08,3,1
TOI-712 d,0.024+0.009−0.005,0.221+0.008−0.007,7.5+2.7−1.7,2.47+0.09−0.08,3,1
Kepler-359 c,N/A,0.39±0.18,N/A,4±2,3,1
Kepler-359 b,N/A,0.32+0.15−0.06,N/A,3.6+1.7−0.7,3,1
Kepler-359 d,N/A,0.37+0.17−0.08,N/A,4.1+2.0−0.9,3,1
HD 75784 b,1.00±0.14,N/A,318±44,N/A,2,1
HD 75784 c,5.6±0.7,N/A,1793±229,N/A,2,1
iota Draconis b,8.82,N/A,2803,N/A,1,1
K2-130 b,N/A,0.095+0.011−0.008,N/A,1.06+0.12−0.09,1,1
HD 7449 b,1.09+0.52−0.19,N/A,346+165−60,N/A,2,2
HD 7449 c,2.0+0.4−0.5,N/A,636+114−172,N/A,2,2
KMT-2021-BLG-0119L b,6+3−2,1.140,1754+992−763,12.78,1,1
Kepler-1174 b,N/A,0.142+0.028−0.014,N/A,1.59+0.31−0.16,1,1
Kepler-1682 b,N/A,0.258,N/A,2.89,1,1
